1,0.01,20,349
2,0.01,20,51
1,0.01,20,313
2,0.01,20,74
1,0.01,20,305
2,0.01,20,17
1,0.01,20,1000
2,0.01,20,685
1,0.01,20,913
2,0.01,20,181
1,0.01,20,676
2,0.01,20,95
1,0.01,20,177
2,0.01,20,15
1,0.01,20,367
2,0.01,20,50
1,0.01,20,732
2,0.01,20,199
1,0.01,20,337
2,0.01,20,24
1,0.01,20,1000
2,0.01,20,823
1,0.01,20,925
2,0.01,20,187
1,0.01,20,284
2,0.01,20,43
1,0.01,20,686
2,0.01,20,191
1,0.01,20,456
2,0.01,20,21
1,0.01,20,721
2,0.01,20,127
1,0.01,20,585
2,0.01,20,146
1,0.01,20,743
2,0.01,20,181
1,0.01,20,920
2,0.01,20,714
1,0.01,20,777
2,0.01,20,119
1,0.01,20,835
2,0.01,20,162
1,0.01,20,301
2,0.01,20,39
1,0.01,20,483
2,0.01,20,16
1,0.01,20,426
2,0.01,20,84
1,0.01,20,792
2,0.01,20,337
1,0.01,20,628
2,0.01,20,26
1,0.01,20,294
2,0.01,20,44
1,0.01,20,437
2,0.01,20,60
1,0.01,20,772
2,0.01,20,228
1,0.01,20,320
2,0.01,20,63
1,0.01,20,606
2,0.01,20,382
1,0.01,20,710
2,0.01,20,109
1,0.01,20,234
2,0.01,20,19
1,0.01,20,591
2,0.01,20,111
1,0.01,20,888
2,0.01,20,371
1,0.01,20,877
2,0.01,20,419
1,0.01,20,349
2,0.01,20,54
1,0.01,20,687
2,0.01,20,264
1,0.01,20,289
2,0.01,20,26
1,0.01,20,898
2,0.01,20,180
1,0.01,20,586
2,0.01,20,54
1,0.01,20,644
2,0.01,20,35
1,0.01,20,898
2,0.01,20,329
1,0.01,20,479
2,0.01,20,105
1,0.01,20,746
2,0.01,20,42
1,0.01,20,738
2,0.01,20,225
1,0.01,20,862
2,0.01,20,482
1,0.01,20,415
2,0.01,20,95
1,0.01,20,497
2,0.01,20,77
1,0.01,20,346
2,0.01,20,20
1,0.01,20,798
2,0.01,20,297
1,0.01,20,714
2,0.01,20,140
1,0.01,20,483
2,0.01,20,60
1,0.01,20,462
2,0.01,20,61
1,0.01,20,711
2,0.01,20,78
1,0.01,20,440
2,0.01,20,66
1,0.01,20,998
2,0.01,20,541
1,0.01,20,254
2,0.01,20,22
1,0.01,20,407
2,0.01,20,66
1,0.01,20,205
2,0.01,20,2
1,0.01,20,644
2,0.01,20,38
1,0.01,20,530
2,0.01,20,31
1,0.01,20,454
2,0.01,20,64
1,0.01,20,462
2,0.01,20,63
1,0.01,20,895
2,0.01,20,309
1,0.01,20,700
2,0.01,20,82
1,0.01,20,212
2,0.01,20,10
1,0.01,20,866
2,0.01,20,170
1,0.01,20,638
2,0.01,20,32
1,0.01,20,600
2,0.01,20,113
1,0.01,20,999
2,0.01,20,732
1,0.01,20,465
2,0.01,20,32
1,0.01,20,736
2,0.01,20,188
1,0.01,20,748
2,0.01,20,163
1,0.01,20,547
2,0.01,20,70
1,0.01,20,716
2,0.01,20,79
1,0.01,20,237
2,0.01,20,6
1,0.01,20,722
2,0.01,20,178
1,0.01,20,325
2,0.01,20,10
1,0.01,20,786
2,0.01,20,319
1,0.01,20,355
2,0.01,20,33
1,0.01,20,430
2,0.01,20,47
1,0.01,20,483
2,0.01,20,19
1,0.01,20,251
2,0.01,20,43
1,0.01,20,630
2,0.01,20,66
1,0.01,20,987
2,0.01,20,259
1,0.01,20,886
2,0.01,20,83
1,0.01,20,252
2,0.01,20,0
1,0.01,20,599
2,0.01,20,183
1,0.01,20,772
2,0.01,20,250
1,0.01,20,549
2,0.01,20,157
1,0.01,20,494
2,0.01,20,29
1,0.01,20,873
2,0.01,20,256
1,0.01,20,125
2,0.01,20,4
1,0.01,20,405
2,0.01,20,45
1,0.01,20,434
2,0.01,20,58
1,0.01,20,337
2,0.01,20,10
1,0.01,20,458
2,0.01,20,209
1,0.01,20,504
2,0.01,20,58
1,0.01,20,419
2,0.01,20,37
1,0.01,24,621
2,0.01,24,106
1,0.01,24,892
2,0.01,24,217
1,0.01,24,664
2,0.01,24,50
1,0.01,24,999
2,0.01,24,887
1,0.01,24,976
2,0.01,24,138
1,0.01,24,840
2,0.01,24,35
1,0.01,24,844
2,0.01,24,196
1,0.01,24,365
2,0.01,24,4
1,0.01,24,724
2,0.01,24,46
1,0.01,24,687
2,0.01,24,96
1,0.01,24,1000
2,0.01,24,576
1,0.01,24,978
2,0.01,24,218
1,0.01,24,786
2,0.01,24,71
1,0.01,24,722
2,0.01,24,171
1,0.01,24,902
2,0.01,24,45
1,0.01,24,532
2,0.01,24,11
1,0.01,24,760
2,0.01,24,186
1,0.01,24,970
2,0.01,24,273
1,0.01,24,918
2,0.01,24,191
1,0.01,24,922
2,0.01,24,57
1,0.01,24,1000
2,0.01,24,554
1,0.01,24,539
2,0.01,24,26
1,0.01,24,657
2,0.01,24,15
1,0.01,24,638
2,0.01,24,147
1,0.01,24,751
2,0.01,24,81
1,0.01,24,827
2,0.01,24,15
1,0.01,24,491
2,0.01,24,35
1,0.01,24,673
2,0.01,24,174
1,0.01,24,831
2,0.01,24,206
1,0.01,24,450
2,0.01,24,63
1,0.01,24,779
2,0.01,24,378
1,0.01,24,784
2,0.01,24,26
1,0.01,24,741
2,0.01,24,31
1,0.01,24,660
2,0.01,24,70
1,0.01,24,846
2,0.01,24,147
1,0.01,24,817
2,0.01,24,186
1,0.01,24,590
2,0.01,24,49
1,0.01,24,769
2,0.01,24,134
1,0.01,24,356
2,0.01,24,19
1,0.01,24,948
2,0.01,24,89
1,0.01,24,736
2,0.01,24,30
1,0.01,24,947
2,0.01,24,52
1,0.01,24,942
2,0.01,24,96
1,0.01,24,632
2,0.01,24,48
1,0.01,24,898
2,0.01,24,42
1,0.01,24,249
2,0.01,24,1
1,0.01,24,459
2,0.01,24,72
1,0.01,24,387
2,0.01,24,26
1,0.01,24,951
2,0.01,24,348
1,0.01,24,630
2,0.01,24,40
1,0.01,24,871
2,0.01,24,116
1,0.01,24,938
2,0.01,24,225
1,0.01,24,801
2,0.01,24,91
1,0.01,24,506
2,0.01,24,11
1,0.01,24,870
2,0.01,24,72
1,0.01,24,349
2,0.01,24,9
1,0.01,24,1000
2,0.01,24,852
1,0.01,24,860
2,0.01,24,155
1,0.01,24,494
2,0.01,24,28
1,0.01,24,932
2,0.01,24,4
1,0.01,24,731
2,0.01,24,88
1,0.01,24,636
2,0.01,24,14
1,0.01,24,938
2,0.01,24,170
1,0.01,24,430
2,0.01,24,16
1,0.01,24,948
2,0.01,24,288
1,0.01,24,869
2,0.01,24,62
1,0.01,24,723
2,0.01,24,76
1,0.01,24,1000
2,0.01,24,617
1,0.01,24,996
2,0.01,24,236
1,0.01,24,942
2,0.01,24,240
1,0.01,24,1000
2,0.01,24,181
1,0.01,24,822
2,0.01,24,33
1,0.01,24,757
2,0.01,24,34
1,0.01,24,838
2,0.01,24,49
1,0.01,24,728
2,0.01,24,38
1,0.01,24,761
2,0.01,24,14
1,0.01,24,970
2,0.01,24,133
1,0.01,24,948
2,0.01,24,226
1,0.01,24,643
2,0.01,24,27
1,0.01,24,699
2,0.01,24,166
1,0.01,24,453
2,0.01,24,17
1,0.01,24,828
2,0.01,24,118
1,0.01,24,612
2,0.01,24,9
1,0.01,24,507
2,0.01,24,55
1,0.01,24,861
2,0.01,24,41
1,0.01,24,970
2,0.01,24,58
1,0.01,24,1000
2,0.01,24,687
1,0.01,24,982
2,0.01,24,95
1,0.01,24,864
2,0.01,24,122
1,0.01,24,474
2,0.01,24,31
1,0.01,24,425
2,0.01,24,21
1,0.01,24,535
2,0.01,24,3
1,0.01,24,916
2,0.01,24,135
1,0.01,24,278
2,0.01,24,3
1,0.01,24,713
2,0.01,24,31
1,0.01,24,539
2,0.01,24,115
1,0.01,24,517
2,0.01,24,6
1,0.01,24,325
2,0.01,24,76
1,0.01,24,567
2,0.01,24,42
1,0.01,24,531
2,0.01,24,24
1,0.01,28,491
2,0.01,28,22
1,0.01,28,917
2,0.01,28,134
1,0.01,28,730
2,0.01,28,48
1,0.01,28,1000
2,0.01,28,359
1,0.01,28,1000
2,0.01,28,192
1,0.01,28,897
2,0.01,28,17
1,0.01,28,970
2,0.01,28,57
1,0.01,28,879
2,0.01,28,6
1,0.01,28,995
2,0.01,28,174
1,0.01,28,831
2,0.01,28,22
1,0.01,28,1000
2,0.01,28,191
1,0.01,28,1000
2,0.01,28,174
1,0.01,28,814
2,0.01,28,29
1,0.01,28,809
2,0.01,28,60
1,0.01,28,1000
2,0.01,28,66
1,0.01,28,958
2,0.01,28,44
1,0.01,28,954
2,0.01,28,221
1,0.01,28,836
2,0.01,28,1
1,0.01,28,992
2,0.01,28,222
1,0.01,28,999
2,0.01,28,26
1,0.01,28,1000
2,0.01,28,656
1,0.01,28,961
2,0.01,28,67
1,0.01,28,945
2,0.01,28,12
1,0.01,28,640
2,0.01,28,73
1,0.01,28,943
2,0.01,28,250
1,0.01,28,1000
2,0.01,28,137
1,0.01,28,647
2,0.01,28,15
1,0.01,28,687
2,0.01,28,84
1,0.01,28,790
2,0.01,28,69
1,0.01,28,656
2,0.01,28,146
1,0.01,28,679
2,0.01,28,46
1,0.01,28,973
2,0.01,28,13
1,0.01,28,775
2,0.01,28,3
1,0.01,28,988
2,0.01,28,179
1,0.01,28,900
2,0.01,28,60
1,0.01,28,985
2,0.01,28,331
1,0.01,28,652
2,0.01,28,10
1,0.01,28,831
2,0.01,28,70
1,0.01,28,615
2,0.01,28,10
1,0.01,28,993
2,0.01,28,37
1,0.01,28,970
2,0.01,28,15
1,0.01,28,1000
2,0.01,28,130
1,0.01,28,978
2,0.01,28,25
1,0.01,28,949
2,0.01,28,387
1,0.01,28,1000
2,0.01,28,212
1,0.01,28,984
2,0.01,28,243
1,0.01,28,817
2,0.01,28,123
1,0.01,28,648
2,0.01,28,25
1,0.01,28,987
2,0.01,28,123
1,0.01,28,957
2,0.01,28,81
1,0.01,28,996
2,0.01,28,157
1,0.01,28,977
2,0.01,28,109
1,0.01,28,915
2,0.01,28,28
1,0.01,28,968
2,0.01,28,135
1,0.01,28,991
2,0.01,28,449
1,0.01,28,922
2,0.01,28,27
1,0.01,28,1000
2,0.01,28,37
1,0.01,28,888
2,0.01,28,44
1,0.01,28,918
2,0.01,28,122
1,0.01,28,998
2,0.01,28,1
1,0.01,28,798
2,0.01,28,65
1,0.01,28,669
2,0.01,28,2
1,0.01,28,998
2,0.01,28,177
1,0.01,28,615
2,0.01,28,16
1,0.01,28,882
2,0.01,28,80
1,0.01,28,1000
2,0.01,28,206
1,0.01,28,904
2,0.01,28,11
1,0.01,28,1000
2,0.01,28,371
1,0.01,28,1000
2,0.01,28,84
1,0.01,28,939
2,0.01,28,63
1,0.01,28,1000
2,0.01,28,481
1,0.01,28,955
2,0.01,28,39
1,0.01,28,1000
2,0.01,28,182
1,0.01,28,973
2,0.01,28,28
1,0.01,28,968
2,0.01,28,37
1,0.01,28,999
2,0.01,28,71
1,0.01,28,989
2,0.01,28,14
1,0.01,28,1000
2,0.01,28,314
1,0.01,28,985
2,0.01,28,35
1,0.01,28,375
2,0.01,28,16
1,0.01,28,736
2,0.01,28,21
1,0.01,28,994
2,0.01,28,138
1,0.01,28,950
2,0.01,28,33
1,0.01,28,878
2,0.01,28,35
1,0.01,28,912
2,0.01,28,10
1,0.01,28,941
2,0.01,28,0
1,0.01,28,1000
2,0.01,28,104
1,0.01,28,912
2,0.01,28,0
1,0.01,28,818
2,0.01,28,36
1,0.01,28,852
2,0.01,28,49
1,0.01,28,651
2,0.01,28,90
1,0.01,28,999
2,0.01,28,72
1,0.01,28,989
2,0.01,28,75
1,0.01,28,702
2,0.01,28,4
1,0.01,28,887
2,0.01,28,20
1,0.01,28,880
2,0.01,28,309
1,0.01,28,936
2,0.01,28,3
1,0.01,28,223
2,0.01,28,15
1,0.01,28,962
2,0.01,28,117
1,0.01,28,883
2,0.01,28,17
1,0.01,32,556
2,0.01,32,66
1,0.01,32,763
2,0.01,32,61
1,0.01,32,992
2,0.01,32,45
1,0.01,32,1000
2,0.01,32,14
1,0.01,32,1000
2,0.01,32,290
1,0.01,32,984
2,0.01,32,12
1,0.01,32,1000
2,0.01,32,19
1,0.01,32,965
2,0.01,32,1
1,0.01,32,1000
2,0.01,32,33
1,0.01,32,891
2,0.01,32,16
1,0.01,32,1000
2,0.01,32,48
1,0.01,32,1000
2,0.01,32,2
1,0.01,32,1000
2,0.01,32,4
1,0.01,32,984
2,0.01,32,69
1,0.01,32,1000
2,0.01,32,24
1,0.01,32,992
2,0.01,32,6
1,0.01,32,977
2,0.01,32,67
1,0.01,32,999
2,0.01,32,0
1,0.01,32,993
2,0.01,32,20
1,0.01,32,1000
2,0.01,32,16
1,0.01,32,1000
2,0.01,32,20
1,0.01,32,992
2,0.01,32,28
1,0.01,32,992
2,0.01,32,3
1,0.01,32,392
2,0.01,32,26
1,0.01,32,954
2,0.01,32,89
1,0.01,32,1000
2,0.01,32,116
1,0.01,32,941
2,0.01,32,1
1,0.01,32,762
2,0.01,32,62
1,0.01,32,864
2,0.01,32,47
1,0.01,32,442
2,0.01,32,82
1,0.01,32,866
2,0.01,32,140
1,0.01,32,998
2,0.01,32,0
1,0.01,32,994
2,0.01,32,0
1,0.01,32,997
2,0.01,32,48
1,0.01,32,992
2,0.01,32,35
1,0.01,32,958
2,0.01,32,48
1,0.01,32,905
2,0.01,32,3
1,0.01,32,781
2,0.01,32,16
1,0.01,32,813
2,0.01,32,13
1,0.01,32,1000
2,0.01,32,29
1,0.01,32,1000
2,0.01,32,22
1,0.01,32,1000
2,0.01,32,5
1,0.01,32,998
2,0.01,32,6
1,0.01,32,986
2,0.01,32,252
1,0.01,32,1000
2,0.01,32,5
1,0.01,32,998
2,0.01,32,17
1,0.01,32,600
2,0.01,32,46
1,0.01,32,983
2,0.01,32,31
1,0.01,32,981
2,0.01,32,16
1,0.01,32,991
2,0.01,32,3
1,0.01,32,990
2,0.01,32,0
1,0.01,32,985
2,0.01,32,63
1,0.01,32,965
2,0.01,32,4
1,0.01,32,995
2,0.01,32,11
1,0.01,32,996
2,0.01,32,34
1,0.01,32,943
2,0.01,32,5
1,0.01,32,1000
2,0.01,32,59
1,0.01,32,999
2,0.01,32,96
1,0.01,32,930
2,0.01,32,10
1,0.01,32,1000
2,0.01,32,0
1,0.01,32,742
2,0.01,32,5
1,0.01,32,987
2,0.01,32,6
1,0.01,32,1000
2,0.01,32,478
1,0.01,32,996
2,0.01,32,202
1,0.01,32,953
2,0.01,32,85
1,0.01,32,1000
2,0.01,32,4
1,0.01,32,939
2,0.01,32,0
1,0.01,32,1000
2,0.01,32,199
1,0.01,32,1000
2,0.01,32,1
1,0.01,32,973
2,0.01,32,47
1,0.01,32,1000
2,0.01,32,129
1,0.01,32,995
2,0.01,32,1
1,0.01,32,1000
2,0.01,32,42
1,0.01,32,1000
2,0.01,32,9
1,0.01,32,1000
2,0.01,32,89
1,0.01,32,1000
2,0.01,32,1
1,0.01,32,1000
2,0.01,32,3
1,0.01,32,1000
2,0.01,32,61
1,0.01,32,998
2,0.01,32,5
1,0.01,32,481
2,0.01,32,40
1,0.01,32,965
2,0.01,32,14
1,0.01,32,1000
2,0.01,32,33
1,0.01,32,965
2,0.01,32,10
1,0.01,32,996
2,0.01,32,72
1,0.01,32,1000
2,0.01,32,2
1,0.01,32,995
2,0.01,32,13
1,0.01,32,1000
2,0.01,32,0
1,0.01,32,999
2,0.01,32,0
1,0.01,32,893
2,0.01,32,28
1,0.01,32,988
2,0.01,32,112
1,0.01,32,571
2,0.01,32,33
1,0.01,32,998
2,0.01,32,3
1,0.01,32,996
2,0.01,32,18
1,0.01,32,977
2,0.01,32,1
1,0.01,32,937
2,0.01,32,0
1,0.01,32,853
2,0.01,32,73
1,0.01,32,999
2,0.01,32,15
1,0.01,32,292
2,0.01,32,45
1,0.01,32,958
2,0.01,32,40
1,0.01,32,1000
2,0.01,32,12
1,0.01,36,479
2,0.01,36,131
1,0.01,36,718
2,0.01,36,54
1,0.01,36,1000
2,0.01,36,3
1,0.01,36,1000
2,0.01,36,0
1,0.01,36,1000
2,0.01,36,42
1,0.01,36,1000
2,0.01,36,1
1,0.01,36,1000
2,0.01,36,0
1,0.01,36,996
2,0.01,36,0
1,0.01,36,999
2,0.01,36,4
1,0.01,36,1000
2,0.01,36,15
1,0.01,36,1000
2,0.01,36,0
1,0.01,36,1000
2,0.01,36,0
1,0.01,36,1000
2,0.01,36,2
1,0.01,36,989
2,0.01,36,1
1,0.01,36,1000
2,0.01,36,0
1,0.01,36,1000
2,0.01,36,26
1,0.01,36,1000
2,0.01,36,0
1,0.01,36,1000
2,0.01,36,0
1,0.01,36,1000
2,0.01,36,0
1,0.01,36,1000
2,0.01,36,1
1,0.01,36,1000
2,0.01,36,1
1,0.01,36,1000
2,0.01,36,0
1,0.01,36,1000
2,0.01,36,0
1,0.01,36,381
2,0.01,36,80
1,0.01,36,990
2,0.01,36,3
1,0.01,36,1000
2,0.01,36,7
1,0.01,36,999
2,0.01,36,0
1,0.01,36,990
2,0.01,36,44
1,0.01,36,999
2,0.01,36,0
1,0.01,36,149
2,0.01,36,29
1,0.01,36,997
2,0.01,36,15
1,0.01,36,1000
2,0.01,36,0
1,0.01,36,1000
2,0.01,36,0
1,0.01,36,1000
2,0.01,36,0
1,0.01,36,1000
2,0.01,36,0
1,0.01,36,996
2,0.01,36,2
1,0.01,36,1000
2,0.01,36,0
1,0.01,36,999
2,0.01,36,11
1,0.01,36,997
2,0.01,36,0
1,0.01,36,1000
2,0.01,36,0
1,0.01,36,1000
2,0.01,36,0
1,0.01,36,1000
2,0.01,36,0
1,0.01,36,1000
2,0.01,36,3
1,0.01,36,1000
2,0.01,36,0
1,0.01,36,1000
2,0.01,36,0
1,0.01,36,1000
2,0.01,36,0
1,0.01,36,812
2,0.01,36,105
1,0.01,36,1000
2,0.01,36,7
1,0.01,36,1000
2,0.01,36,2
1,0.01,36,1000
2,0.01,36,1
1,0.01,36,1000
2,0.01,36,0
1,0.01,36,991
2,0.01,36,0
1,0.01,36,1000
2,0.01,36,7
1,0.01,36,1000
2,0.01,36,20
1,0.01,36,1000
2,0.01,36,0
1,0.01,36,1000
2,0.01,36,0
1,0.01,36,1000
2,0.01,36,0
1,0.01,36,1000
2,0.01,36,3
1,0.01,36,1000
2,0.01,36,0
1,0.01,36,1000
2,0.01,36,0
1,0.01,36,1000
2,0.01,36,11
1,0.01,36,1000
2,0.01,36,0
1,0.01,36,1000
2,0.01,36,0
1,0.01,36,1000
2,0.01,36,34
1,0.01,36,986
2,0.01,36,20
1,0.01,36,1000
2,0.01,36,7
1,0.01,36,1000
2,0.01,36,0
1,0.01,36,1000
2,0.01,36,1
1,0.01,36,1000
2,0.01,36,7
1,0.01,36,1000
2,0.01,36,22
1,0.01,36,1000
2,0.01,36,1
1,0.01,36,1000
2,0.01,36,0
1,0.01,36,1000
2,0.01,36,2
1,0.01,36,1000
2,0.01,36,0
1,0.01,36,1000
2,0.01,36,0
1,0.01,36,1000
2,0.01,36,0
1,0.01,36,1000
2,0.01,36,0
1,0.01,36,1000
2,0.01,36,7
1,0.01,36,1000
2,0.01,36,0
1,0.01,36,709
2,0.01,36,71
1,0.01,36,998
2,0.01,36,0
1,0.01,36,1000
2,0.01,36,0
1,0.01,36,1000
2,0.01,36,0
1,0.01,36,994
2,0.01,36,2
1,0.01,36,1000
2,0.01,36,0
1,0.01,36,1000
2,0.01,36,0
1,0.01,36,1000
2,0.01,36,0
1,0.01,36,1000
2,0.01,36,0
1,0.01,36,992
2,0.01,36,0
1,0.01,36,995
2,0.01,36,1
1,0.01,36,904
2,0.01,36,126
1,0.01,36,999
2,0.01,36,0
1,0.01,36,1000
2,0.01,36,1
1,0.01,36,999
2,0.01,36,0
1,0.01,36,1000
2,0.01,36,0
1,0.01,36,848
2,0.01,36,23
1,0.01,36,1000
2,0.01,36,0
1,0.01,36,893
2,0.01,36,226
1,0.01,36,999
2,0.01,36,8
1,0.01,36,1000
2,0.01,36,0
1,0.025,20,345
2,0.025,20,79
1,0.025,20,123
2,0.025,20,54
1,0.025,20,534
2,0.025,20,145
1,0.025,20,841
2,0.025,20,477
1,0.025,20,847
2,0.025,20,381
1,0.025,20,342
2,0.025,20,88
1,0.025,20,206
2,0.025,20,31
1,0.025,20,338
2,0.025,20,59
1,0.025,20,280
2,0.025,20,83
1,0.025,20,163
2,0.025,20,12
1,0.025,20,1000
2,0.025,20,957
1,0.025,20,708
2,0.025,20,204
1,0.025,20,354
2,0.025,20,55
1,0.025,20,521
2,0.025,20,170
1,0.025,20,152
2,0.025,20,25
1,0.025,20,335
2,0.025,20,102
1,0.025,20,376
2,0.025,20,89
1,0.025,20,484
2,0.025,20,197
1,0.025,20,747
2,0.025,20,575
1,0.025,20,412
2,0.025,20,203
1,0.025,20,596
2,0.025,20,121
1,0.025,20,159
2,0.025,20,17
1,0.025,20,431
2,0.025,20,111
1,0.025,20,651
2,0.025,20,230
1,0.025,20,628
2,0.025,20,289
1,0.025,20,329
2,0.025,20,53
1,0.025,20,281
2,0.025,20,50
1,0.025,20,321
2,0.025,20,53
1,0.025,20,524
2,0.025,20,166
1,0.025,20,478
2,0.025,20,115
1,0.025,20,917
2,0.025,20,301
1,0.025,20,544
2,0.025,20,183
1,0.025,20,277
2,0.025,20,61
1,0.025,20,424
2,0.025,20,105
1,0.025,20,508
2,0.025,20,153
1,0.025,20,854
2,0.025,20,617
1,0.025,20,240
2,0.025,20,54
1,0.025,20,434
2,0.025,20,220
1,0.025,20,302
2,0.025,20,91
1,0.025,20,647
2,0.025,20,188
1,0.025,20,224
2,0.025,20,39
1,0.025,20,380
2,0.025,20,56
1,0.025,20,815
2,0.025,20,403
1,0.025,20,395
2,0.025,20,97
1,0.025,20,498
2,0.025,20,119
1,0.025,20,562
2,0.025,20,333
1,0.025,20,851
2,0.025,20,547
1,0.025,20,338
2,0.025,20,70
1,0.025,20,442
2,0.025,20,68
1,0.025,20,303
2,0.025,20,41
1,0.025,20,491
2,0.025,20,205
1,0.025,20,774
2,0.025,20,271
1,0.025,20,300
2,0.025,20,37
1,0.025,20,349
2,0.025,20,57
1,0.025,20,319
2,0.025,20,36
1,0.025,20,448
2,0.025,20,142
1,0.025,20,945
2,0.025,20,635
1,0.025,20,257
2,0.025,20,39
1,0.025,20,234
2,0.025,20,45
1,0.025,20,164
2,0.025,20,27
1,0.025,20,421
2,0.025,20,92
1,0.025,20,301
2,0.025,20,46
1,0.025,20,375
2,0.025,20,78
1,0.025,20,402
2,0.025,20,122
1,0.025,20,562
2,0.025,20,98
1,0.025,20,424
2,0.025,20,89
1,0.025,20,132
2,0.025,20,28
1,0.025,20,372
2,0.025,20,89
1,0.025,20,418
2,0.025,20,85
1,0.025,20,267
2,0.025,20,96
1,0.025,20,947
2,0.025,20,743
1,0.025,20,353
2,0.025,20,81
1,0.025,20,519
2,0.025,20,190
1,0.025,20,367
2,0.025,20,112
1,0.025,20,217
2,0.025,20,37
1,0.025,20,355
2,0.025,20,104
1,0.025,20,222
2,0.025,20,49
1,0.025,20,507
2,0.025,20,190
1,0.025,20,199
2,0.025,20,29
1,0.025,20,830
2,0.025,20,544
1,0.025,20,392
2,0.025,20,104
1,0.025,20,208
2,0.025,20,21
1,0.025,20,324
2,0.025,20,27
1,0.025,20,225
2,0.025,20,49
1,0.025,20,223
2,0.025,20,78
1,0.025,20,813
2,0.025,20,474
1,0.025,20,630
2,0.025,20,178
1,0.025,20,149
2,0.025,20,9
1,0.025,20,459
2,0.025,20,199
1,0.025,20,723
2,0.025,20,380
1,0.025,20,659
2,0.025,20,348
1,0.025,20,395
2,0.025,20,73
1,0.025,20,806
2,0.025,20,359
1,0.025,20,277
2,0.025,20,29
1,0.025,20,314
2,0.025,20,43
1,0.025,20,334
2,0.025,20,141
1,0.025,20,243
2,0.025,20,30
1,0.025,20,242
2,0.025,20,76
1,0.025,20,274
2,0.025,20,46
1,0.025,20,284
2,0.025,20,61
1,0.025,24,597
2,0.025,24,185
1,0.025,24,691
2,0.025,24,393
1,0.025,24,754
2,0.025,24,228
1,0.025,24,988
2,0.025,24,864
1,0.025,24,894
2,0.025,24,297
1,0.025,24,403
2,0.025,24,87
1,0.025,24,499
2,0.025,24,138
1,0.025,24,211
2,0.025,24,7
1,0.025,24,217
2,0.025,24,27
1,0.025,24,198
2,0.025,24,9
1,0.025,24,1000
2,0.025,24,952
1,0.025,24,806
2,0.025,24,162
1,0.025,24,676
2,0.025,24,182
1,0.025,24,480
2,0.025,24,85
1,0.025,24,252
2,0.025,24,25
1,0.025,24,206
2,0.025,24,14
1,0.025,24,351
2,0.025,24,74
1,0.025,24,746
2,0.025,24,273
1,0.025,24,692
2,0.025,24,259
1,0.025,24,386
2,0.025,24,113
1,0.025,24,956
2,0.025,24,653
1,0.025,24,152
2,0.025,24,14
1,0.025,24,481
2,0.025,24,60
1,0.025,24,750
2,0.025,24,192
1,0.025,24,415
2,0.025,24,93
1,0.025,24,345
2,0.025,24,36
1,0.025,24,308
2,0.025,24,31
1,0.025,24,503
2,0.025,24,107
1,0.025,24,479
2,0.025,24,93
1,0.025,24,417
2,0.025,24,63
1,0.025,24,1000
2,0.025,24,671
1,0.025,24,499
2,0.025,24,88
1,0.025,24,542
2,0.025,24,94
1,0.025,24,359
2,0.025,24,41
1,0.025,24,491
2,0.025,24,70
1,0.025,24,716
2,0.025,24,247
1,0.025,24,275
2,0.025,24,50
1,0.025,24,389
2,0.025,24,81
1,0.025,24,315
2,0.025,24,68
1,0.025,24,644
2,0.025,24,108
1,0.025,24,196
2,0.025,24,19
1,0.025,24,588
2,0.025,24,108
1,0.025,24,750
2,0.025,24,212
1,0.025,24,662
2,0.025,24,105
1,0.025,24,533
2,0.025,24,98
1,0.025,24,176
2,0.025,24,13
1,0.025,24,313
2,0.025,24,28
1,0.025,24,284
2,0.025,24,16
1,0.025,24,864
2,0.025,24,387
1,0.025,24,295
2,0.025,24,32
1,0.025,24,465
2,0.025,24,81
1,0.025,24,977
2,0.025,24,503
1,0.025,24,404
2,0.025,24,30
1,0.025,24,276
2,0.025,24,10
1,0.025,24,368
2,0.025,24,26
1,0.025,24,324
2,0.025,24,28
1,0.025,24,1000
2,0.025,24,969
1,0.025,24,596
2,0.025,24,156
1,0.025,24,240
2,0.025,24,21
1,0.025,24,444
2,0.025,24,112
1,0.025,24,398
2,0.025,24,62
1,0.025,24,201
2,0.025,24,11
1,0.025,24,780
2,0.025,24,253
1,0.025,24,241
2,0.025,24,23
1,0.025,24,690
2,0.025,24,145
1,0.025,24,533
2,0.025,24,83
1,0.025,24,332
2,0.025,24,72
1,0.025,24,907
2,0.025,24,541
1,0.025,24,804
2,0.025,24,459
1,0.025,24,627
2,0.025,24,337
1,0.025,24,956
2,0.025,24,424
1,0.025,24,489
2,0.025,24,115
1,0.025,24,299
2,0.025,24,35
1,0.025,24,416
2,0.025,24,64
1,0.025,24,214
2,0.025,24,26
1,0.025,24,233
2,0.025,24,21
1,0.025,24,810
2,0.025,24,516
1,0.025,24,793
2,0.025,24,356
1,0.025,24,225
2,0.025,24,21
1,0.025,24,850
2,0.025,24,371
1,0.025,24,337
2,0.025,24,43
1,0.025,24,374
2,0.025,24,49
1,0.025,24,180
2,0.025,24,6
1,0.025,24,331
2,0.025,24,47
1,0.025,24,265
2,0.025,24,69
1,0.025,24,681
2,0.025,24,183
1,0.025,24,984
2,0.025,24,819
1,0.025,24,629
2,0.025,24,247
1,0.025,24,818
2,0.025,24,393
1,0.025,24,348
2,0.025,24,23
1,0.025,24,560
2,0.025,24,99
1,0.025,24,325
2,0.025,24,41
1,0.025,24,781
2,0.025,24,218
1,0.025,24,253
2,0.025,24,16
1,0.025,24,436
2,0.025,24,47
1,0.025,24,309
2,0.025,24,105
1,0.025,24,176
2,0.025,24,10
1,0.025,24,295
2,0.025,24,68
1,0.025,24,245
2,0.025,24,10
1,0.025,24,250
2,0.025,24,19
1,0.025,28,383
2,0.025,28,22
1,0.025,28,807
2,0.025,28,328
1,0.025,28,820
2,0.025,28,159
1,0.025,28,975
2,0.025,28,563
1,0.025,28,997
2,0.025,28,587
1,0.025,28,392
2,0.025,28,41
1,0.025,28,600
2,0.025,28,66
1,0.025,28,713
2,0.025,28,33
1,0.025,28,765
2,0.025,28,307
1,0.025,28,248
2,0.025,28,8
1,0.025,28,1000
2,0.025,28,798
1,0.025,28,780
2,0.025,28,83
1,0.025,28,585
2,0.025,28,57
1,0.025,28,510
2,0.025,28,41
1,0.025,28,826
2,0.025,28,111
1,0.025,28,297
2,0.025,28,18
1,0.025,28,656
2,0.025,28,131
1,0.025,28,265
2,0.025,28,13
1,0.025,28,860
2,0.025,28,493
1,0.025,28,568
2,0.025,28,127
1,0.025,28,1000
2,0.025,28,914
1,0.025,28,527
2,0.025,28,70
1,0.025,28,650
2,0.025,28,89
1,0.025,28,866
2,0.025,28,189
1,0.025,28,775
2,0.025,28,355
1,0.025,28,927
2,0.025,28,395
1,0.025,28,298
2,0.025,28,16
1,0.025,28,559
2,0.025,28,77
1,0.025,28,541
2,0.025,28,25
1,0.025,28,691
2,0.025,28,169
1,0.025,28,1000
2,0.025,28,171
1,0.025,28,633
2,0.025,28,91
1,0.025,28,284
2,0.025,28,3
1,0.025,28,965
2,0.025,28,510
1,0.025,28,672
2,0.025,28,105
1,0.025,28,960
2,0.025,28,675
1,0.025,28,210
2,0.025,28,7
1,0.025,28,428
2,0.025,28,82
1,0.025,28,348
2,0.025,28,46
1,0.025,28,668
2,0.025,28,51
1,0.025,28,371
2,0.025,28,33
1,0.025,28,912
2,0.025,28,337
1,0.025,28,854
2,0.025,28,168
1,0.025,28,997
2,0.025,28,751
1,0.025,28,958
2,0.025,28,530
1,0.025,28,676
2,0.025,28,257
1,0.025,28,806
2,0.025,28,129
1,0.025,28,274
2,0.025,28,12
1,0.025,28,899
2,0.025,28,213
1,0.025,28,509
2,0.025,28,96
1,0.025,28,807
2,0.025,28,157
1,0.025,28,990
2,0.025,28,309
1,0.025,28,427
2,0.025,28,35
1,0.025,28,687
2,0.025,28,110
1,0.025,28,895
2,0.025,28,421
1,0.025,28,684
2,0.025,28,220
1,0.025,28,1000
2,0.025,28,188
1,0.025,28,510
2,0.025,28,43
1,0.025,28,623
2,0.025,28,119
1,0.025,28,699
2,0.025,28,136
1,0.025,28,358
2,0.025,28,32
1,0.025,28,96
2,0.025,28,3
1,0.025,28,978
2,0.025,28,381
1,0.025,28,178
2,0.025,28,5
1,0.025,28,532
2,0.025,28,20
1,0.025,28,950
2,0.025,28,405
1,0.025,28,360
2,0.025,28,22
1,0.025,28,969
2,0.025,28,435
1,0.025,28,802
2,0.025,28,389
1,0.025,28,465
2,0.025,28,76
1,0.025,28,1000
2,0.025,28,887
1,0.025,28,742
2,0.025,28,184
1,0.025,28,684
2,0.025,28,185
1,0.025,28,635
2,0.025,28,39
1,0.025,28,455
2,0.025,28,28
1,0.025,28,698
2,0.025,28,98
1,0.025,28,739
2,0.025,28,211
1,0.025,28,976
2,0.025,28,603
1,0.025,28,614
2,0.025,28,76
1,0.025,28,477
2,0.025,28,27
1,0.025,28,459
2,0.025,28,50
1,0.025,28,737
2,0.025,28,209
1,0.025,28,692
2,0.025,28,55
1,0.025,28,681
2,0.025,28,113
1,0.025,28,224
2,0.025,28,29
1,0.025,28,347
2,0.025,28,17
1,0.025,28,995
2,0.025,28,488
1,0.025,28,257
2,0.025,28,6
1,0.025,28,631
2,0.025,28,114
1,0.025,28,505
2,0.025,28,25
1,0.025,28,485
2,0.025,28,50
1,0.025,28,923
2,0.025,28,489
1,0.025,28,853
2,0.025,28,172
1,0.025,28,403
2,0.025,28,16
1,0.025,28,447
2,0.025,28,35
1,0.025,28,714
2,0.025,28,520
1,0.025,28,341
2,0.025,28,13
1,0.025,28,259
2,0.025,28,21
1,0.025,28,613
2,0.025,28,29
1,0.025,28,410
2,0.025,28,44
1,0.025,32,545
2,0.025,32,31
1,0.025,32,649
2,0.025,32,119
1,0.025,32,988
2,0.025,32,428
1,0.025,32,985
2,0.025,32,324
1,0.025,32,1000
2,0.025,32,842
1,0.025,32,637
2,0.025,32,78
1,0.025,32,680
2,0.025,32,47
1,0.025,32,807
2,0.025,32,21
1,0.025,32,727
2,0.025,32,98
1,0.025,32,420
2,0.025,32,3
1,0.025,32,1000
2,0.025,32,404
1,0.025,32,623
2,0.025,32,14
1,0.025,32,896
2,0.025,32,167
1,0.025,32,706
2,0.025,32,75
1,0.025,32,902
2,0.025,32,95
1,0.025,32,508
2,0.025,32,10
1,0.025,32,667
2,0.025,32,81
1,0.025,32,498
2,0.025,32,37
1,0.025,32,694
2,0.025,32,163
1,0.025,32,635
2,0.025,32,52
1,0.025,32,1000
2,0.025,32,364
1,0.025,32,688
2,0.025,32,39
1,0.025,32,846
2,0.025,32,82
1,0.025,32,693
2,0.025,32,19
1,0.025,32,754
2,0.025,32,218
1,0.025,32,950
2,0.025,32,133
1,0.025,32,593
2,0.025,32,16
1,0.025,32,768
2,0.025,32,55
1,0.025,32,742
2,0.025,32,26
1,0.025,32,987
2,0.025,32,462
1,0.025,32,1000
2,0.025,32,49
1,0.025,32,695
2,0.025,32,53
1,0.025,32,510
2,0.025,32,9
1,0.025,32,987
2,0.025,32,271
1,0.025,32,922
2,0.025,32,213
1,0.025,32,861
2,0.025,32,159
1,0.025,32,416
2,0.025,32,6
1,0.025,32,278
2,0.025,32,12
1,0.025,32,301
2,0.025,32,31
1,0.025,32,834
2,0.025,32,74
1,0.025,32,891
2,0.025,32,219
1,0.025,32,879
2,0.025,32,103
1,0.025,32,937
2,0.025,32,93
1,0.025,32,1000
2,0.025,32,517
1,0.025,32,779
2,0.025,32,154
1,0.025,32,733
2,0.025,32,107
1,0.025,32,671
2,0.025,32,24
1,0.025,32,770
2,0.025,32,121
1,0.025,32,561
2,0.025,32,16
1,0.025,32,468
2,0.025,32,33
1,0.025,32,562
2,0.025,32,18
1,0.025,32,1000
2,0.025,32,347
1,0.025,32,571
2,0.025,32,9
1,0.025,32,807
2,0.025,32,24
1,0.025,32,832
2,0.025,32,41
1,0.025,32,657
2,0.025,32,86
1,0.025,32,1000
2,0.025,32,638
1,0.025,32,960
2,0.025,32,392
1,0.025,32,522
2,0.025,32,21
1,0.025,32,731
2,0.025,32,44
1,0.025,32,278
2,0.025,32,2
1,0.025,32,485
2,0.025,32,59
1,0.025,32,1000
2,0.025,32,804
1,0.025,32,889
2,0.025,32,71
1,0.025,32,723
2,0.025,32,87
1,0.025,32,949
2,0.025,32,129
1,0.025,32,322
2,0.025,32,11
1,0.025,32,992
2,0.025,32,472
1,0.025,32,563
2,0.025,32,46
1,0.025,32,574
2,0.025,32,91
1,0.025,32,1000
2,0.025,32,801
1,0.025,32,809
2,0.025,32,101
1,0.025,32,602
2,0.025,32,35
1,0.025,32,754
2,0.025,32,40
1,0.025,32,966
2,0.025,32,296
1,0.025,32,613
2,0.025,32,44
1,0.025,32,737
2,0.025,32,84
1,0.025,32,993
2,0.025,32,253
1,0.025,32,826
2,0.025,32,87
1,0.025,32,548
2,0.025,32,55
1,0.025,32,809
2,0.025,32,182
1,0.025,32,783
2,0.025,32,94
1,0.025,32,875
2,0.025,32,24
1,0.025,32,985
2,0.025,32,505
1,0.025,32,636
2,0.025,32,81
1,0.025,32,692
2,0.025,32,88
1,0.025,32,971
2,0.025,32,118
1,0.025,32,804
2,0.025,32,110
1,0.025,32,853
2,0.025,32,135
1,0.025,32,888
2,0.025,32,93
1,0.025,32,436
2,0.025,32,10
1,0.025,32,885
2,0.025,32,250
1,0.025,32,866
2,0.025,32,47
1,0.025,32,712
2,0.025,32,30
1,0.025,32,442
2,0.025,32,12
1,0.025,32,477
2,0.025,32,99
1,0.025,32,844
2,0.025,32,78
1,0.025,32,510
2,0.025,32,67
1,0.025,32,575
2,0.025,32,23
1,0.025,32,964
2,0.025,32,244
1,0.025,36,1000
2,0.025,36,191
1,0.025,36,582
2,0.025,36,43
1,0.025,36,994
2,0.025,36,352
1,0.025,36,979
2,0.025,36,100
1,0.025,36,1000
2,0.025,36,711
1,0.025,36,789
2,0.025,36,30
1,0.025,36,797
2,0.025,36,16
1,0.025,36,959
2,0.025,36,0
1,0.025,36,862
2,0.025,36,149
1,0.025,36,1000
2,0.025,36,253
1,0.025,36,1000
2,0.025,36,81
1,0.025,36,813
2,0.025,36,1
1,0.025,36,997
2,0.025,36,97
1,0.025,36,716
2,0.025,36,20
1,0.025,36,985
2,0.025,36,26
1,0.025,36,988
2,0.025,36,347
1,0.025,36,609
2,0.025,36,42
1,0.025,36,857
2,0.025,36,35
1,0.025,36,586
2,0.025,36,62
1,0.025,36,938
2,0.025,36,52
1,0.025,36,1000
2,0.025,36,212
1,0.025,36,938
2,0.025,36,16
1,0.025,36,930
2,0.025,36,26
1,0.025,36,990
2,0.025,36,89
1,0.025,36,575
2,0.025,36,52
1,0.025,36,993
2,0.025,36,35
1,0.025,36,868
2,0.025,36,15
1,0.025,36,969
2,0.025,36,46
1,0.025,36,991
2,0.025,36,14
1,0.025,36,1000
2,0.025,36,189
1,0.025,36,1000
2,0.025,36,10
1,0.025,36,956
2,0.025,36,135
1,0.025,36,986
2,0.025,36,5
1,0.025,36,995
2,0.025,36,31
1,0.025,36,927
2,0.025,36,11
1,0.025,36,881
2,0.025,36,92
1,0.025,36,970
2,0.025,36,38
1,0.025,36,981
2,0.025,36,165
1,0.025,36,443
2,0.025,36,31
1,0.025,36,917
2,0.025,36,33
1,0.025,36,937
2,0.025,36,12
1,0.025,36,956
2,0.025,36,59
1,0.025,36,1000
2,0.025,36,216
1,0.025,36,1000
2,0.025,36,48
1,0.025,36,605
2,0.025,36,19
1,0.025,36,931
2,0.025,36,68
1,0.025,36,918
2,0.025,36,8
1,0.025,36,1000
2,0.025,36,84
1,0.025,36,895
2,0.025,36,6
1,0.025,36,919
2,0.025,36,75
1,0.025,36,949
2,0.025,36,28
1,0.025,36,1000
2,0.025,36,0
1,0.025,36,998
2,0.025,36,51
1,0.025,36,997
2,0.025,36,85
1,0.025,36,869
2,0.025,36,29
1,0.025,36,719
2,0.025,36,37
1,0.025,36,1000
2,0.025,36,277
1,0.025,36,993
2,0.025,36,120
1,0.025,36,816
2,0.025,36,60
1,0.025,36,945
2,0.025,36,38
1,0.025,36,988
2,0.025,36,129
1,0.025,36,906
2,0.025,36,66
1,0.025,36,1000
2,0.025,36,93
1,0.025,36,1000
2,0.025,36,29
1,0.025,36,765
2,0.025,36,38
1,0.025,36,1000
2,0.025,36,165
1,0.025,36,717
2,0.025,36,22
1,0.025,36,992
2,0.025,36,61
1,0.025,36,864
2,0.025,36,197
1,0.025,36,934
2,0.025,36,202
1,0.025,36,1000
2,0.025,36,402
1,0.025,36,762
2,0.025,36,4
1,0.025,36,767
2,0.025,36,13
1,0.025,36,933
2,0.025,36,41
1,0.025,36,985
2,0.025,36,32
1,0.025,36,968
2,0.025,36,104
1,0.025,36,834
2,0.025,36,60
1,0.025,36,1000
2,0.025,36,127
1,0.025,36,815
2,0.025,36,6
1,0.025,36,582
2,0.025,36,18
1,0.025,36,763
2,0.025,36,143
1,0.025,36,849
2,0.025,36,19
1,0.025,36,997
2,0.025,36,7
1,0.025,36,971
2,0.025,36,37
1,0.025,36,497
2,0.025,36,7
1,0.025,36,954
2,0.025,36,126
1,0.025,36,1000
2,0.025,36,217
1,0.025,36,788
2,0.025,36,32
1,0.025,36,881
2,0.025,36,23
1,0.025,36,977
2,0.025,36,1
1,0.025,36,964
2,0.025,36,54
1,0.025,36,684
2,0.025,36,36
1,0.025,36,993
2,0.025,36,26
1,0.025,36,657
2,0.025,36,1
1,0.025,36,759
2,0.025,36,8
1,0.025,36,277
2,0.025,36,11
1,0.025,36,935
2,0.025,36,2
1,0.025,36,924
2,0.025,36,125
1,0.025,36,907
2,0.025,36,13
1,0.025,36,961
2,0.025,36,46
1,0.05,20,331
2,0.05,20,92
1,0.05,20,227
2,0.05,20,40
1,0.05,20,287
2,0.05,20,60
1,0.05,20,511
2,0.05,20,289
1,0.05,20,408
2,0.05,20,149
1,0.05,20,456
2,0.05,20,189
1,0.05,20,137
2,0.05,20,22
1,0.05,20,228
2,0.05,20,24
1,0.05,20,289
2,0.05,20,101
1,0.05,20,159
2,0.05,20,26
1,0.05,20,904
2,0.05,20,619
1,0.05,20,522
2,0.05,20,212
1,0.05,20,254
2,0.05,20,86
1,0.05,20,222
2,0.05,20,36
1,0.05,20,128
2,0.05,20,19
1,0.05,20,482
2,0.05,20,321
1,0.05,20,290
2,0.05,20,34
1,0.05,20,325
2,0.05,20,111
1,0.05,20,293
2,0.05,20,56
1,0.05,20,482
2,0.05,20,215
1,0.05,20,156
2,0.05,20,17
1,0.05,20,215
2,0.05,20,33
1,0.05,20,376
2,0.05,20,114
1,0.05,20,494
2,0.05,20,156
1,0.05,20,469
2,0.05,20,268
1,0.05,20,164
2,0.05,20,21
1,0.05,20,133
2,0.05,20,33
1,0.05,20,168
2,0.05,20,40
1,0.05,20,423
2,0.05,20,224
1,0.05,20,435
2,0.05,20,87
1,0.05,20,510
2,0.05,20,150
1,0.05,20,472
2,0.05,20,174
1,0.05,20,310
2,0.05,20,62
1,0.05,20,247
2,0.05,20,62
1,0.05,20,537
2,0.05,20,181
1,0.05,20,734
2,0.05,20,515
1,0.05,20,420
2,0.05,20,174
1,0.05,20,377
2,0.05,20,133
1,0.05,20,307
2,0.05,20,80
1,0.05,20,550
2,0.05,20,200
1,0.05,20,432
2,0.05,20,133
1,0.05,20,406
2,0.05,20,87
1,0.05,20,306
2,0.05,20,58
1,0.05,20,472
2,0.05,20,148
1,0.05,20,243
2,0.05,20,87
1,0.05,20,399
2,0.05,20,255
1,0.05,20,632
2,0.05,20,377
1,0.05,20,249
2,0.05,20,57
1,0.05,20,465
2,0.05,20,105
1,0.05,20,170
2,0.05,20,20
1,0.05,20,276
2,0.05,20,71
1,0.05,20,330
2,0.05,20,54
1,0.05,20,277
2,0.05,20,94
1,0.05,20,258
2,0.05,20,60
1,0.05,20,304
2,0.05,20,54
1,0.05,20,428
2,0.05,20,181
1,0.05,20,764
2,0.05,20,424
1,0.05,20,123
2,0.05,20,26
1,0.05,20,264
2,0.05,20,73
1,0.05,20,231
2,0.05,20,41
1,0.05,20,413
2,0.05,20,121
1,0.05,20,231
2,0.05,20,48
1,0.05,20,258
2,0.05,20,49
1,0.05,20,434
2,0.05,20,117
1,0.05,20,406
2,0.05,20,106
1,0.05,20,151
2,0.05,20,11
1,0.05,20,237
2,0.05,20,87
1,0.05,20,273
2,0.05,20,55
1,0.05,20,340
2,0.05,20,62
1,0.05,20,280
2,0.05,20,61
1,0.05,20,819
2,0.05,20,370
1,0.05,20,348
2,0.05,20,83
1,0.05,20,387
2,0.05,20,116
1,0.05,20,488
2,0.05,20,236
1,0.05,20,205
2,0.05,20,21
1,0.05,20,372
2,0.05,20,129
1,0.05,20,194
2,0.05,20,37
1,0.05,20,403
2,0.05,20,139
1,0.05,20,202
2,0.05,20,32
1,0.05,20,510
2,0.05,20,396
1,0.05,20,219
2,0.05,20,56
1,0.05,20,175
2,0.05,20,25
1,0.05,20,229
2,0.05,20,38
1,0.05,20,204
2,0.05,20,49
1,0.05,20,325
2,0.05,20,153
1,0.05,20,633
2,0.05,20,427
1,0.05,20,305
2,0.05,20,82
1,0.05,20,153
2,0.05,20,29
1,0.05,20,441
2,0.05,20,257
1,0.05,20,527
2,0.05,20,335
1,0.05,20,536
2,0.05,20,257
1,0.05,20,290
2,0.05,20,123
1,0.05,20,517
2,0.05,20,204
1,0.05,20,175
2,0.05,20,50
1,0.05,20,254
2,0.05,20,37
1,0.05,20,321
2,0.05,20,149
1,0.05,20,126
2,0.05,20,40
1,0.05,20,136
2,0.05,20,16
1,0.05,20,225
2,0.05,20,34
1,0.05,20,339
2,0.05,20,76
1,0.05,24,458
2,0.05,24,197
1,0.05,24,502
2,0.05,24,260
1,0.05,24,397
2,0.05,24,104
1,0.05,24,914
2,0.05,24,839
1,0.05,24,400
2,0.05,24,95
1,0.05,24,501
2,0.05,24,164
1,0.05,24,351
2,0.05,24,113
1,0.05,24,144
2,0.05,24,8
1,0.05,24,188
2,0.05,24,29
1,0.05,24,208
2,0.05,24,26
1,0.05,24,958
2,0.05,24,591
1,0.05,24,488
2,0.05,24,181
1,0.05,24,430
2,0.05,24,165
1,0.05,24,177
2,0.05,24,20
1,0.05,24,226
2,0.05,24,34
1,0.05,24,299
2,0.05,24,57
1,0.05,24,266
2,0.05,24,30
1,0.05,24,468
2,0.05,24,159
1,0.05,24,327
2,0.05,24,64
1,0.05,24,482
2,0.05,24,135
1,0.05,24,503
2,0.05,24,197
1,0.05,24,186
2,0.05,24,30
1,0.05,24,338
2,0.05,24,83
1,0.05,24,482
2,0.05,24,157
1,0.05,24,361
2,0.05,24,97
1,0.05,24,183
2,0.05,24,21
1,0.05,24,163
2,0.05,24,27
1,0.05,24,258
2,0.05,24,88
1,0.05,24,322
2,0.05,24,124
1,0.05,24,358
2,0.05,24,63
1,0.05,24,771
2,0.05,24,400
1,0.05,24,426
2,0.05,24,95
1,0.05,24,441
2,0.05,24,106
1,0.05,24,197
2,0.05,24,33
1,0.05,24,484
2,0.05,24,140
1,0.05,24,551
2,0.05,24,235
1,0.05,24,439
2,0.05,24,144
1,0.05,24,464
2,0.05,24,144
1,0.05,24,211
2,0.05,24,43
1,0.05,24,554
2,0.05,24,147
1,0.05,24,360
2,0.05,24,78
1,0.05,24,510
2,0.05,24,158
1,0.05,24,258
2,0.05,24,39
1,0.05,24,561
2,0.05,24,157
1,0.05,24,251
2,0.05,24,52
1,0.05,24,70
2,0.05,24,6
1,0.05,24,238
2,0.05,24,52
1,0.05,24,145
2,0.05,24,15
1,0.05,24,741
2,0.05,24,372
1,0.05,24,152
2,0.05,24,25
1,0.05,24,267
2,0.05,24,48
1,0.05,24,598
2,0.05,24,213
1,0.05,24,267
2,0.05,24,83
1,0.05,24,140
2,0.05,24,12
1,0.05,24,301
2,0.05,24,46
1,0.05,24,243
2,0.05,24,40
1,0.05,24,993
2,0.05,24,902
1,0.05,24,326
2,0.05,24,91
1,0.05,24,208
2,0.05,24,34
1,0.05,24,457
2,0.05,24,156
1,0.05,24,396
2,0.05,24,82
1,0.05,24,127
2,0.05,24,13
1,0.05,24,576
2,0.05,24,179
1,0.05,24,252
2,0.05,24,26
1,0.05,24,493
2,0.05,24,147
1,0.05,24,240
2,0.05,24,27
1,0.05,24,378
2,0.05,24,162
1,0.05,24,695
2,0.05,24,391
1,0.05,24,736
2,0.05,24,373
1,0.05,24,534
2,0.05,24,162
1,0.05,24,694
2,0.05,24,146
1,0.05,24,409
2,0.05,24,83
1,0.05,24,273
2,0.05,24,28
1,0.05,24,440
2,0.05,24,140
1,0.05,24,178
2,0.05,24,12
1,0.05,24,279
2,0.05,24,59
1,0.05,24,576
2,0.05,24,324
1,0.05,24,571
2,0.05,24,272
1,0.05,24,197
2,0.05,24,27
1,0.05,24,354
2,0.05,24,223
1,0.05,24,198
2,0.05,24,32
1,0.05,24,274
2,0.05,24,43
1,0.05,24,101
2,0.05,24,2
1,0.05,24,178
2,0.05,24,35
1,0.05,24,384
2,0.05,24,116
1,0.05,24,482
2,0.05,24,192
1,0.05,24,863
2,0.05,24,701
1,0.05,24,399
2,0.05,24,138
1,0.05,24,597
2,0.05,24,391
1,0.05,24,215
2,0.05,24,23
1,0.05,24,408
2,0.05,24,74
1,0.05,24,238
2,0.05,24,67
1,0.05,24,506
2,0.05,24,160
1,0.05,24,120
2,0.05,24,18
1,0.05,24,322
2,0.05,24,40
1,0.05,24,276
2,0.05,24,92
1,0.05,24,115
2,0.05,24,13
1,0.05,24,176
2,0.05,24,28
1,0.05,24,211
2,0.05,24,13
1,0.05,24,260
2,0.05,24,19
1,0.05,28,290
2,0.05,28,40
1,0.05,28,693
2,0.05,28,355
1,0.05,28,421
2,0.05,28,93
1,0.05,28,764
2,0.05,28,452
1,0.05,28,595
2,0.05,28,208
1,0.05,28,300
2,0.05,28,52
1,0.05,28,434
2,0.05,28,110
1,0.05,28,223
2,0.05,28,37
1,0.05,28,496
2,0.05,28,226
1,0.05,28,149
2,0.05,28,15
1,0.05,28,984
2,0.05,28,445
1,0.05,28,395
2,0.05,28,107
1,0.05,28,375
2,0.05,28,88
1,0.05,28,174
2,0.05,28,5
1,0.05,28,731
2,0.05,28,140
1,0.05,28,339
2,0.05,28,97
1,0.05,28,691
2,0.05,28,146
1,0.05,28,146
2,0.05,28,3
1,0.05,28,563
2,0.05,28,292
1,0.05,28,530
2,0.05,28,115
1,0.05,28,786
2,0.05,28,512
1,0.05,28,437
2,0.05,28,98
1,0.05,28,399
2,0.05,28,69
1,0.05,28,543
2,0.05,28,106
1,0.05,28,679
2,0.05,28,382
1,0.05,28,756
2,0.05,28,324
1,0.05,28,91
2,0.05,28,3
1,0.05,28,249
2,0.05,28,39
1,0.05,28,274
2,0.05,28,73
1,0.05,28,483
2,0.05,28,132
1,0.05,28,559
2,0.05,28,108
1,0.05,28,466
2,0.05,28,125
1,0.05,28,249
2,0.05,28,8
1,0.05,28,733
2,0.05,28,388
1,0.05,28,613
2,0.05,28,124
1,0.05,28,825
2,0.05,28,520
1,0.05,28,329
2,0.05,28,34
1,0.05,28,478
2,0.05,28,116
1,0.05,28,253
2,0.05,28,40
1,0.05,28,545
2,0.05,28,82
1,0.05,28,415
2,0.05,28,84
1,0.05,28,827
2,0.05,28,431
1,0.05,28,305
2,0.05,28,26
1,0.05,28,963
2,0.05,28,816
1,0.05,28,633
2,0.05,28,364
1,0.05,28,301
2,0.05,28,101
1,0.05,28,557
2,0.05,28,164
1,0.05,28,116
2,0.05,28,18
1,0.05,28,787
2,0.05,28,334
1,0.05,28,182
2,0.05,28,30
1,0.05,28,561
2,0.05,28,179
1,0.05,28,651
2,0.05,28,213
1,0.05,28,244
2,0.05,28,49
1,0.05,28,257
2,0.05,28,58
1,0.05,28,779
2,0.05,28,479
1,0.05,28,591
2,0.05,28,179
1,0.05,28,813
2,0.05,28,182
1,0.05,28,231
2,0.05,28,17
1,0.05,28,347
2,0.05,28,128
1,0.05,28,641
2,0.05,28,195
1,0.05,28,276
2,0.05,28,36
1,0.05,28,72
2,0.05,28,1
1,0.05,28,888
2,0.05,28,356
1,0.05,28,161
2,0.05,28,4
1,0.05,28,327
2,0.05,28,20
1,0.05,28,739
2,0.05,28,223
1,0.05,28,374
2,0.05,28,98
1,0.05,28,835
2,0.05,28,370
1,0.05,28,719
2,0.05,28,262
1,0.05,28,366
2,0.05,28,49
1,0.05,28,993
2,0.05,28,734
1,0.05,28,493
2,0.05,28,105
1,0.05,28,561
2,0.05,28,145
1,0.05,28,493
2,0.05,28,136
1,0.05,28,262
2,0.05,28,22
1,0.05,28,569
2,0.05,28,187
1,0.05,28,595
2,0.05,28,191
1,0.05,28,828
2,0.05,28,531
1,0.05,28,379
2,0.05,28,70
1,0.05,28,188
2,0.05,28,19
1,0.05,28,252
2,0.05,28,32
1,0.05,28,483
2,0.05,28,156
1,0.05,28,185
2,0.05,28,20
1,0.05,28,326
2,0.05,28,78
1,0.05,28,258
2,0.05,28,39
1,0.05,28,283
2,0.05,28,24
1,0.05,28,891
2,0.05,28,495
1,0.05,28,105
2,0.05,28,9
1,0.05,28,493
2,0.05,28,194
1,0.05,28,312
2,0.05,28,27
1,0.05,28,289
2,0.05,28,45
1,0.05,28,723
2,0.05,28,531
1,0.05,28,576
2,0.05,28,170
1,0.05,28,125
2,0.05,28,11
1,0.05,28,394
2,0.05,28,51
1,0.05,28,793
2,0.05,28,669
1,0.05,28,164
2,0.05,28,20
1,0.05,28,156
2,0.05,28,5
1,0.05,28,347
2,0.05,28,28
1,0.05,28,301
2,0.05,28,43
1,0.05,32,238
2,0.05,32,17
1,0.05,32,514
2,0.05,32,139
1,0.05,32,902
2,0.05,32,553
1,0.05,32,670
2,0.05,32,236
1,0.05,32,937
2,0.05,32,735
1,0.05,32,416
2,0.05,32,72
1,0.05,32,552
2,0.05,32,82
1,0.05,32,256
2,0.05,32,20
1,0.05,32,428
2,0.05,32,76
1,0.05,32,113
2,0.05,32,8
1,0.05,32,997
2,0.05,32,303
1,0.05,32,241
2,0.05,32,24
1,0.05,32,793
2,0.05,32,342
1,0.05,32,230
2,0.05,32,4
1,0.05,32,879
2,0.05,32,172
1,0.05,32,315
2,0.05,32,50
1,0.05,32,655
2,0.05,32,80
1,0.05,32,170
2,0.05,32,7
1,0.05,32,430
2,0.05,32,75
1,0.05,32,516
2,0.05,32,77
1,0.05,32,624
2,0.05,32,110
1,0.05,32,502
2,0.05,32,81
1,0.05,32,511
2,0.05,32,114
1,0.05,32,321
2,0.05,32,24
1,0.05,32,689
2,0.05,32,275
1,0.05,32,886
2,0.05,32,238
1,0.05,32,197
2,0.05,32,5
1,0.05,32,305
2,0.05,32,45
1,0.05,32,269
2,0.05,32,45
1,0.05,32,931
2,0.05,32,461
1,0.05,32,444
2,0.05,32,36
1,0.05,32,419
2,0.05,32,48
1,0.05,32,256
2,0.05,32,11
1,0.05,32,755
2,0.05,32,246
1,0.05,32,731
2,0.05,32,179
1,0.05,32,706
2,0.05,32,139
1,0.05,32,312
2,0.05,32,30
1,0.05,32,356
2,0.05,32,39
1,0.05,32,198
2,0.05,32,12
1,0.05,32,724
2,0.05,32,106
1,0.05,32,770
2,0.05,32,302
1,0.05,32,742
2,0.05,32,168
1,0.05,32,378
2,0.05,32,22
1,0.05,32,987
2,0.05,32,755
1,0.05,32,468
2,0.05,32,108
1,0.05,32,313
2,0.05,32,33
1,0.05,32,359
2,0.05,32,40
1,0.05,32,367
2,0.05,32,138
1,0.05,32,520
2,0.05,32,22
1,0.05,32,90
2,0.05,32,3
1,0.05,32,270
2,0.05,32,14
1,0.05,32,899
2,0.05,32,456
1,0.05,32,206
2,0.05,32,17
1,0.05,32,236
2,0.05,32,16
1,0.05,32,602
2,0.05,32,97
1,0.05,32,506
2,0.05,32,69
1,0.05,32,957
2,0.05,32,471
1,0.05,32,808
2,0.05,32,327
1,0.05,32,221
2,0.05,32,20
1,0.05,32,622
2,0.05,32,73
1,0.05,32,144
2,0.05,32,3
1,0.05,32,195
2,0.05,32,9
1,0.05,32,999
2,0.05,32,816
1,0.05,32,462
2,0.05,32,117
1,0.05,32,536
2,0.05,32,55
1,0.05,32,808
2,0.05,32,66
1,0.05,32,301
2,0.05,32,41
1,0.05,32,914
2,0.05,32,414
1,0.05,32,548
2,0.05,32,36
1,0.05,32,317
2,0.05,32,29
1,0.05,32,1000
2,0.05,32,756
1,0.05,32,593
2,0.05,32,98
1,0.05,32,291
2,0.05,32,41
1,0.05,32,626
2,0.05,32,155
1,0.05,32,632
2,0.05,32,150
1,0.05,32,388
2,0.05,32,46
1,0.05,32,586
2,0.05,32,97
1,0.05,32,729
2,0.05,32,226
1,0.05,32,442
2,0.05,32,65
1,0.05,32,215
2,0.05,32,30
1,0.05,32,672
2,0.05,32,191
1,0.05,32,550
2,0.05,32,87
1,0.05,32,249
2,0.05,32,21
1,0.05,32,757
2,0.05,32,527
1,0.05,32,570
2,0.05,32,110
1,0.05,32,363
2,0.05,32,61
1,0.05,32,780
2,0.05,32,117
1,0.05,32,278
2,0.05,32,35
1,0.05,32,610
2,0.05,32,204
1,0.05,32,533
2,0.05,32,82
1,0.05,32,218
2,0.05,32,9
1,0.05,32,608
2,0.05,32,336
1,0.05,32,443
2,0.05,32,67
1,0.05,32,245
2,0.05,32,22
1,0.05,32,325
2,0.05,32,10
1,0.05,32,565
2,0.05,32,164
1,0.05,32,449
2,0.05,32,114
1,0.05,32,323
2,0.05,32,49
1,0.05,32,272
2,0.05,32,24
1,0.05,32,879
2,0.05,32,317
1,0.05,36,947
2,0.05,36,309
1,0.05,36,380
2,0.05,36,21
1,0.05,36,960
2,0.05,36,484
1,0.05,36,617
2,0.05,36,121
1,0.05,36,869
2,0.05,36,441
1,0.05,36,453
2,0.05,36,26
1,0.05,36,629
2,0.05,36,26
1,0.05,36,321
2,0.05,36,8
1,0.05,36,420
2,0.05,36,67
1,0.05,36,966
2,0.05,36,523
1,0.05,36,1000
2,0.05,36,196
1,0.05,36,201
2,0.05,36,3
1,0.05,36,805
2,0.05,36,244
1,0.05,36,302
2,0.05,36,2
1,0.05,36,888
2,0.05,36,85
1,0.05,36,798
2,0.05,36,402
1,0.05,36,710
2,0.05,36,16
1,0.05,36,371
2,0.05,36,17
1,0.05,36,318
2,0.05,36,22
1,0.05,36,801
2,0.05,36,94
1,0.05,36,805
2,0.05,36,128
1,0.05,36,732
2,0.05,36,52
1,0.05,36,523
2,0.05,36,42
1,0.05,36,661
2,0.05,36,170
1,0.05,36,514
2,0.05,36,58
1,0.05,36,971
2,0.05,36,166
1,0.05,36,285
2,0.05,36,7
1,0.05,36,510
2,0.05,36,75
1,0.05,36,534
2,0.05,36,104
1,0.05,36,978
2,0.05,36,201
1,0.05,36,581
2,0.05,36,15
1,0.05,36,627
2,0.05,36,92
1,0.05,36,634
2,0.05,36,76
1,0.05,36,702
2,0.05,36,75
1,0.05,36,692
2,0.05,36,12
1,0.05,36,620
2,0.05,36,48
1,0.05,36,700
2,0.05,36,176
1,0.05,36,905
2,0.05,36,454
1,0.05,36,275
2,0.05,36,4
1,0.05,36,905
2,0.05,36,59
1,0.05,36,722
2,0.05,36,44
1,0.05,36,765
2,0.05,36,57
1,0.05,36,882
2,0.05,36,161
1,0.05,36,960
2,0.05,36,170
1,0.05,36,263
2,0.05,36,9
1,0.05,36,425
2,0.05,36,71
1,0.05,36,495
2,0.05,36,49
1,0.05,36,735
2,0.05,36,122
1,0.05,36,622
2,0.05,36,23
1,0.05,36,555
2,0.05,36,78
1,0.05,36,541
2,0.05,36,29
1,0.05,36,458
2,0.05,36,8
1,0.05,36,843
2,0.05,36,207
1,0.05,36,639
2,0.05,36,123
1,0.05,36,499
2,0.05,36,46
1,0.05,36,588
2,0.05,36,31
1,0.05,36,973
2,0.05,36,264
1,0.05,36,908
2,0.05,36,165
1,0.05,36,521
2,0.05,36,46
1,0.05,36,784
2,0.05,36,118
1,0.05,36,686
2,0.05,36,204
1,0.05,36,394
2,0.05,36,39
1,0.05,36,1000
2,0.05,36,204
1,0.05,36,939
2,0.05,36,199
1,0.05,36,530
2,0.05,36,29
1,0.05,36,973
2,0.05,36,101
1,0.05,36,336
2,0.05,36,29
1,0.05,36,845
2,0.05,36,84
1,0.05,36,894
2,0.05,36,145
1,0.05,36,707
2,0.05,36,154
1,0.05,36,1000
2,0.05,36,613
1,0.05,36,499
2,0.05,36,8
1,0.05,36,345
2,0.05,36,16
1,0.05,36,754
2,0.05,36,116
1,0.05,36,682
2,0.05,36,24
1,0.05,36,627
2,0.05,36,112
1,0.05,36,691
2,0.05,36,69
1,0.05,36,776
2,0.05,36,168
1,0.05,36,377
2,0.05,36,14
1,0.05,36,136
2,0.05,36,6
1,0.05,36,837
2,0.05,36,80
1,0.05,36,537
2,0.05,36,49
1,0.05,36,524
2,0.05,36,30
1,0.05,36,599
2,0.05,36,66
1,0.05,36,405
2,0.05,36,14
1,0.05,36,585
2,0.05,36,160
1,0.05,36,911
2,0.05,36,346
1,0.05,36,240
2,0.05,36,3
1,0.05,36,470
2,0.05,36,42
1,0.05,36,504
2,0.05,36,15
1,0.05,36,522
2,0.05,36,69
1,0.05,36,427
2,0.05,36,47
1,0.05,36,768
2,0.05,36,66
1,0.05,36,83
2,0.05,36,0
1,0.05,36,372
2,0.05,36,8
1,0.05,36,417
2,0.05,36,26
1,0.05,36,516
2,0.05,36,22
1,0.05,36,639
2,0.05,36,165
1,0.05,36,535
2,0.05,36,42
1,0.05,36,868
2,0.05,36,45
1,0.1,20,136
2,0.1,20,34
1,0.1,20,165
2,0.1,20,25
1,0.1,20,297
2,0.1,20,106
1,0.1,20,286
2,0.1,20,174
1,0.1,20,419
2,0.1,20,164
1,0.1,20,372
2,0.1,20,185
1,0.1,20,95
2,0.1,20,16
1,0.1,20,250
2,0.1,20,90
1,0.1,20,310
2,0.1,20,93
1,0.1,20,127
2,0.1,20,19
1,0.1,20,806
2,0.1,20,570
1,0.1,20,555
2,0.1,20,263
1,0.1,20,223
2,0.1,20,45
1,0.1,20,148
2,0.1,20,41
1,0.1,20,130
2,0.1,20,26
1,0.1,20,465
2,0.1,20,195
1,0.1,20,124
2,0.1,20,13
1,0.1,20,279
2,0.1,20,114
1,0.1,20,467
2,0.1,20,267
1,0.1,20,403
2,0.1,20,190
1,0.1,20,129
2,0.1,20,19
1,0.1,20,185
2,0.1,20,39
1,0.1,20,378
2,0.1,20,205
1,0.1,20,224
2,0.1,20,53
1,0.1,20,293
2,0.1,20,102
1,0.1,20,49
2,0.1,20,2
1,0.1,20,420
2,0.1,20,176
1,0.1,20,237
2,0.1,20,69
1,0.1,20,327
2,0.1,20,116
1,0.1,20,179
2,0.1,20,55
1,0.1,20,180
2,0.1,20,29
1,0.1,20,201
2,0.1,20,59
1,0.1,20,193
2,0.1,20,42
1,0.1,20,225
2,0.1,20,47
1,0.1,20,225
2,0.1,20,90
1,0.1,20,352
2,0.1,20,185
1,0.1,20,322
2,0.1,20,145
1,0.1,20,361
2,0.1,20,124
1,0.1,20,402
2,0.1,20,173
1,0.1,20,272
2,0.1,20,98
1,0.1,20,358
2,0.1,20,135
1,0.1,20,391
2,0.1,20,142
1,0.1,20,123
2,0.1,20,9
1,0.1,20,318
2,0.1,20,120
1,0.1,20,195
2,0.1,20,43
1,0.1,20,377
2,0.1,20,157
1,0.1,20,284
2,0.1,20,114
1,0.1,20,266
2,0.1,20,58
1,0.1,20,114
2,0.1,20,23
1,0.1,20,225
2,0.1,20,28
1,0.1,20,329
2,0.1,20,89
1,0.1,20,474
2,0.1,20,243
1,0.1,20,212
2,0.1,20,65
1,0.1,20,241
2,0.1,20,55
1,0.1,20,354
2,0.1,20,131
1,0.1,20,189
2,0.1,20,106
1,0.1,20,257
2,0.1,20,86
1,0.1,20,155
2,0.1,20,9
1,0.1,20,270
2,0.1,20,64
1,0.1,20,211
2,0.1,20,71
1,0.1,20,476
2,0.1,20,197
1,0.1,20,292
2,0.1,20,79
1,0.1,20,46
2,0.1,20,1
1,0.1,20,334
2,0.1,20,135
1,0.1,20,204
2,0.1,20,59
1,0.1,20,100
2,0.1,20,6
1,0.1,20,320
2,0.1,20,95
1,0.1,20,223
2,0.1,20,38
1,0.1,20,226
2,0.1,20,34
1,0.1,20,170
2,0.1,20,23
1,0.1,20,464
2,0.1,20,190
1,0.1,20,187
2,0.1,20,38
1,0.1,20,238
2,0.1,20,88
1,0.1,20,319
2,0.1,20,100
1,0.1,20,120
2,0.1,20,22
1,0.1,20,446
2,0.1,20,197
1,0.1,20,194
2,0.1,20,72
1,0.1,20,232
2,0.1,20,53
1,0.1,20,152
2,0.1,20,42
1,0.1,20,673
2,0.1,20,450
1,0.1,20,221
2,0.1,20,78
1,0.1,20,237
2,0.1,20,72
1,0.1,20,303
2,0.1,20,94
1,0.1,20,254
2,0.1,20,117
1,0.1,20,279
2,0.1,20,136
1,0.1,20,491
2,0.1,20,226
1,0.1,20,103
2,0.1,20,24
1,0.1,20,299
2,0.1,20,72
1,0.1,20,262
2,0.1,20,118
1,0.1,20,511
2,0.1,20,199
1,0.1,20,298
2,0.1,20,189
1,0.1,20,327
2,0.1,20,126
1,0.1,20,355
2,0.1,20,144
1,0.1,20,212
2,0.1,20,64
1,0.1,20,239
2,0.1,20,73
1,0.1,20,475
2,0.1,20,191
1,0.1,20,141
2,0.1,20,26
1,0.1,20,275
2,0.1,20,106
1,0.1,20,186
2,0.1,20,46
1,0.1,20,280
2,0.1,20,66
1,0.1,24,207
2,0.1,24,56
1,0.1,24,405
2,0.1,24,142
1,0.1,24,341
2,0.1,24,140
1,0.1,24,646
2,0.1,24,577
1,0.1,24,489
2,0.1,24,126
1,0.1,24,375
2,0.1,24,183
1,0.1,24,198
2,0.1,24,41
1,0.1,24,158
2,0.1,24,25
1,0.1,24,235
2,0.1,24,41
1,0.1,24,117
2,0.1,24,19
1,0.1,24,872
2,0.1,24,552
1,0.1,24,463
2,0.1,24,184
1,0.1,24,320
2,0.1,24,100
1,0.1,24,73
2,0.1,24,9
1,0.1,24,164
2,0.1,24,37
1,0.1,24,333
2,0.1,24,51
1,0.1,24,122
2,0.1,24,12
1,0.1,24,376
2,0.1,24,184
1,0.1,24,415
2,0.1,24,155
1,0.1,24,374
2,0.1,24,118
1,0.1,24,418
2,0.1,24,112
1,0.1,24,202
2,0.1,24,32
1,0.1,24,317
2,0.1,24,115
1,0.1,24,302
2,0.1,24,59
1,0.1,24,263
2,0.1,24,48
1,0.1,24,56
2,0.1,24,1
1,0.1,24,416
2,0.1,24,161
1,0.1,24,260
2,0.1,24,70
1,0.1,24,275
2,0.1,24,92
1,0.1,24,118
2,0.1,24,13
1,0.1,24,447
2,0.1,24,147
1,0.1,24,223
2,0.1,24,42
1,0.1,24,243
2,0.1,24,73
1,0.1,24,156
2,0.1,24,24
1,0.1,24,185
2,0.1,24,51
1,0.1,24,218
2,0.1,24,50
1,0.1,24,284
2,0.1,24,96
1,0.1,24,384
2,0.1,24,103
1,0.1,24,381
2,0.1,24,121
1,0.1,24,262
2,0.1,24,49
1,0.1,24,334
2,0.1,24,74
1,0.1,24,411
2,0.1,24,136
1,0.1,24,107
2,0.1,24,9
1,0.1,24,352
2,0.1,24,148
1,0.1,24,242
2,0.1,24,34
1,0.1,24,112
2,0.1,24,21
1,0.1,24,144
2,0.1,24,9
1,0.1,24,168
2,0.1,24,23
1,0.1,24,316
2,0.1,24,117
1,0.1,24,217
2,0.1,24,16
1,0.1,24,351
2,0.1,24,90
1,0.1,24,562
2,0.1,24,330
1,0.1,24,209
2,0.1,24,64
1,0.1,24,188
2,0.1,24,27
1,0.1,24,324
2,0.1,24,92
1,0.1,24,104
2,0.1,24,20
1,0.1,24,773
2,0.1,24,643
1,0.1,24,190
2,0.1,24,48
1,0.1,24,252
2,0.1,24,60
1,0.1,24,358
2,0.1,24,150
1,0.1,24,417
2,0.1,24,110
1,0.1,24,152
2,0.1,24,24
1,0.1,24,164
2,0.1,24,32
1,0.1,24,156
2,0.1,24,25
1,0.1,24,201
2,0.1,24,56
1,0.1,24,116
2,0.1,24,14
1,0.1,24,436
2,0.1,24,179
1,0.1,24,567
2,0.1,24,248
1,0.1,24,492
2,0.1,24,178
1,0.1,24,385
2,0.1,24,96
1,0.1,24,326
2,0.1,24,55
1,0.1,24,209
2,0.1,24,67
1,0.1,24,186
2,0.1,24,39
1,0.1,24,330
2,0.1,24,97
1,0.1,24,83
2,0.1,24,8
1,0.1,24,354
2,0.1,24,109
1,0.1,24,393
2,0.1,24,273
1,0.1,24,375
2,0.1,24,136
1,0.1,24,127
2,0.1,24,23
1,0.1,24,762
2,0.1,24,460
1,0.1,24,197
2,0.1,24,49
1,0.1,24,290
2,0.1,24,82
1,0.1,24,117
2,0.1,24,15
1,0.1,24,225
2,0.1,24,71
1,0.1,24,325
2,0.1,24,141
1,0.1,24,327
2,0.1,24,84
1,0.1,24,395
2,0.1,24,144
1,0.1,24,450
2,0.1,24,217
1,0.1,24,448
2,0.1,24,245
1,0.1,24,168
2,0.1,24,13
1,0.1,24,229
2,0.1,24,89
1,0.1,24,246
2,0.1,24,47
1,0.1,24,265
2,0.1,24,72
1,0.1,24,231
2,0.1,24,44
1,0.1,24,269
2,0.1,24,74
1,0.1,24,432
2,0.1,24,121
1,0.1,24,79
2,0.1,24,9
1,0.1,24,324
2,0.1,24,86
1,0.1,24,158
2,0.1,24,18
1,0.1,24,246
2,0.1,24,31
1,0.1,28,80
2,0.1,28,4
1,0.1,28,642
2,0.1,28,283
1,0.1,28,382
2,0.1,28,139
1,0.1,28,414
2,0.1,28,252
1,0.1,28,741
2,0.1,28,282
1,0.1,28,256
2,0.1,28,62
1,0.1,28,246
2,0.1,28,30
1,0.1,28,262
2,0.1,28,71
1,0.1,28,467
2,0.1,28,210
1,0.1,28,96
2,0.1,28,4
1,0.1,28,921
2,0.1,28,480
1,0.1,28,336
2,0.1,28,70
1,0.1,28,220
2,0.1,28,43
1,0.1,28,57
2,0.1,28,8
1,0.1,28,405
2,0.1,28,143
1,0.1,28,323
2,0.1,28,42
1,0.1,28,286
2,0.1,28,68
1,0.1,28,151
2,0.1,28,11
1,0.1,28,491
2,0.1,28,221
1,0.1,28,341
2,0.1,28,72
1,0.1,28,807
2,0.1,28,415
1,0.1,28,346
2,0.1,28,79
1,0.1,28,226
2,0.1,28,75
1,0.1,28,417
2,0.1,28,80
1,0.1,28,396
2,0.1,28,137
1,0.1,28,203
2,0.1,28,18
1,0.1,28,277
2,0.1,28,63
1,0.1,28,310
2,0.1,28,72
1,0.1,28,165
2,0.1,28,28
1,0.1,28,190
2,0.1,28,27
1,0.1,28,365
2,0.1,28,48
1,0.1,28,303
2,0.1,28,80
1,0.1,28,151
2,0.1,28,15
1,0.1,28,462
2,0.1,28,185
1,0.1,28,228
2,0.1,28,37
1,0.1,28,488
2,0.1,28,251
1,0.1,28,188
2,0.1,28,27
1,0.1,28,438
2,0.1,28,94
1,0.1,28,288
2,0.1,28,65
1,0.1,28,237
2,0.1,28,37
1,0.1,28,390
2,0.1,28,90
1,0.1,28,528
2,0.1,28,254
1,0.1,28,74
2,0.1,28,4
1,0.1,28,773
2,0.1,28,621
1,0.1,28,597
2,0.1,28,249
1,0.1,28,205
2,0.1,28,65
1,0.1,28,238
2,0.1,28,40
1,0.1,28,124
2,0.1,28,9
1,0.1,28,300
2,0.1,28,80
1,0.1,28,264
2,0.1,28,24
1,0.1,28,567
2,0.1,28,157
1,0.1,28,541
2,0.1,28,262
1,0.1,28,245
2,0.1,28,50
1,0.1,28,295
2,0.1,28,77
1,0.1,28,606
2,0.1,28,294
1,0.1,28,184
2,0.1,28,43
1,0.1,28,346
2,0.1,28,78
1,0.1,28,133
2,0.1,28,13
1,0.1,28,272
2,0.1,28,72
1,0.1,28,423
2,0.1,28,193
1,0.1,28,321
2,0.1,28,50
1,0.1,28,44
2,0.1,28,0
1,0.1,28,341
2,0.1,28,113
1,0.1,28,78
2,0.1,28,2
1,0.1,28,105
2,0.1,28,16
1,0.1,28,267
2,0.1,28,51
1,0.1,28,313
2,0.1,28,74
1,0.1,28,655
2,0.1,28,278
1,0.1,28,451
2,0.1,28,147
1,0.1,28,327
2,0.1,28,52
1,0.1,28,850
2,0.1,28,392
1,0.1,28,274
2,0.1,28,73
1,0.1,28,347
2,0.1,28,112
1,0.1,28,344
2,0.1,28,82
1,0.1,28,127
2,0.1,28,7
1,0.1,28,499
2,0.1,28,215
1,0.1,28,254
2,0.1,28,93
1,0.1,28,704
2,0.1,28,412
1,0.1,28,218
2,0.1,28,65
1,0.1,28,360
2,0.1,28,68
1,0.1,28,217
2,0.1,28,40
1,0.1,28,366
2,0.1,28,180
1,0.1,28,158
2,0.1,28,31
1,0.1,28,303
2,0.1,28,107
1,0.1,28,172
2,0.1,28,46
1,0.1,28,138
2,0.1,28,10
1,0.1,28,527
2,0.1,28,132
1,0.1,28,279
2,0.1,28,40
1,0.1,28,351
2,0.1,28,153
1,0.1,28,234
2,0.1,28,25
1,0.1,28,125
2,0.1,28,22
1,0.1,28,505
2,0.1,28,270
1,0.1,28,293
2,0.1,28,53
1,0.1,28,244
2,0.1,28,21
1,0.1,28,308
2,0.1,28,101
1,0.1,28,850
2,0.1,28,595
1,0.1,28,80
2,0.1,28,10
1,0.1,28,252
2,0.1,28,32
1,0.1,28,315
2,0.1,28,39
1,0.1,28,230
2,0.1,28,18
1,0.1,32,80
2,0.1,32,8
1,0.1,32,536
2,0.1,32,118
1,0.1,32,722
2,0.1,32,394
1,0.1,32,325
2,0.1,32,165
1,0.1,32,977
2,0.1,32,782
1,0.1,32,253
2,0.1,32,52
1,0.1,32,311
2,0.1,32,19
1,0.1,32,238
2,0.1,32,25
1,0.1,32,322
2,0.1,32,85
1,0.1,32,74
2,0.1,32,4
1,0.1,32,937
2,0.1,32,316
1,0.1,32,182
2,0.1,32,10
1,0.1,32,500
2,0.1,32,185
1,0.1,32,66
2,0.1,32,0
1,0.1,32,511
2,0.1,32,133
1,0.1,32,330
2,0.1,32,44
1,0.1,32,323
2,0.1,32,42
1,0.1,32,222
2,0.1,32,22
1,0.1,32,421
2,0.1,32,95
1,0.1,32,285
2,0.1,32,44
1,0.1,32,605
2,0.1,32,75
1,0.1,32,316
2,0.1,32,43
1,0.1,32,210
2,0.1,32,62
1,0.1,32,279
2,0.1,32,11
1,0.1,32,465
2,0.1,32,158
1,0.1,32,321
2,0.1,32,62
1,0.1,32,252
2,0.1,32,41
1,0.1,32,360
2,0.1,32,88
1,0.1,32,164
2,0.1,32,20
1,0.1,32,482
2,0.1,32,108
1,0.1,32,305
2,0.1,32,22
1,0.1,32,279
2,0.1,32,40
1,0.1,32,208
2,0.1,32,15
1,0.1,32,517
2,0.1,32,181
1,0.1,32,395
2,0.1,32,106
1,0.1,32,328
2,0.1,32,58
1,0.1,32,228
2,0.1,32,30
1,0.1,32,302
2,0.1,32,36
1,0.1,32,243
2,0.1,32,34
1,0.1,32,304
2,0.1,32,62
1,0.1,32,585
2,0.1,32,222
1,0.1,32,468
2,0.1,32,92
1,0.1,32,84
2,0.1,32,3
1,0.1,32,751
2,0.1,32,446
1,0.1,32,434
2,0.1,32,68
1,0.1,32,218
2,0.1,32,28
1,0.1,32,111
2,0.1,32,8
1,0.1,32,186
2,0.1,32,26
1,0.1,32,77
2,0.1,32,4
1,0.1,32,206
2,0.1,32,11
1,0.1,32,282
2,0.1,32,8
1,0.1,32,434
2,0.1,32,265
1,0.1,32,244
2,0.1,32,19
1,0.1,32,225
2,0.1,32,34
1,0.1,32,491
2,0.1,32,139
1,0.1,32,200
2,0.1,32,26
1,0.1,32,741
2,0.1,32,384
1,0.1,32,323
2,0.1,32,163
1,0.1,32,227
2,0.1,32,36
1,0.1,32,360
2,0.1,32,122
1,0.1,32,189
2,0.1,32,9
1,0.1,32,100
2,0.1,32,4
1,0.1,32,770
2,0.1,32,594
1,0.1,32,310
2,0.1,32,103
1,0.1,32,240
2,0.1,32,41
1,0.1,32,273
2,0.1,32,40
1,0.1,32,270
2,0.1,32,29
1,0.1,32,807
2,0.1,32,466
1,0.1,32,307
2,0.1,32,24
1,0.1,32,288
2,0.1,32,32
1,0.1,32,907
2,0.1,32,414
1,0.1,32,338
2,0.1,32,47
1,0.1,32,290
2,0.1,32,52
1,0.1,32,361
2,0.1,32,77
1,0.1,32,310
2,0.1,32,55
1,0.1,32,374
2,0.1,32,71
1,0.1,32,237
2,0.1,32,61
1,0.1,32,635
2,0.1,32,205
1,0.1,32,242
2,0.1,32,59
1,0.1,32,348
2,0.1,32,38
1,0.1,32,423
2,0.1,32,152
1,0.1,32,310
2,0.1,32,99
1,0.1,32,152
2,0.1,32,22
1,0.1,32,735
2,0.1,32,610
1,0.1,32,206
2,0.1,32,67
1,0.1,32,190
2,0.1,32,32
1,0.1,32,377
2,0.1,32,36
1,0.1,32,411
2,0.1,32,117
1,0.1,32,446
2,0.1,32,177
1,0.1,32,383
2,0.1,32,38
1,0.1,32,69
2,0.1,32,4
1,0.1,32,543
2,0.1,32,192
1,0.1,32,218
2,0.1,32,19
1,0.1,32,318
2,0.1,32,32
1,0.1,32,220
2,0.1,32,27
1,0.1,32,687
2,0.1,32,214
1,0.1,32,176
2,0.1,32,21
1,0.1,32,311
2,0.1,32,35
1,0.1,32,169
2,0.1,32,12
1,0.1,32,394
2,0.1,32,121
1,0.1,36,482
2,0.1,36,200
1,0.1,36,451
2,0.1,36,36
1,0.1,36,815
2,0.1,36,405
1,0.1,36,235
2,0.1,36,59
1,0.1,36,1000
2,0.1,36,785
1,0.1,36,202
2,0.1,36,22
1,0.1,36,404
2,0.1,36,19
1,0.1,36,180
2,0.1,36,9
1,0.1,36,283
2,0.1,36,40
1,0.1,36,574
2,0.1,36,300
1,0.1,36,942
2,0.1,36,217
1,0.1,36,182
2,0.1,36,2
1,0.1,36,746
2,0.1,36,182
1,0.1,36,56
2,0.1,36,0
1,0.1,36,430
2,0.1,36,65
1,0.1,36,591
2,0.1,36,171
1,0.1,36,326
2,0.1,36,22
1,0.1,36,307
2,0.1,36,25
1,0.1,36,319
2,0.1,36,34
1,0.1,36,445
2,0.1,36,69
1,0.1,36,699
2,0.1,36,104
1,0.1,36,407
2,0.1,36,36
1,0.1,36,193
2,0.1,36,29
1,0.1,36,596
2,0.1,36,53
1,0.1,36,361
2,0.1,36,41
1,0.1,36,511
2,0.1,36,92
1,0.1,36,227
2,0.1,36,14
1,0.1,36,388
2,0.1,36,77
1,0.1,36,281
2,0.1,36,36
1,0.1,36,540
2,0.1,36,74
1,0.1,36,358
2,0.1,36,21
1,0.1,36,282
2,0.1,36,31
1,0.1,36,336
2,0.1,36,56
1,0.1,36,383
2,0.1,36,51
1,0.1,36,259
2,0.1,36,20
1,0.1,36,240
2,0.1,36,41
1,0.1,36,427
2,0.1,36,79
1,0.1,36,852
2,0.1,36,425
1,0.1,36,187
2,0.1,36,11
1,0.1,36,379
2,0.1,36,47
1,0.1,36,501
2,0.1,36,53
1,0.1,36,431
2,0.1,36,39
1,0.1,36,371
2,0.1,36,37
1,0.1,36,650
2,0.1,36,132
1,0.1,36,263
2,0.1,36,8
1,0.1,36,253
2,0.1,36,47
1,0.1,36,118
2,0.1,36,8
1,0.1,36,380
2,0.1,36,83
1,0.1,36,104
2,0.1,36,3
1,0.1,36,517
2,0.1,36,38
1,0.1,36,411
2,0.1,36,15
1,0.1,36,227
2,0.1,36,27
1,0.1,36,693
2,0.1,36,239
1,0.1,36,412
2,0.1,36,94
1,0.1,36,327
2,0.1,36,36
1,0.1,36,176
2,0.1,36,10
1,0.1,36,772
2,0.1,36,190
1,0.1,36,304
2,0.1,36,95
1,0.1,36,292
2,0.1,36,44
1,0.1,36,359
2,0.1,36,75
1,0.1,36,536
2,0.1,36,144
1,0.1,36,191
2,0.1,36,10
1,0.1,36,469
2,0.1,36,72
1,0.1,36,769
2,0.1,36,267
1,0.1,36,170
2,0.1,36,13
1,0.1,36,463
2,0.1,36,125
1,0.1,36,277
2,0.1,36,26
1,0.1,36,681
2,0.1,36,131
1,0.1,36,553
2,0.1,36,79
1,0.1,36,537
2,0.1,36,118
1,0.1,36,983
2,0.1,36,409
1,0.1,36,211
2,0.1,36,6
1,0.1,36,248
2,0.1,36,34
1,0.1,36,331
2,0.1,36,58
1,0.1,36,245
2,0.1,36,10
1,0.1,36,482
2,0.1,36,99
1,0.1,36,237
2,0.1,36,33
1,0.1,36,755
2,0.1,36,200
1,0.1,36,111
2,0.1,36,8
1,0.1,36,204
2,0.1,36,4
1,0.1,36,422
2,0.1,36,86
1,0.1,36,256
2,0.1,36,35
1,0.1,36,198
2,0.1,36,24
1,0.1,36,492
2,0.1,36,82
1,0.1,36,108
2,0.1,36,9
1,0.1,36,266
2,0.1,36,50
1,0.1,36,774
2,0.1,36,130
1,0.1,36,299
2,0.1,36,25
1,0.1,36,302
2,0.1,36,36
1,0.1,36,302
2,0.1,36,18
1,0.1,36,168
2,0.1,36,16
1,0.1,36,355
2,0.1,36,23
1,0.1,36,290
2,0.1,36,36
1,0.1,36,180
2,0.1,36,4
1,0.1,36,163
2,0.1,36,13
1,0.1,36,549
2,0.1,36,33
1,0.1,36,195
2,0.1,36,16
1,0.1,36,416
2,0.1,36,89
1,0.1,36,282
2,0.1,36,19
1,0.1,36,319
2,0.1,36,36
