1,0.01,10,1000
2,0.01,10,0
1,0.01,10,1000
2,0.01,10,0
1,0.01,10,1000
2,0.01,10,0
1,0.01,10,1000
2,0.01,10,0
1,0.01,10,1000
2,0.01,10,0
1,0.01,10,1000
2,0.01,10,0
1,0.01,10,1000
2,0.01,10,0
1,0.01,10,1000
2,0.01,10,0
1,0.01,10,1000
2,0.01,10,0
1,0.01,10,1000
2,0.01,10,0
1,0.01,10,1000
2,0.01,10,0
1,0.01,10,1000
2,0.01,10,0
1,0.01,10,1000
2,0.01,10,0
1,0.01,10,1000
2,0.01,10,0
1,0.01,10,1000
2,0.01,10,0
1,0.01,10,1000
2,0.01,10,0
1,0.01,10,1000
2,0.01,10,0
1,0.01,10,1000
2,0.01,10,0
1,0.01,10,1000
2,0.01,10,0
1,0.01,10,1000
2,0.01,10,0
1,0.01,10,1000
2,0.01,10,0
1,0.01,10,1000
2,0.01,10,0
1,0.01,10,1000
2,0.01,10,0
1,0.01,10,1000
2,0.01,10,0
1,0.01,10,1000
2,0.01,10,0
1,0.01,10,1000
2,0.01,10,0
1,0.01,10,933
2,0.01,10,33
1,0.01,10,1000
2,0.01,10,0
1,0.01,10,1000
2,0.01,10,0
1,0.01,10,1000
2,0.01,10,0
1,0.01,10,1000
2,0.01,10,0
1,0.01,10,1000
2,0.01,10,0
1,0.01,10,1000
2,0.01,10,0
1,0.01,10,997
2,0.01,10,0
1,0.01,10,1000
2,0.01,10,0
1,0.01,10,1000
2,0.01,10,0
1,0.01,10,1000
2,0.01,10,0
1,0.01,10,1000
2,0.01,10,0
1,0.01,10,1000
2,0.01,10,0
1,0.01,10,1000
2,0.01,10,0
1,0.01,10,1000
2,0.01,10,0
1,0.01,10,1000
2,0.01,10,0
1,0.01,10,1000
2,0.01,10,0
1,0.01,10,1000
2,0.01,10,0
1,0.01,10,1000
2,0.01,10,0
1,0.01,10,1000
2,0.01,10,0
1,0.01,10,1000
2,0.01,10,0
1,0.01,10,1000
2,0.01,10,0
1,0.01,10,1000
2,0.01,10,0
1,0.01,10,1000
2,0.01,10,0
1,0.01,10,1000
2,0.01,10,0
1,0.01,10,1000
2,0.01,10,0
1,0.01,10,1000
2,0.01,10,0
1,0.01,10,1000
2,0.01,10,0
1,0.01,10,1000
2,0.01,10,0
1,0.01,10,1000
2,0.01,10,0
1,0.01,10,1000
2,0.01,10,0
1,0.01,10,1000
2,0.01,10,0
1,0.01,10,759
2,0.01,10,62
1,0.01,10,1000
2,0.01,10,0
1,0.01,10,1000
2,0.01,10,0
1,0.01,10,1000
2,0.01,10,0
1,0.01,10,1000
2,0.01,10,0
1,0.01,10,1000
2,0.01,10,0
1,0.01,10,1000
2,0.01,10,0
1,0.01,10,1000
2,0.01,10,0
1,0.01,10,1000
2,0.01,10,0
1,0.01,10,1000
2,0.01,10,0
1,0.01,10,1000
2,0.01,10,0
1,0.01,10,1000
2,0.01,10,0
1,0.01,10,1000
2,0.01,10,0
1,0.01,10,997
2,0.01,10,0
1,0.01,10,1000
2,0.01,10,0
1,0.01,10,1000
2,0.01,10,0
1,0.01,10,1000
2,0.01,10,0
1,0.01,10,1000
2,0.01,10,0
1,0.01,10,1000
2,0.01,10,0
1,0.01,10,1000
2,0.01,10,0
1,0.01,10,1000
2,0.01,10,0
1,0.01,10,1000
2,0.01,10,0
1,0.01,10,1000
2,0.01,10,0
1,0.01,10,1000
2,0.01,10,0
1,0.01,10,1000
2,0.01,10,0
1,0.01,10,1000
2,0.01,10,0
1,0.01,10,1000
2,0.01,10,0
1,0.01,10,999
2,0.01,10,0
1,0.01,10,994
2,0.01,10,0
1,0.01,10,1000
2,0.01,10,0
1,0.01,10,1000
2,0.01,10,0
1,0.01,10,1000
2,0.01,10,0
1,0.01,10,1000
2,0.01,10,0
1,0.01,10,1000
2,0.01,10,0
1,0.01,10,1000
2,0.01,10,0
1,0.01,10,1000
2,0.01,10,0
1,0.01,10,994
2,0.01,10,0
1,0.01,10,1000
2,0.01,10,0
1,0.01,10,1000
2,0.01,10,0
1,0.01,10,1000
2,0.01,10,0
1,0.01,10,1000
2,0.01,10,0
1,0.01,10,1000
2,0.01,10,0
1,0.01,20,1000
2,0.01,20,0
1,0.01,20,1000
2,0.01,20,0
1,0.01,20,1000
2,0.01,20,0
1,0.01,20,1000
2,0.01,20,0
1,0.01,20,1000
2,0.01,20,0
1,0.01,20,1000
2,0.01,20,0
1,0.01,20,1000
2,0.01,20,0
1,0.01,20,975
2,0.01,20,8
1,0.01,20,1000
2,0.01,20,0
1,0.01,20,1000
2,0.01,20,0
1,0.01,20,1000
2,0.01,20,0
1,0.01,20,1000
2,0.01,20,0
1,0.01,20,1000
2,0.01,20,0
1,0.01,20,1000
2,0.01,20,0
1,0.01,20,1000
2,0.01,20,0
1,0.01,20,1000
2,0.01,20,0
1,0.01,20,1000
2,0.01,20,0
1,0.01,20,1000
2,0.01,20,0
1,0.01,20,1000
2,0.01,20,0
1,0.01,20,1000
2,0.01,20,0
1,0.01,20,1000
2,0.01,20,0
1,0.01,20,1000
2,0.01,20,0
1,0.01,20,1000
2,0.01,20,0
1,0.01,20,1000
2,0.01,20,0
1,0.01,20,1000
2,0.01,20,0
1,0.01,20,1000
2,0.01,20,0
1,0.01,20,1000
2,0.01,20,0
1,0.01,20,1000
2,0.01,20,0
1,0.01,20,1000
2,0.01,20,0
1,0.01,20,1000
2,0.01,20,0
1,0.01,20,1000
2,0.01,20,0
1,0.01,20,1000
2,0.01,20,0
1,0.01,20,1000
2,0.01,20,0
1,0.01,20,1000
2,0.01,20,0
1,0.01,20,1000
2,0.01,20,0
1,0.01,20,1000
2,0.01,20,0
1,0.01,20,1000
2,0.01,20,0
1,0.01,20,1000
2,0.01,20,0
1,0.01,20,1000
2,0.01,20,0
1,0.01,20,1000
2,0.01,20,0
1,0.01,20,1000
2,0.01,20,0
1,0.01,20,1000
2,0.01,20,0
1,0.01,20,805
2,0.01,20,80
1,0.01,20,1000
2,0.01,20,0
1,0.01,20,1000
2,0.01,20,0
1,0.01,20,1000
2,0.01,20,0
1,0.01,20,1000
2,0.01,20,0
1,0.01,20,1000
2,0.01,20,0
1,0.01,20,1000
2,0.01,20,0
1,0.01,20,989
2,0.01,20,0
1,0.01,20,1000
2,0.01,20,0
1,0.01,20,1000
2,0.01,20,0
1,0.01,20,1000
2,0.01,20,0
1,0.01,20,1000
2,0.01,20,0
1,0.01,20,1000
2,0.01,20,0
1,0.01,20,1000
2,0.01,20,0
1,0.01,20,1000
2,0.01,20,0
1,0.01,20,1000
2,0.01,20,0
1,0.01,20,108
2,0.01,20,11
1,0.01,20,1000
2,0.01,20,0
1,0.01,20,1000
2,0.01,20,0
1,0.01,20,1000
2,0.01,20,0
1,0.01,20,1000
2,0.01,20,0
1,0.01,20,1000
2,0.01,20,0
1,0.01,20,1000
2,0.01,20,0
1,0.01,20,1000
2,0.01,20,0
1,0.01,20,1000
2,0.01,20,0
1,0.01,20,1000
2,0.01,20,0
1,0.01,20,1000
2,0.01,20,0
1,0.01,20,1000
2,0.01,20,0
1,0.01,20,1000
2,0.01,20,0
1,0.01,20,1000
2,0.01,20,0
1,0.01,20,1000
2,0.01,20,0
1,0.01,20,1000
2,0.01,20,0
1,0.01,20,1000
2,0.01,20,0
1,0.01,20,1000
2,0.01,20,0
1,0.01,20,1000
2,0.01,20,0
1,0.01,20,1000
2,0.01,20,0
1,0.01,20,1000
2,0.01,20,0
1,0.01,20,1000
2,0.01,20,0
1,0.01,20,999
2,0.01,20,0
1,0.01,20,1000
2,0.01,20,0
1,0.01,20,1000
2,0.01,20,0
1,0.01,20,1000
2,0.01,20,0
1,0.01,20,1000
2,0.01,20,0
1,0.01,20,1000
2,0.01,20,0
1,0.01,20,1000
2,0.01,20,0
1,0.01,20,1000
2,0.01,20,0
1,0.01,20,1000
2,0.01,20,0
1,0.01,20,1000
2,0.01,20,0
1,0.01,20,1000
2,0.01,20,0
1,0.01,20,1000
2,0.01,20,0
1,0.01,20,1000
2,0.01,20,0
1,0.01,20,1000
2,0.01,20,0
1,0.01,20,960
2,0.01,20,56
1,0.01,20,1000
2,0.01,20,0
1,0.01,20,1000
2,0.01,20,0
1,0.01,20,1000
2,0.01,20,0
1,0.01,20,1000
2,0.01,20,0
1,0.01,20,1000
2,0.01,20,0
1,0.01,40,1000
2,0.01,40,0
1,0.01,40,1000
2,0.01,40,0
1,0.01,40,1000
2,0.01,40,0
1,0.01,40,1000
2,0.01,40,0
1,0.01,40,1000
2,0.01,40,0
1,0.01,40,846
2,0.01,40,9
1,0.01,40,1000
2,0.01,40,0
1,0.01,40,994
2,0.01,40,0
1,0.01,40,1000
2,0.01,40,0
1,0.01,40,1000
2,0.01,40,0
1,0.01,40,1000
2,0.01,40,0
1,0.01,40,1000
2,0.01,40,0
1,0.01,40,1000
2,0.01,40,0
1,0.01,40,1000
2,0.01,40,0
1,0.01,40,1000
2,0.01,40,0
1,0.01,40,1000
2,0.01,40,0
1,0.01,40,1000
2,0.01,40,0
1,0.01,40,258
2,0.01,40,19
1,0.01,40,1000
2,0.01,40,0
1,0.01,40,1000
2,0.01,40,0
1,0.01,40,116
2,0.01,40,12
1,0.01,40,1000
2,0.01,40,0
1,0.01,40,575
2,0.01,40,186
1,0.01,40,1000
2,0.01,40,0
1,0.01,40,1000
2,0.01,40,0
1,0.01,40,1000
2,0.01,40,0
1,0.01,40,1000
2,0.01,40,0
1,0.01,40,1000
2,0.01,40,0
1,0.01,40,1000
2,0.01,40,0
1,0.01,40,1000
2,0.01,40,0
1,0.01,40,1000
2,0.01,40,0
1,0.01,40,1000
2,0.01,40,0
1,0.01,40,1000
2,0.01,40,0
1,0.01,40,1000
2,0.01,40,0
1,0.01,40,1000
2,0.01,40,0
1,0.01,40,1000
2,0.01,40,0
1,0.01,40,1000
2,0.01,40,0
1,0.01,40,1000
2,0.01,40,0
1,0.01,40,1000
2,0.01,40,0
1,0.01,40,1000
2,0.01,40,0
1,0.01,40,1000
2,0.01,40,0
1,0.01,40,1000
2,0.01,40,0
1,0.01,40,989
2,0.01,40,2
1,0.01,40,1000
2,0.01,40,0
1,0.01,40,760
2,0.01,40,139
1,0.01,40,1000
2,0.01,40,0
1,0.01,40,1000
2,0.01,40,0
1,0.01,40,1000
2,0.01,40,0
1,0.01,40,1000
2,0.01,40,0
1,0.01,40,776
2,0.01,40,51
1,0.01,40,1000
2,0.01,40,0
1,0.01,40,1000
2,0.01,40,0
1,0.01,40,1000
2,0.01,40,0
1,0.01,40,1000
2,0.01,40,0
1,0.01,40,1000
2,0.01,40,0
1,0.01,40,1000
2,0.01,40,0
1,0.01,40,1000
2,0.01,40,0
1,0.01,40,175
2,0.01,40,23
1,0.01,40,82
2,0.01,40,6
1,0.01,40,1000
2,0.01,40,0
1,0.01,40,1000
2,0.01,40,0
1,0.01,40,1000
2,0.01,40,0
1,0.01,40,1000
2,0.01,40,0
1,0.01,40,1000
2,0.01,40,0
1,0.01,40,1000
2,0.01,40,0
1,0.01,40,255
2,0.01,40,11
1,0.01,40,1000
2,0.01,40,0
1,0.01,40,1000
2,0.01,40,0
1,0.01,40,1000
2,0.01,40,0
1,0.01,40,1000
2,0.01,40,0
1,0.01,40,1000
2,0.01,40,0
1,0.01,40,1000
2,0.01,40,0
1,0.01,40,1000
2,0.01,40,0
1,0.01,40,1000
2,0.01,40,0
1,0.01,40,1000
2,0.01,40,0
1,0.01,40,1000
2,0.01,40,0
1,0.01,40,1000
2,0.01,40,0
1,0.01,40,1000
2,0.01,40,0
1,0.01,40,1000
2,0.01,40,0
1,0.01,40,1000
2,0.01,40,0
1,0.01,40,1000
2,0.01,40,0
1,0.01,40,1000
2,0.01,40,0
1,0.01,40,1000
2,0.01,40,0
1,0.01,40,1000
2,0.01,40,0
1,0.01,40,1000
2,0.01,40,0
1,0.01,40,920
2,0.01,40,28
1,0.01,40,1000
2,0.01,40,0
1,0.01,40,1000
2,0.01,40,0
1,0.01,40,1000
2,0.01,40,0
1,0.01,40,1000
2,0.01,40,0
1,0.01,40,1000
2,0.01,40,0
1,0.01,40,1000
2,0.01,40,0
1,0.01,40,1000
2,0.01,40,0
1,0.01,40,1000
2,0.01,40,0
1,0.01,40,1000
2,0.01,40,0
1,0.01,40,1000
2,0.01,40,0
1,0.01,40,1000
2,0.01,40,0
1,0.01,40,1000
2,0.01,40,0
1,0.01,40,1000
2,0.01,40,0
1,0.01,40,1000
2,0.01,40,0
1,0.01,80,1000
2,0.01,80,0
1,0.01,80,1000
2,0.01,80,0
1,0.01,80,1000
2,0.01,80,0
1,0.01,80,1000
2,0.01,80,0
1,0.01,80,1000
2,0.01,80,0
1,0.01,80,1000
2,0.01,80,0
1,0.01,80,1000
2,0.01,80,0
1,0.01,80,1000
2,0.01,80,0
1,0.01,80,1000
2,0.01,80,0
1,0.01,80,1000
2,0.01,80,0
1,0.01,80,1000
2,0.01,80,0
1,0.01,80,1000
2,0.01,80,0
1,0.01,80,1000
2,0.01,80,0
1,0.01,80,1000
2,0.01,80,0
1,0.01,80,1000
2,0.01,80,0
1,0.01,80,1000
2,0.01,80,0
1,0.01,80,1000
2,0.01,80,0
1,0.01,80,1000
2,0.01,80,0
1,0.01,80,1000
2,0.01,80,0
1,0.01,80,1000
2,0.01,80,0
1,0.01,80,72
2,0.01,80,2
1,0.01,80,1000
2,0.01,80,0
1,0.01,80,1000
2,0.01,80,0
1,0.01,80,1000
2,0.01,80,0
1,0.01,80,1000
2,0.01,80,0
1,0.01,80,1000
2,0.01,80,0
1,0.01,80,1000
2,0.01,80,0
1,0.01,80,1000
2,0.01,80,0
1,0.01,80,1000
2,0.01,80,0
1,0.01,80,1000
2,0.01,80,0
1,0.01,80,1000
2,0.01,80,0
1,0.01,80,1000
2,0.01,80,0
1,0.01,80,1000
2,0.01,80,0
1,0.01,80,1000
2,0.01,80,0
1,0.01,80,1000
2,0.01,80,0
1,0.01,80,1000
2,0.01,80,0
1,0.01,80,1000
2,0.01,80,0
1,0.01,80,1000
2,0.01,80,0
1,0.01,80,1000
2,0.01,80,0
1,0.01,80,1000
2,0.01,80,0
1,0.01,80,1000
2,0.01,80,0
1,0.01,80,1000
2,0.01,80,0
1,0.01,80,1000
2,0.01,80,0
1,0.01,80,1000
2,0.01,80,0
1,0.01,80,1000
2,0.01,80,0
1,0.01,80,1000
2,0.01,80,0
1,0.01,80,1000
2,0.01,80,0
1,0.01,80,1000
2,0.01,80,0
1,0.01,80,1000
2,0.01,80,0
1,0.01,80,1000
2,0.01,80,0
1,0.01,80,1000
2,0.01,80,0
1,0.01,80,1000
2,0.01,80,0
1,0.01,80,1000
2,0.01,80,0
1,0.01,80,1000
2,0.01,80,0
1,0.01,80,1000
2,0.01,80,0
1,0.01,80,1000
2,0.01,80,0
1,0.01,80,1000
2,0.01,80,0
1,0.01,80,190
2,0.01,80,27
1,0.01,80,1000
2,0.01,80,0
1,0.01,80,1000
2,0.01,80,0
1,0.01,80,1000
2,0.01,80,0
1,0.01,80,1000
2,0.01,80,0
1,0.01,80,1000
2,0.01,80,0
1,0.01,80,1000
2,0.01,80,0
1,0.01,80,1000
2,0.01,80,0
1,0.01,80,617
2,0.01,80,18
1,0.01,80,1000
2,0.01,80,0
1,0.01,80,505
2,0.01,80,69
1,0.01,80,1000
2,0.01,80,0
1,0.01,80,1000
2,0.01,80,0
1,0.01,80,1000
2,0.01,80,0
1,0.01,80,1000
2,0.01,80,0
1,0.01,80,1000
2,0.01,80,0
1,0.01,80,1000
2,0.01,80,0
1,0.01,80,1000
2,0.01,80,0
1,0.01,80,1000
2,0.01,80,0
1,0.01,80,1000
2,0.01,80,0
1,0.01,80,1000
2,0.01,80,0
1,0.01,80,1000
2,0.01,80,0
1,0.01,80,1000
2,0.01,80,0
1,0.01,80,1000
2,0.01,80,0
1,0.01,80,1000
2,0.01,80,0
1,0.01,80,1000
2,0.01,80,0
1,0.01,80,1000
2,0.01,80,0
1,0.01,80,1000
2,0.01,80,0
1,0.01,80,1000
2,0.01,80,0
1,0.01,80,1000
2,0.01,80,0
1,0.01,80,983
2,0.01,80,0
1,0.01,80,1000
2,0.01,80,0
1,0.01,80,1000
2,0.01,80,0
1,0.01,80,1000
2,0.01,80,0
1,0.01,80,833
2,0.01,80,13
1,0.01,80,1000
2,0.01,80,0
1,0.01,80,1000
2,0.01,80,0
1,0.01,80,1000
2,0.01,80,0
1,0.01,80,1000
2,0.01,80,0
1,0.01,80,1000
2,0.01,80,0
1,0.01,80,1000
2,0.01,80,0
1,0.01,80,1000
2,0.01,80,0
1,0.01,80,1000
2,0.01,80,0
1,0.01,100,1000
2,0.01,100,0
1,0.01,100,1000
2,0.01,100,0
1,0.01,100,1000
2,0.01,100,0
1,0.01,100,1000
2,0.01,100,0
1,0.01,100,1000
2,0.01,100,0
1,0.01,100,1000
2,0.01,100,0
1,0.01,100,1000
2,0.01,100,0
1,0.01,100,1000
2,0.01,100,0
1,0.01,100,1000
2,0.01,100,0
1,0.01,100,1000
2,0.01,100,0
1,0.01,100,1000
2,0.01,100,0
1,0.01,100,1000
2,0.01,100,0
1,0.01,100,1000
2,0.01,100,0
1,0.01,100,1000
2,0.01,100,0
1,0.01,100,1000
2,0.01,100,0
1,0.01,100,1000
2,0.01,100,0
1,0.01,100,1000
2,0.01,100,0
1,0.01,100,1000
2,0.01,100,0
1,0.01,100,1000
2,0.01,100,0
1,0.01,100,1000
2,0.01,100,0
1,0.01,100,69
2,0.01,100,1
1,0.01,100,1000
2,0.01,100,0
1,0.01,100,1000
2,0.01,100,0
1,0.01,100,1000
2,0.01,100,0
1,0.01,100,1000
2,0.01,100,0
1,0.01,100,1000
2,0.01,100,0
1,0.01,100,1000
2,0.01,100,0
1,0.01,100,1000
2,0.01,100,0
1,0.01,100,1000
2,0.01,100,0
1,0.01,100,1000
2,0.01,100,0
1,0.01,100,1000
2,0.01,100,0
1,0.01,100,1000
2,0.01,100,0
1,0.01,100,1000
2,0.01,100,0
1,0.01,100,1000
2,0.01,100,0
1,0.01,100,1000
2,0.01,100,0
1,0.01,100,1000
2,0.01,100,0
1,0.01,100,1000
2,0.01,100,0
1,0.01,100,1000
2,0.01,100,0
1,0.01,100,1000
2,0.01,100,0
1,0.01,100,1000
2,0.01,100,0
1,0.01,100,1000
2,0.01,100,0
1,0.01,100,1000
2,0.01,100,0
1,0.01,100,1000
2,0.01,100,0
1,0.01,100,1000
2,0.01,100,0
1,0.01,100,1000
2,0.01,100,0
1,0.01,100,1000
2,0.01,100,0
1,0.01,100,1000
2,0.01,100,0
1,0.01,100,1000
2,0.01,100,0
1,0.01,100,1000
2,0.01,100,0
1,0.01,100,1000
2,0.01,100,0
1,0.01,100,1000
2,0.01,100,0
1,0.01,100,1000
2,0.01,100,0
1,0.01,100,1000
2,0.01,100,0
1,0.01,100,1000
2,0.01,100,0
1,0.01,100,1000
2,0.01,100,0
1,0.01,100,1000
2,0.01,100,0
1,0.01,100,1000
2,0.01,100,0
1,0.01,100,1000
2,0.01,100,0
1,0.01,100,1000
2,0.01,100,0
1,0.01,100,1000
2,0.01,100,0
1,0.01,100,1000
2,0.01,100,0
1,0.01,100,1000
2,0.01,100,0
1,0.01,100,1000
2,0.01,100,0
1,0.01,100,1000
2,0.01,100,0
1,0.01,100,1000
2,0.01,100,0
1,0.01,100,1000
2,0.01,100,0
1,0.01,100,1000
2,0.01,100,0
1,0.01,100,1000
2,0.01,100,0
1,0.01,100,1000
2,0.01,100,0
1,0.01,100,1000
2,0.01,100,0
1,0.01,100,1000
2,0.01,100,0
1,0.01,100,1000
2,0.01,100,0
1,0.01,100,1000
2,0.01,100,0
1,0.01,100,1000
2,0.01,100,0
1,0.01,100,1000
2,0.01,100,0
1,0.01,100,1000
2,0.01,100,0
1,0.01,100,1000
2,0.01,100,0
1,0.01,100,1000
2,0.01,100,0
1,0.01,100,1000
2,0.01,100,0
1,0.01,100,1000
2,0.01,100,0
1,0.01,100,1000
2,0.01,100,0
1,0.01,100,1000
2,0.01,100,0
1,0.01,100,1000
2,0.01,100,0
1,0.01,100,1000
2,0.01,100,0
1,0.01,100,1000
2,0.01,100,0
1,0.01,100,1000
2,0.01,100,0
1,0.01,100,1000
2,0.01,100,0
1,0.01,100,1000
2,0.01,100,0
1,0.01,100,1000
2,0.01,100,0
1,0.01,100,1000
2,0.01,100,0
1,0.01,100,1000
2,0.01,100,0
1,0.01,100,1000
2,0.01,100,0
1,0.01,100,1000
2,0.01,100,0
1,0.01,100,1000
2,0.01,100,0
1,0.01,100,1000
2,0.01,100,0
1,0.01,100,1000
2,0.01,100,0
1,0.01,100,1000
2,0.01,100,0
1,0.01,100,1000
2,0.01,100,0
1,0.01,100,1000
2,0.01,100,0
1,0.01,100,1000
2,0.01,100,0
1,0.01,200,1000
2,0.01,200,0
1,0.01,200,1000
2,0.01,200,0
1,0.01,200,1000
2,0.01,200,0
1,0.01,200,1000
2,0.01,200,0
1,0.01,200,1000
2,0.01,200,0
1,0.01,200,1000
2,0.01,200,0
1,0.01,200,1000
2,0.01,200,0
1,0.01,200,1000
2,0.01,200,0
1,0.01,200,1000
2,0.01,200,0
1,0.01,200,1000
2,0.01,200,0
1,0.01,200,1000
2,0.01,200,0
1,0.01,200,1000
2,0.01,200,0
1,0.01,200,1000
2,0.01,200,0
1,0.01,200,1000
2,0.01,200,0
1,0.01,200,1000
2,0.01,200,0
1,0.01,200,1000
2,0.01,200,0
1,0.01,200,1000
2,0.01,200,0
1,0.01,200,1000
2,0.01,200,0
1,0.01,200,1000
2,0.01,200,0
1,0.01,200,1000
2,0.01,200,0
1,0.01,200,1000
2,0.01,200,0
1,0.01,200,1000
2,0.01,200,0
1,0.01,200,1000
2,0.01,200,0
1,0.01,200,1000
2,0.01,200,0
1,0.01,200,1000
2,0.01,200,0
1,0.01,200,1000
2,0.01,200,0
1,0.01,200,1000
2,0.01,200,0
1,0.01,200,1000
2,0.01,200,0
1,0.01,200,1000
2,0.01,200,0
1,0.01,200,1000
2,0.01,200,0
1,0.01,200,1000
2,0.01,200,0
1,0.01,200,1000
2,0.01,200,0
1,0.01,200,1000
2,0.01,200,0
1,0.01,200,1000
2,0.01,200,0
1,0.01,200,1000
2,0.01,200,0
1,0.01,200,1000
2,0.01,200,0
1,0.01,200,1000
2,0.01,200,0
1,0.01,200,1000
2,0.01,200,0
1,0.01,200,1000
2,0.01,200,0
1,0.01,200,1000
2,0.01,200,0
1,0.01,200,1000
2,0.01,200,0
1,0.01,200,1000
2,0.01,200,0
1,0.01,200,1000
2,0.01,200,0
1,0.01,200,1000
2,0.01,200,0
1,0.01,200,1000
2,0.01,200,0
1,0.01,200,1000
2,0.01,200,0
1,0.01,200,1000
2,0.01,200,0
1,0.01,200,1000
2,0.01,200,0
1,0.01,200,1000
2,0.01,200,0
1,0.01,200,1000
2,0.01,200,0
1,0.01,200,1000
2,0.01,200,0
1,0.01,200,1000
2,0.01,200,0
1,0.01,200,1000
2,0.01,200,0
1,0.01,200,1000
2,0.01,200,0
1,0.01,200,1000
2,0.01,200,0
1,0.01,200,1000
2,0.01,200,0
1,0.01,200,1000
2,0.01,200,0
1,0.01,200,1000
2,0.01,200,0
1,0.01,200,1000
2,0.01,200,0
1,0.01,200,1000
2,0.01,200,0
1,0.01,200,1000
2,0.01,200,0
1,0.01,200,1000
2,0.01,200,0
1,0.01,200,1000
2,0.01,200,0
1,0.01,200,1000
2,0.01,200,0
1,0.01,200,1000
2,0.01,200,0
1,0.01,200,1000
2,0.01,200,0
1,0.01,200,1000
2,0.01,200,0
1,0.01,200,1000
2,0.01,200,0
1,0.01,200,1000
2,0.01,200,0
1,0.01,200,1000
2,0.01,200,0
1,0.01,200,1000
2,0.01,200,0
1,0.01,200,1000
2,0.01,200,0
1,0.01,200,1000
2,0.01,200,0
1,0.01,200,1000
2,0.01,200,0
1,0.01,200,1000
2,0.01,200,0
1,0.01,200,1000
2,0.01,200,0
1,0.01,200,1000
2,0.01,200,0
1,0.01,200,1000
2,0.01,200,0
1,0.01,200,1000
2,0.01,200,0
1,0.01,200,1000
2,0.01,200,0
1,0.01,200,1000
2,0.01,200,0
1,0.01,200,1000
2,0.01,200,0
1,0.01,200,1000
2,0.01,200,0
1,0.01,200,1000
2,0.01,200,0
1,0.01,200,1000
2,0.01,200,0
1,0.01,200,1000
2,0.01,200,0
1,0.01,200,1000
2,0.01,200,0
1,0.01,200,1000
2,0.01,200,0
1,0.01,200,1000
2,0.01,200,0
1,0.01,200,1000
2,0.01,200,0
1,0.01,200,1000
2,0.01,200,0
1,0.01,200,1000
2,0.01,200,0
1,0.01,200,1000
2,0.01,200,0
1,0.01,200,1000
2,0.01,200,0
1,0.01,200,1000
2,0.01,200,0
1,0.01,200,1000
2,0.01,200,0
1,0.01,200,1000
2,0.01,200,0
1,0.01,200,1000
2,0.01,200,0
1,0.01,200,1000
2,0.01,200,0
1,0.01,200,1000
2,0.01,200,0
1,0.025,10,998
2,0.025,10,1
1,0.025,10,1000
2,0.025,10,6
1,0.025,10,965
2,0.025,10,0
1,0.025,10,995
2,0.025,10,1
1,0.025,10,973
2,0.025,10,87
1,0.025,10,823
2,0.025,10,0
1,0.025,10,968
2,0.025,10,0
1,0.025,10,1000
2,0.025,10,0
1,0.025,10,936
2,0.025,10,1
1,0.025,10,1000
2,0.025,10,166
1,0.025,10,982
2,0.025,10,0
1,0.025,10,996
2,0.025,10,0
1,0.025,10,995
2,0.025,10,0
1,0.025,10,1000
2,0.025,10,0
1,0.025,10,988
2,0.025,10,1
1,0.025,10,902
2,0.025,10,1
1,0.025,10,1000
2,0.025,10,0
1,0.025,10,961
2,0.025,10,0
1,0.025,10,951
2,0.025,10,0
1,0.025,10,945
2,0.025,10,0
1,0.025,10,918
2,0.025,10,9
1,0.025,10,994
2,0.025,10,9
1,0.025,10,996
2,0.025,10,8
1,0.025,10,940
2,0.025,10,82
1,0.025,10,970
2,0.025,10,28
1,0.025,10,993
2,0.025,10,6
1,0.025,10,803
2,0.025,10,72
1,0.025,10,936
2,0.025,10,5
1,0.025,10,988
2,0.025,10,0
1,0.025,10,998
2,0.025,10,5
1,0.025,10,982
2,0.025,10,2
1,0.025,10,1000
2,0.025,10,0
1,0.025,10,993
2,0.025,10,0
1,0.025,10,975
2,0.025,10,46
1,0.025,10,1000
2,0.025,10,1
1,0.025,10,1000
2,0.025,10,0
1,0.025,10,1000
2,0.025,10,0
1,0.025,10,1000
2,0.025,10,7
1,0.025,10,797
2,0.025,10,0
1,0.025,10,991
2,0.025,10,2
1,0.025,10,1000
2,0.025,10,2
1,0.025,10,988
2,0.025,10,12
1,0.025,10,897
2,0.025,10,32
1,0.025,10,843
2,0.025,10,0
1,0.025,10,1000
2,0.025,10,183
1,0.025,10,953
2,0.025,10,0
1,0.025,10,986
2,0.025,10,0
1,0.025,10,997
2,0.025,10,1
1,0.025,10,1000
2,0.025,10,5
1,0.025,10,911
2,0.025,10,24
1,0.025,10,1000
2,0.025,10,1
1,0.025,10,999
2,0.025,10,3
1,0.025,10,973
2,0.025,10,0
1,0.025,10,997
2,0.025,10,0
1,0.025,10,993
2,0.025,10,0
1,0.025,10,1000
2,0.025,10,1
1,0.025,10,984
2,0.025,10,4
1,0.025,10,1000
2,0.025,10,1
1,0.025,10,593
2,0.025,10,3
1,0.025,10,997
2,0.025,10,0
1,0.025,10,1000
2,0.025,10,2
1,0.025,10,997
2,0.025,10,0
1,0.025,10,905
2,0.025,10,4
1,0.025,10,987
2,0.025,10,4
1,0.025,10,992
2,0.025,10,0
1,0.025,10,999
2,0.025,10,0
1,0.025,10,999
2,0.025,10,0
1,0.025,10,976
2,0.025,10,12
1,0.025,10,1000
2,0.025,10,2
1,0.025,10,1000
2,0.025,10,0
1,0.025,10,990
2,0.025,10,8
1,0.025,10,756
2,0.025,10,17
1,0.025,10,1000
2,0.025,10,0
1,0.025,10,1000
2,0.025,10,8
1,0.025,10,1000
2,0.025,10,0
1,0.025,10,994
2,0.025,10,2
1,0.025,10,998
2,0.025,10,2
1,0.025,10,967
2,0.025,10,0
1,0.025,10,981
2,0.025,10,3
1,0.025,10,1000
2,0.025,10,0
1,0.025,10,1000
2,0.025,10,12
1,0.025,10,992
2,0.025,10,10
1,0.025,10,975
2,0.025,10,0
1,0.025,10,975
2,0.025,10,0
1,0.025,10,997
2,0.025,10,0
1,0.025,10,910
2,0.025,10,67
1,0.025,10,397
2,0.025,10,1
1,0.025,10,999
2,0.025,10,10
1,0.025,10,996
2,0.025,10,8
1,0.025,10,841
2,0.025,10,0
1,0.025,10,799
2,0.025,10,0
1,0.025,10,844
2,0.025,10,0
1,0.025,10,954
2,0.025,10,0
1,0.025,10,976
2,0.025,10,2
1,0.025,10,466
2,0.025,10,0
1,0.025,10,965
2,0.025,10,1
1,0.025,10,538
2,0.025,10,1
1,0.025,10,974
2,0.025,10,8
1,0.025,10,864
2,0.025,10,0
1,0.025,10,1000
2,0.025,10,33
1,0.025,20,996
2,0.025,20,0
1,0.025,20,1000
2,0.025,20,1
1,0.025,20,991
2,0.025,20,0
1,0.025,20,1000
2,0.025,20,0
1,0.025,20,995
2,0.025,20,31
1,0.025,20,847
2,0.025,20,10
1,0.025,20,860
2,0.025,20,43
1,0.025,20,688
2,0.025,20,105
1,0.025,20,739
2,0.025,20,44
1,0.025,20,946
2,0.025,20,328
1,0.025,20,998
2,0.025,20,0
1,0.025,20,912
2,0.025,20,53
1,0.025,20,1000
2,0.025,20,1
1,0.025,20,1000
2,0.025,20,0
1,0.025,20,995
2,0.025,20,1
1,0.025,20,986
2,0.025,20,0
1,0.025,20,1000
2,0.025,20,0
1,0.025,20,995
2,0.025,20,0
1,0.025,20,997
2,0.025,20,0
1,0.025,20,968
2,0.025,20,0
1,0.025,20,907
2,0.025,20,1
1,0.025,20,992
2,0.025,20,2
1,0.025,20,1000
2,0.025,20,69
1,0.025,20,1000
2,0.025,20,2
1,0.025,20,805
2,0.025,20,75
1,0.025,20,1000
2,0.025,20,2
1,0.025,20,773
2,0.025,20,92
1,0.025,20,925
2,0.025,20,1
1,0.025,20,995
2,0.025,20,0
1,0.025,20,1000
2,0.025,20,1
1,0.025,20,1000
2,0.025,20,0
1,0.025,20,1000
2,0.025,20,1
1,0.025,20,986
2,0.025,20,0
1,0.025,20,942
2,0.025,20,35
1,0.025,20,999
2,0.025,20,0
1,0.025,20,993
2,0.025,20,0
1,0.025,20,1000
2,0.025,20,0
1,0.025,20,1000
2,0.025,20,2
1,0.025,20,925
2,0.025,20,0
1,0.025,20,999
2,0.025,20,0
1,0.025,20,975
2,0.025,20,6
1,0.025,20,1000
2,0.025,20,4
1,0.025,20,886
2,0.025,20,64
1,0.025,20,982
2,0.025,20,0
1,0.025,20,990
2,0.025,20,275
1,0.025,20,1000
2,0.025,20,0
1,0.025,20,1000
2,0.025,20,0
1,0.025,20,1000
2,0.025,20,0
1,0.025,20,1000
2,0.025,20,2
1,0.025,20,766
2,0.025,20,57
1,0.025,20,1000
2,0.025,20,0
1,0.025,20,1000
2,0.025,20,0
1,0.025,20,1000
2,0.025,20,0
1,0.025,20,960
2,0.025,20,14
1,0.025,20,977
2,0.025,20,0
1,0.025,20,992
2,0.025,20,2
1,0.025,20,996
2,0.025,20,4
1,0.025,20,999
2,0.025,20,0
1,0.025,20,629
2,0.025,20,31
1,0.025,20,1000
2,0.025,20,0
1,0.025,20,988
2,0.025,20,9
1,0.025,20,1000
2,0.025,20,0
1,0.025,20,430
2,0.025,20,42
1,0.025,20,998
2,0.025,20,3
1,0.025,20,996
2,0.025,20,0
1,0.025,20,1000
2,0.025,20,0
1,0.025,20,993
2,0.025,20,0
1,0.025,20,977
2,0.025,20,13
1,0.025,20,1000
2,0.025,20,0
1,0.025,20,1000
2,0.025,20,0
1,0.025,20,1000
2,0.025,20,0
1,0.025,20,987
2,0.025,20,12
1,0.025,20,987
2,0.025,20,3
1,0.025,20,972
2,0.025,20,95
1,0.025,20,1000
2,0.025,20,7
1,0.025,20,1000
2,0.025,20,0
1,0.025,20,970
2,0.025,20,0
1,0.025,20,1000
2,0.025,20,0
1,0.025,20,960
2,0.025,20,2
1,0.025,20,1000
2,0.025,20,0
1,0.025,20,999
2,0.025,20,21
1,0.025,20,1000
2,0.025,20,2
1,0.025,20,889
2,0.025,20,0
1,0.025,20,983
2,0.025,20,0
1,0.025,20,1000
2,0.025,20,0
1,0.025,20,999
2,0.025,20,0
1,0.025,20,698
2,0.025,20,0
1,0.025,20,978
2,0.025,20,34
1,0.025,20,1000
2,0.025,20,12
1,0.025,20,996
2,0.025,20,1
1,0.025,20,1000
2,0.025,20,0
1,0.025,20,997
2,0.025,20,0
1,0.025,20,988
2,0.025,20,2
1,0.025,20,872
2,0.025,20,58
1,0.025,20,314
2,0.025,20,13
1,0.025,20,1000
2,0.025,20,1
1,0.025,20,890
2,0.025,20,11
1,0.025,20,993
2,0.025,20,0
1,0.025,20,952
2,0.025,20,0
1,0.025,20,1000
2,0.025,20,72
1,0.025,40,926
2,0.025,40,41
1,0.025,40,1000
2,0.025,40,0
1,0.025,40,983
2,0.025,40,0
1,0.025,40,1000
2,0.025,40,0
1,0.025,40,1000
2,0.025,40,0
1,0.025,40,620
2,0.025,40,15
1,0.025,40,271
2,0.025,40,10
1,0.025,40,917
2,0.025,40,42
1,0.025,40,551
2,0.025,40,47
1,0.025,40,922
2,0.025,40,365
1,0.025,40,998
2,0.025,40,1
1,0.025,40,1000
2,0.025,40,0
1,0.025,40,1000
2,0.025,40,5
1,0.025,40,940
2,0.025,40,23
1,0.025,40,998
2,0.025,40,1
1,0.025,40,862
2,0.025,40,28
1,0.025,40,1000
2,0.025,40,1
1,0.025,40,946
2,0.025,40,4
1,0.025,40,919
2,0.025,40,9
1,0.025,40,1000
2,0.025,40,0
1,0.025,40,511
2,0.025,40,54
1,0.025,40,750
2,0.025,40,109
1,0.025,40,992
2,0.025,40,135
1,0.025,40,999
2,0.025,40,6
1,0.025,40,870
2,0.025,40,31
1,0.025,40,1000
2,0.025,40,2
1,0.025,40,857
2,0.025,40,26
1,0.025,40,967
2,0.025,40,0
1,0.025,40,900
2,0.025,40,5
1,0.025,40,1000
2,0.025,40,4
1,0.025,40,1000
2,0.025,40,0
1,0.025,40,1000
2,0.025,40,1
1,0.025,40,998
2,0.025,40,0
1,0.025,40,960
2,0.025,40,29
1,0.025,40,1000
2,0.025,40,0
1,0.025,40,1000
2,0.025,40,0
1,0.025,40,1000
2,0.025,40,0
1,0.025,40,1000
2,0.025,40,0
1,0.025,40,921
2,0.025,40,4
1,0.025,40,998
2,0.025,40,0
1,0.025,40,1000
2,0.025,40,0
1,0.025,40,997
2,0.025,40,7
1,0.025,40,965
2,0.025,40,37
1,0.025,40,1000
2,0.025,40,0
1,0.025,40,937
2,0.025,40,268
1,0.025,40,1000
2,0.025,40,0
1,0.025,40,912
2,0.025,40,13
1,0.025,40,999
2,0.025,40,1
1,0.025,40,1000
2,0.025,40,0
1,0.025,40,785
2,0.025,40,75
1,0.025,40,1000
2,0.025,40,1
1,0.025,40,906
2,0.025,40,83
1,0.025,40,973
2,0.025,40,0
1,0.025,40,993
2,0.025,40,2
1,0.025,40,1000
2,0.025,40,0
1,0.025,40,1000
2,0.025,40,0
1,0.025,40,1000
2,0.025,40,37
1,0.025,40,714
2,0.025,40,109
1,0.025,40,679
2,0.025,40,29
1,0.025,40,991
2,0.025,40,0
1,0.025,40,1000
2,0.025,40,0
1,0.025,40,1000
2,0.025,40,0
1,0.025,40,373
2,0.025,40,17
1,0.025,40,983
2,0.025,40,1
1,0.025,40,1000
2,0.025,40,0
1,0.025,40,981
2,0.025,40,0
1,0.025,40,1000
2,0.025,40,0
1,0.025,40,1000
2,0.025,40,0
1,0.025,40,988
2,0.025,40,0
1,0.025,40,1000
2,0.025,40,1
1,0.025,40,1000
2,0.025,40,2
1,0.025,40,995
2,0.025,40,3
1,0.025,40,974
2,0.025,40,4
1,0.025,40,1000
2,0.025,40,10
1,0.025,40,1000
2,0.025,40,4
1,0.025,40,732
2,0.025,40,103
1,0.025,40,951
2,0.025,40,10
1,0.025,40,1000
2,0.025,40,1
1,0.025,40,1000
2,0.025,40,1
1,0.025,40,1000
2,0.025,40,2
1,0.025,40,901
2,0.025,40,162
1,0.025,40,994
2,0.025,40,4
1,0.025,40,1000
2,0.025,40,0
1,0.025,40,1000
2,0.025,40,0
1,0.025,40,1000
2,0.025,40,0
1,0.025,40,1000
2,0.025,40,0
1,0.025,40,966
2,0.025,40,1
1,0.025,40,987
2,0.025,40,12
1,0.025,40,985
2,0.025,40,16
1,0.025,40,847
2,0.025,40,29
1,0.025,40,1000
2,0.025,40,0
1,0.025,40,998
2,0.025,40,0
1,0.025,40,1000
2,0.025,40,0
1,0.025,40,991
2,0.025,40,3
1,0.025,40,800
2,0.025,40,16
1,0.025,40,1000
2,0.025,40,0
1,0.025,40,997
2,0.025,40,0
1,0.025,40,1000
2,0.025,40,0
1,0.025,40,994
2,0.025,40,0
1,0.025,40,1000
2,0.025,40,0
1,0.025,80,918
2,0.025,80,44
1,0.025,80,1000
2,0.025,80,6
1,0.025,80,840
2,0.025,80,33
1,0.025,80,1000
2,0.025,80,0
1,0.025,80,1000
2,0.025,80,0
1,0.025,80,421
2,0.025,80,9
1,0.025,80,997
2,0.025,80,0
1,0.025,80,953
2,0.025,80,6
1,0.025,80,1000
2,0.025,80,0
1,0.025,80,1000
2,0.025,80,1
1,0.025,80,443
2,0.025,80,63
1,0.025,80,990
2,0.025,80,2
1,0.025,80,1000
2,0.025,80,1
1,0.025,80,1000
2,0.025,80,0
1,0.025,80,1000
2,0.025,80,0
1,0.025,80,974
2,0.025,80,5
1,0.025,80,1000
2,0.025,80,2
1,0.025,80,856
2,0.025,80,18
1,0.025,80,986
2,0.025,80,1
1,0.025,80,1000
2,0.025,80,0
1,0.025,80,891
2,0.025,80,13
1,0.025,80,1000
2,0.025,80,0
1,0.025,80,986
2,0.025,80,52
1,0.025,80,933
2,0.025,80,51
1,0.025,80,504
2,0.025,80,40
1,0.025,80,1000
2,0.025,80,0
1,0.025,80,994
2,0.025,80,16
1,0.025,80,1000
2,0.025,80,0
1,0.025,80,955
2,0.025,80,4
1,0.025,80,1000
2,0.025,80,0
1,0.025,80,1000
2,0.025,80,0
1,0.025,80,1000
2,0.025,80,1
1,0.025,80,994
2,0.025,80,0
1,0.025,80,997
2,0.025,80,21
1,0.025,80,1000
2,0.025,80,0
1,0.025,80,1000
2,0.025,80,0
1,0.025,80,877
2,0.025,80,30
1,0.025,80,996
2,0.025,80,0
1,0.025,80,1000
2,0.025,80,0
1,0.025,80,994
2,0.025,80,2
1,0.025,80,1000
2,0.025,80,0
1,0.025,80,1000
2,0.025,80,0
1,0.025,80,1000
2,0.025,80,2
1,0.025,80,906
2,0.025,80,0
1,0.025,80,958
2,0.025,80,201
1,0.025,80,940
2,0.025,80,9
1,0.025,80,844
2,0.025,80,15
1,0.025,80,1000
2,0.025,80,0
1,0.025,80,1000
2,0.025,80,3
1,0.025,80,736
2,0.025,80,64
1,0.025,80,1000
2,0.025,80,0
1,0.025,80,870
2,0.025,80,285
1,0.025,80,814
2,0.025,80,9
1,0.025,80,1000
2,0.025,80,0
1,0.025,80,994
2,0.025,80,1
1,0.025,80,1000
2,0.025,80,0
1,0.025,80,1000
2,0.025,80,2
1,0.025,80,367
2,0.025,80,51
1,0.025,80,455
2,0.025,80,27
1,0.025,80,1000
2,0.025,80,0
1,0.025,80,996
2,0.025,80,7
1,0.025,80,1000
2,0.025,80,3
1,0.025,80,968
2,0.025,80,3
1,0.025,80,913
2,0.025,80,14
1,0.025,80,1000
2,0.025,80,2
1,0.025,80,445
2,0.025,80,26
1,0.025,80,1000
2,0.025,80,0
1,0.025,80,330
2,0.025,80,37
1,0.025,80,1000
2,0.025,80,0
1,0.025,80,885
2,0.025,80,12
1,0.025,80,1000
2,0.025,80,2
1,0.025,80,1000
2,0.025,80,0
1,0.025,80,837
2,0.025,80,67
1,0.025,80,932
2,0.025,80,80
1,0.025,80,1000
2,0.025,80,2
1,0.025,80,942
2,0.025,80,35
1,0.025,80,1000
2,0.025,80,0
1,0.025,80,1000
2,0.025,80,0
1,0.025,80,820
2,0.025,80,58
1,0.025,80,970
2,0.025,80,17
1,0.025,80,867
2,0.025,80,160
1,0.025,80,1000
2,0.025,80,2
1,0.025,80,1000
2,0.025,80,0
1,0.025,80,1000
2,0.025,80,0
1,0.025,80,1000
2,0.025,80,0
1,0.025,80,1000
2,0.025,80,0
1,0.025,80,991
2,0.025,80,0
1,0.025,80,997
2,0.025,80,0
1,0.025,80,1000
2,0.025,80,0
1,0.025,80,565
2,0.025,80,13
1,0.025,80,1000
2,0.025,80,0
1,0.025,80,624
2,0.025,80,30
1,0.025,80,980
2,0.025,80,0
1,0.025,80,1000
2,0.025,80,0
1,0.025,80,594
2,0.025,80,51
1,0.025,80,1000
2,0.025,80,4
1,0.025,80,890
2,0.025,80,1
1,0.025,80,1000
2,0.025,80,0
1,0.025,80,778
2,0.025,80,14
1,0.025,80,1000
2,0.025,80,5
1,0.025,100,993
2,0.025,100,0
1,0.025,100,731
2,0.025,100,57
1,0.025,100,1000
2,0.025,100,0
1,0.025,100,1000
2,0.025,100,0
1,0.025,100,1000
2,0.025,100,0
1,0.025,100,131
2,0.025,100,3
1,0.025,100,149
2,0.025,100,11
1,0.025,100,636
2,0.025,100,100
1,0.025,100,990
2,0.025,100,5
1,0.025,100,1000
2,0.025,100,46
1,0.025,100,1000
2,0.025,100,0
1,0.025,100,886
2,0.025,100,28
1,0.025,100,1000
2,0.025,100,0
1,0.025,100,930
2,0.025,100,63
1,0.025,100,1000
2,0.025,100,0
1,0.025,100,1000
2,0.025,100,0
1,0.025,100,999
2,0.025,100,0
1,0.025,100,1000
2,0.025,100,0
1,0.025,100,1000
2,0.025,100,0
1,0.025,100,851
2,0.025,100,21
1,0.025,100,756
2,0.025,100,22
1,0.025,100,1000
2,0.025,100,0
1,0.025,100,1000
2,0.025,100,0
1,0.025,100,1000
2,0.025,100,0
1,0.025,100,1000
2,0.025,100,0
1,0.025,100,1000
2,0.025,100,0
1,0.025,100,981
2,0.025,100,26
1,0.025,100,1000
2,0.025,100,0
1,0.025,100,1000
2,0.025,100,0
1,0.025,100,1000
2,0.025,100,6
1,0.025,100,1000
2,0.025,100,0
1,0.025,100,435
2,0.025,100,20
1,0.025,100,1000
2,0.025,100,0
1,0.025,100,963
2,0.025,100,2
1,0.025,100,1000
2,0.025,100,0
1,0.025,100,996
2,0.025,100,0
1,0.025,100,1000
2,0.025,100,0
1,0.025,100,931
2,0.025,100,101
1,0.025,100,926
2,0.025,100,5
1,0.025,100,1000
2,0.025,100,0
1,0.025,100,1000
2,0.025,100,0
1,0.025,100,1000
2,0.025,100,0
1,0.025,100,215
2,0.025,100,13
1,0.025,100,1000
2,0.025,100,0
1,0.025,100,1000
2,0.025,100,0
1,0.025,100,1000
2,0.025,100,0
1,0.025,100,1000
2,0.025,100,0
1,0.025,100,1000
2,0.025,100,1
1,0.025,100,1000
2,0.025,100,0
1,0.025,100,1000
2,0.025,100,2
1,0.025,100,647
2,0.025,100,41
1,0.025,100,100
2,0.025,100,18
1,0.025,100,1000
2,0.025,100,0
1,0.025,100,1000
2,0.025,100,0
1,0.025,100,1000
2,0.025,100,0
1,0.025,100,1000
2,0.025,100,0
1,0.025,100,998
2,0.025,100,29
1,0.025,100,1000
2,0.025,100,0
1,0.025,100,970
2,0.025,100,2
1,0.025,100,1000
2,0.025,100,0
1,0.025,100,1000
2,0.025,100,0
1,0.025,100,1000
2,0.025,100,0
1,0.025,100,1000
2,0.025,100,0
1,0.025,100,1000
2,0.025,100,0
1,0.025,100,1000
2,0.025,100,0
1,0.025,100,959
2,0.025,100,7
1,0.025,100,967
2,0.025,100,49
1,0.025,100,1000
2,0.025,100,0
1,0.025,100,714
2,0.025,100,51
1,0.025,100,1000
2,0.025,100,0
1,0.025,100,1000
2,0.025,100,0
1,0.025,100,998
2,0.025,100,0
1,0.025,100,1000
2,0.025,100,0
1,0.025,100,1000
2,0.025,100,0
1,0.025,100,1000
2,0.025,100,3
1,0.025,100,1000
2,0.025,100,1
1,0.025,100,899
2,0.025,100,38
1,0.025,100,1000
2,0.025,100,0
1,0.025,100,1000
2,0.025,100,0
1,0.025,100,1000
2,0.025,100,0
1,0.025,100,1000
2,0.025,100,0
1,0.025,100,1000
2,0.025,100,0
1,0.025,100,989
2,0.025,100,0
1,0.025,100,1000
2,0.025,100,0
1,0.025,100,1000
2,0.025,100,0
1,0.025,100,1000
2,0.025,100,0
1,0.025,100,1000
2,0.025,100,0
1,0.025,100,1000
2,0.025,100,0
1,0.025,100,1000
2,0.025,100,0
1,0.025,100,1000
2,0.025,100,0
1,0.025,100,1000
2,0.025,100,0
1,0.025,100,997
2,0.025,100,0
1,0.025,100,1000
2,0.025,100,0
1,0.025,100,841
2,0.025,100,41
1,0.025,100,613
2,0.025,100,36
1,0.025,100,1000
2,0.025,100,0
1,0.025,100,998
2,0.025,100,0
1,0.025,100,988
2,0.025,100,2
1,0.025,100,597
2,0.025,100,17
1,0.025,100,1000
2,0.025,100,1
1,0.025,200,1000
2,0.025,200,0
1,0.025,200,439
2,0.025,200,36
1,0.025,200,1000
2,0.025,200,0
1,0.025,200,1000
2,0.025,200,0
1,0.025,200,1000
2,0.025,200,0
1,0.025,200,414
2,0.025,200,15
1,0.025,200,378
2,0.025,200,31
1,0.025,200,1000
2,0.025,200,0
1,0.025,200,1000
2,0.025,200,0
1,0.025,200,782
2,0.025,200,244
1,0.025,200,706
2,0.025,200,97
1,0.025,200,1000
2,0.025,200,0
1,0.025,200,1000
2,0.025,200,0
1,0.025,200,1000
2,0.025,200,0
1,0.025,200,1000
2,0.025,200,0
1,0.025,200,657
2,0.025,200,82
1,0.025,200,1000
2,0.025,200,0
1,0.025,200,1000
2,0.025,200,0
1,0.025,200,1000
2,0.025,200,0
1,0.025,200,1000
2,0.025,200,0
1,0.025,200,1000
2,0.025,200,0
1,0.025,200,996
2,0.025,200,0
1,0.025,200,575
2,0.025,200,163
1,0.025,200,1000
2,0.025,200,0
1,0.025,200,1000
2,0.025,200,0
1,0.025,200,1000
2,0.025,200,0
1,0.025,200,963
2,0.025,200,133
1,0.025,200,1000
2,0.025,200,0
1,0.025,200,1000
2,0.025,200,0
1,0.025,200,1000
2,0.025,200,0
1,0.025,200,1000
2,0.025,200,0
1,0.025,200,1000
2,0.025,200,0
1,0.025,200,1000
2,0.025,200,0
1,0.025,200,977
2,0.025,200,23
1,0.025,200,1000
2,0.025,200,0
1,0.025,200,1000
2,0.025,200,0
1,0.025,200,1000
2,0.025,200,0
1,0.025,200,970
2,0.025,200,5
1,0.025,200,368
2,0.025,200,50
1,0.025,200,1000
2,0.025,200,0
1,0.025,200,1000
2,0.025,200,0
1,0.025,200,1000
2,0.025,200,4
1,0.025,200,1000
2,0.025,200,0
1,0.025,200,1000
2,0.025,200,0
1,0.025,200,948
2,0.025,200,252
1,0.025,200,1000
2,0.025,200,0
1,0.025,200,949
2,0.025,200,8
1,0.025,200,1000
2,0.025,200,0
1,0.025,200,1000
2,0.025,200,0
1,0.025,200,1000
2,0.025,200,0
1,0.025,200,1000
2,0.025,200,0
1,0.025,200,136
2,0.025,200,60
1,0.025,200,1000
2,0.025,200,0
1,0.025,200,765
2,0.025,200,26
1,0.025,200,1000
2,0.025,200,0
1,0.025,200,1000
2,0.025,200,0
1,0.025,200,1000
2,0.025,200,0
1,0.025,200,1000
2,0.025,200,0
1,0.025,200,1000
2,0.025,200,0
1,0.025,200,1000
2,0.025,200,0
1,0.025,200,624
2,0.025,200,69
1,0.025,200,626
2,0.025,200,41
1,0.025,200,837
2,0.025,200,7
1,0.025,200,1000
2,0.025,200,0
1,0.025,200,1000
2,0.025,200,0
1,0.025,200,589
2,0.025,200,2
1,0.025,200,879
2,0.025,200,24
1,0.025,200,1000
2,0.025,200,0
1,0.025,200,334
2,0.025,200,28
1,0.025,200,918
2,0.025,200,3
1,0.025,200,1000
2,0.025,200,0
1,0.025,200,435
2,0.025,200,20
1,0.025,200,1000
2,0.025,200,0
1,0.025,200,1000
2,0.025,200,0
1,0.025,200,1000
2,0.025,200,0
1,0.025,200,1000
2,0.025,200,0
1,0.025,200,1000
2,0.025,200,0
1,0.025,200,983
2,0.025,200,0
1,0.025,200,853
2,0.025,200,145
1,0.025,200,1000
2,0.025,200,0
1,0.025,200,1000
2,0.025,200,0
1,0.025,200,1000
2,0.025,200,0
1,0.025,200,1000
2,0.025,200,0
1,0.025,200,1000
2,0.025,200,0
1,0.025,200,988
2,0.025,200,72
1,0.025,200,1000
2,0.025,200,0
1,0.025,200,1000
2,0.025,200,1
1,0.025,200,1000
2,0.025,200,0
1,0.025,200,1000
2,0.025,200,0
1,0.025,200,1000
2,0.025,200,0
1,0.025,200,993
2,0.025,200,35
1,0.025,200,556
2,0.025,200,30
1,0.025,200,619
2,0.025,200,57
1,0.025,200,1000
2,0.025,200,0
1,0.025,200,1000
2,0.025,200,0
1,0.025,200,1000
2,0.025,200,0
1,0.025,200,1000
2,0.025,200,0
1,0.025,200,1000
2,0.025,200,0
1,0.025,200,1000
2,0.025,200,0
1,0.025,200,999
2,0.025,200,0
1,0.05,10,895
2,0.05,10,16
1,0.05,10,941
2,0.05,10,78
1,0.05,10,713
2,0.05,10,3
1,0.05,10,558
2,0.05,10,1
1,0.05,10,719
2,0.05,10,78
1,0.05,10,524
2,0.05,10,0
1,0.05,10,532
2,0.05,10,11
1,0.05,10,811
2,0.05,10,20
1,0.05,10,573
2,0.05,10,3
1,0.05,10,995
2,0.05,10,448
1,0.05,10,351
2,0.05,10,6
1,0.05,10,733
2,0.05,10,19
1,0.05,10,717
2,0.05,10,27
1,0.05,10,773
2,0.05,10,15
1,0.05,10,629
2,0.05,10,28
1,0.05,10,367
2,0.05,10,3
1,0.05,10,940
2,0.05,10,32
1,0.05,10,574
2,0.05,10,2
1,0.05,10,396
2,0.05,10,4
1,0.05,10,562
2,0.05,10,5
1,0.05,10,490
2,0.05,10,5
1,0.05,10,635
2,0.05,10,80
1,0.05,10,663
2,0.05,10,82
1,0.05,10,680
2,0.05,10,81
1,0.05,10,697
2,0.05,10,99
1,0.05,10,914
2,0.05,10,43
1,0.05,10,337
2,0.05,10,86
1,0.05,10,342
2,0.05,10,2
1,0.05,10,635
2,0.05,10,1
1,0.05,10,830
2,0.05,10,34
1,0.05,10,796
2,0.05,10,6
1,0.05,10,881
2,0.05,10,24
1,0.05,10,586
2,0.05,10,9
1,0.05,10,662
2,0.05,10,126
1,0.05,10,943
2,0.05,10,5
1,0.05,10,926
2,0.05,10,2
1,0.05,10,929
2,0.05,10,4
1,0.05,10,982
2,0.05,10,71
1,0.05,10,519
2,0.05,10,0
1,0.05,10,708
2,0.05,10,5
1,0.05,10,929
2,0.05,10,13
1,0.05,10,780
2,0.05,10,86
1,0.05,10,964
2,0.05,10,91
1,0.05,10,305
2,0.05,10,0
1,0.05,10,959
2,0.05,10,84
1,0.05,10,780
2,0.05,10,1
1,0.05,10,648
2,0.05,10,9
1,0.05,10,773
2,0.05,10,27
1,0.05,10,907
2,0.05,10,29
1,0.05,10,759
2,0.05,10,20
1,0.05,10,888
2,0.05,10,15
1,0.05,10,971
2,0.05,10,70
1,0.05,10,795
2,0.05,10,11
1,0.05,10,845
2,0.05,10,18
1,0.05,10,766
2,0.05,10,12
1,0.05,10,903
2,0.05,10,13
1,0.05,10,800
2,0.05,10,52
1,0.05,10,879
2,0.05,10,32
1,0.05,10,293
2,0.05,10,0
1,0.05,10,624
2,0.05,10,5
1,0.05,10,955
2,0.05,10,6
1,0.05,10,834
2,0.05,10,21
1,0.05,10,508
2,0.05,10,9
1,0.05,10,746
2,0.05,10,28
1,0.05,10,776
2,0.05,10,31
1,0.05,10,797
2,0.05,10,5
1,0.05,10,869
2,0.05,10,19
1,0.05,10,825
2,0.05,10,46
1,0.05,10,976
2,0.05,10,34
1,0.05,10,983
2,0.05,10,46
1,0.05,10,631
2,0.05,10,28
1,0.05,10,274
2,0.05,10,2
1,0.05,10,869
2,0.05,10,20
1,0.05,10,942
2,0.05,10,75
1,0.05,10,928
2,0.05,10,144
1,0.05,10,827
2,0.05,10,48
1,0.05,10,811
2,0.05,10,3
1,0.05,10,531
2,0.05,10,12
1,0.05,10,529
2,0.05,10,2
1,0.05,10,826
2,0.05,10,8
1,0.05,10,899
2,0.05,10,135
1,0.05,10,872
2,0.05,10,92
1,0.05,10,633
2,0.05,10,0
1,0.05,10,492
2,0.05,10,1
1,0.05,10,804
2,0.05,10,27
1,0.05,10,899
2,0.05,10,53
1,0.05,10,124
2,0.05,10,0
1,0.05,10,943
2,0.05,10,106
1,0.05,10,841
2,0.05,10,43
1,0.05,10,341
2,0.05,10,0
1,0.05,10,345
2,0.05,10,0
1,0.05,10,568
2,0.05,10,0
1,0.05,10,521
2,0.05,10,2
1,0.05,10,693
2,0.05,10,20
1,0.05,10,326
2,0.05,10,1
1,0.05,10,499
2,0.05,10,1
1,0.05,10,241
2,0.05,10,0
1,0.05,10,630
2,0.05,10,24
1,0.05,10,318
2,0.05,10,0
1,0.05,10,931
2,0.05,10,105
1,0.05,20,835
2,0.05,20,20
1,0.05,20,992
2,0.05,20,66
1,0.05,20,806
2,0.05,20,7
1,0.05,20,969
2,0.05,20,2
1,0.05,20,737
2,0.05,20,116
1,0.05,20,392
2,0.05,20,3
1,0.05,20,597
2,0.05,20,28
1,0.05,20,455
2,0.05,20,33
1,0.05,20,536
2,0.05,20,25
1,0.05,20,900
2,0.05,20,490
1,0.05,20,821
2,0.05,20,35
1,0.05,20,924
2,0.05,20,21
1,0.05,20,960
2,0.05,20,42
1,0.05,20,945
2,0.05,20,14
1,0.05,20,744
2,0.05,20,26
1,0.05,20,855
2,0.05,20,6
1,0.05,20,879
2,0.05,20,89
1,0.05,20,636
2,0.05,20,3
1,0.05,20,757
2,0.05,20,45
1,0.05,20,487
2,0.05,20,0
1,0.05,20,537
2,0.05,20,6
1,0.05,20,865
2,0.05,20,83
1,0.05,20,865
2,0.05,20,201
1,0.05,20,798
2,0.05,20,67
1,0.05,20,674
2,0.05,20,44
1,0.05,20,999
2,0.05,20,98
1,0.05,20,479
2,0.05,20,90
1,0.05,20,805
2,0.05,20,11
1,0.05,20,745
2,0.05,20,4
1,0.05,20,911
2,0.05,20,52
1,0.05,20,967
2,0.05,20,1
1,0.05,20,971
2,0.05,20,30
1,0.05,20,618
2,0.05,20,9
1,0.05,20,941
2,0.05,20,34
1,0.05,20,896
2,0.05,20,14
1,0.05,20,693
2,0.05,20,2
1,0.05,20,894
2,0.05,20,5
1,0.05,20,961
2,0.05,20,51
1,0.05,20,364
2,0.05,20,0
1,0.05,20,690
2,0.05,20,10
1,0.05,20,855
2,0.05,20,22
1,0.05,20,810
2,0.05,20,174
1,0.05,20,874
2,0.05,20,64
1,0.05,20,539
2,0.05,20,1
1,0.05,20,976
2,0.05,20,598
1,0.05,20,974
2,0.05,20,5
1,0.05,20,645
2,0.05,20,11
1,0.05,20,848
2,0.05,20,25
1,0.05,20,960
2,0.05,20,28
1,0.05,20,666
2,0.05,20,42
1,0.05,20,926
2,0.05,20,24
1,0.05,20,745
2,0.05,20,85
1,0.05,20,800
2,0.05,20,1
1,0.05,20,847
2,0.05,20,28
1,0.05,20,751
2,0.05,20,4
1,0.05,20,861
2,0.05,20,104
1,0.05,20,763
2,0.05,20,41
1,0.05,20,888
2,0.05,20,43
1,0.05,20,338
2,0.05,20,1
1,0.05,20,755
2,0.05,20,11
1,0.05,20,995
2,0.05,20,39
1,0.05,20,968
2,0.05,20,81
1,0.05,20,524
2,0.05,20,39
1,0.05,20,955
2,0.05,20,25
1,0.05,20,817
2,0.05,20,61
1,0.05,20,940
2,0.05,20,5
1,0.05,20,987
2,0.05,20,27
1,0.05,20,951
2,0.05,20,15
1,0.05,20,927
2,0.05,20,15
1,0.05,20,984
2,0.05,20,20
1,0.05,20,976
2,0.05,20,89
1,0.05,20,712
2,0.05,20,62
1,0.05,20,889
2,0.05,20,44
1,0.05,20,954
2,0.05,20,227
1,0.05,20,909
2,0.05,20,100
1,0.05,20,956
2,0.05,20,43
1,0.05,20,547
2,0.05,20,4
1,0.05,20,910
2,0.05,20,11
1,0.05,20,602
2,0.05,20,0
1,0.05,20,1000
2,0.05,20,15
1,0.05,20,975
2,0.05,20,137
1,0.05,20,933
2,0.05,20,62
1,0.05,20,545
2,0.05,20,0
1,0.05,20,665
2,0.05,20,3
1,0.05,20,974
2,0.05,20,29
1,0.05,20,878
2,0.05,20,14
1,0.05,20,125
2,0.05,20,1
1,0.05,20,974
2,0.05,20,71
1,0.05,20,913
2,0.05,20,22
1,0.05,20,791
2,0.05,20,10
1,0.05,20,775
2,0.05,20,4
1,0.05,20,878
2,0.05,20,1
1,0.05,20,769
2,0.05,20,1
1,0.05,20,510
2,0.05,20,29
1,0.05,20,540
2,0.05,20,7
1,0.05,20,768
2,0.05,20,10
1,0.05,20,609
2,0.05,20,3
1,0.05,20,769
2,0.05,20,15
1,0.05,20,396
2,0.05,20,0
1,0.05,20,951
2,0.05,20,170
1,0.05,40,435
2,0.05,40,18
1,0.05,40,996
2,0.05,40,113
1,0.05,40,745
2,0.05,40,6
1,0.05,40,739
2,0.05,40,30
1,0.05,40,963
2,0.05,40,229
1,0.05,40,775
2,0.05,40,16
1,0.05,40,259
2,0.05,40,9
1,0.05,40,961
2,0.05,40,16
1,0.05,40,638
2,0.05,40,23
1,0.05,40,701
2,0.05,40,356
1,0.05,40,979
2,0.05,40,72
1,0.05,40,995
2,0.05,40,4
1,0.05,40,880
2,0.05,40,146
1,0.05,40,971
2,0.05,40,28
1,0.05,40,836
2,0.05,40,45
1,0.05,40,891
2,0.05,40,7
1,0.05,40,1000
2,0.05,40,28
1,0.05,40,710
2,0.05,40,17
1,0.05,40,654
2,0.05,40,18
1,0.05,40,664
2,0.05,40,2
1,0.05,40,788
2,0.05,40,54
1,0.05,40,293
2,0.05,40,72
1,0.05,40,921
2,0.05,40,215
1,0.05,40,959
2,0.05,40,80
1,0.05,40,423
2,0.05,40,7
1,0.05,40,1000
2,0.05,40,21
1,0.05,40,498
2,0.05,40,10
1,0.05,40,594
2,0.05,40,6
1,0.05,40,646
2,0.05,40,11
1,0.05,40,833
2,0.05,40,51
1,0.05,40,944
2,0.05,40,7
1,0.05,40,893
2,0.05,40,88
1,0.05,40,880
2,0.05,40,1
1,0.05,40,337
2,0.05,40,72
1,0.05,40,983
2,0.05,40,20
1,0.05,40,589
2,0.05,40,5
1,0.05,40,987
2,0.05,40,0
1,0.05,40,918
2,0.05,40,140
1,0.05,40,777
2,0.05,40,0
1,0.05,40,938
2,0.05,40,16
1,0.05,40,783
2,0.05,40,85
1,0.05,40,888
2,0.05,40,119
1,0.05,40,941
2,0.05,40,56
1,0.05,40,681
2,0.05,40,0
1,0.05,40,627
2,0.05,40,397
1,0.05,40,758
2,0.05,40,5
1,0.05,40,831
2,0.05,40,1
1,0.05,40,959
2,0.05,40,12
1,0.05,40,989
2,0.05,40,2
1,0.05,40,784
2,0.05,40,23
1,0.05,40,980
2,0.05,40,3
1,0.05,40,743
2,0.05,40,47
1,0.05,40,733
2,0.05,40,10
1,0.05,40,937
2,0.05,40,32
1,0.05,40,681
2,0.05,40,6
1,0.05,40,718
2,0.05,40,49
1,0.05,40,924
2,0.05,40,32
1,0.05,40,642
2,0.05,40,52
1,0.05,40,344
2,0.05,40,5
1,0.05,40,856
2,0.05,40,7
1,0.05,40,994
2,0.05,40,15
1,0.05,40,994
2,0.05,40,103
1,0.05,40,285
2,0.05,40,7
1,0.05,40,629
2,0.05,40,15
1,0.05,40,901
2,0.05,40,21
1,0.05,40,625
2,0.05,40,3
1,0.05,40,972
2,0.05,40,27
1,0.05,40,652
2,0.05,40,121
1,0.05,40,915
2,0.05,40,38
1,0.05,40,988
2,0.05,40,22
1,0.05,40,1000
2,0.05,40,176
1,0.05,40,843
2,0.05,40,100
1,0.05,40,868
2,0.05,40,93
1,0.05,40,999
2,0.05,40,293
1,0.05,40,994
2,0.05,40,326
1,0.05,40,850
2,0.05,40,129
1,0.05,40,558
2,0.05,40,0
1,0.05,40,801
2,0.05,40,131
1,0.05,40,771
2,0.05,40,16
1,0.05,40,880
2,0.05,40,119
1,0.05,40,986
2,0.05,40,92
1,0.05,40,992
2,0.05,40,82
1,0.05,40,890
2,0.05,40,0
1,0.05,40,910
2,0.05,40,27
1,0.05,40,996
2,0.05,40,38
1,0.05,40,1000
2,0.05,40,17
1,0.05,40,792
2,0.05,40,7
1,0.05,40,882
2,0.05,40,69
1,0.05,40,942
2,0.05,40,7
1,0.05,40,648
2,0.05,40,32
1,0.05,40,881
2,0.05,40,8
1,0.05,40,803
2,0.05,40,15
1,0.05,40,827
2,0.05,40,10
1,0.05,40,589
2,0.05,40,35
1,0.05,40,402
2,0.05,40,8
1,0.05,40,938
2,0.05,40,49
1,0.05,40,757
2,0.05,40,0
1,0.05,40,633
2,0.05,40,25
1,0.05,40,607
2,0.05,40,4
1,0.05,40,999
2,0.05,40,61
1,0.05,80,367
2,0.05,80,3
1,0.05,80,599
2,0.05,80,165
1,0.05,80,672
2,0.05,80,21
1,0.05,80,957
2,0.05,80,4
1,0.05,80,816
2,0.05,80,30
1,0.05,80,728
2,0.05,80,7
1,0.05,80,201
2,0.05,80,15
1,0.05,80,953
2,0.05,80,5
1,0.05,80,633
2,0.05,80,3
1,0.05,80,968
2,0.05,80,260
1,0.05,80,533
2,0.05,80,108
1,0.05,80,987
2,0.05,80,14
1,0.05,80,989
2,0.05,80,108
1,0.05,80,970
2,0.05,80,155
1,0.05,80,860
2,0.05,80,40
1,0.05,80,396
2,0.05,80,25
1,0.05,80,973
2,0.05,80,119
1,0.05,80,275
2,0.05,80,14
1,0.05,80,858
2,0.05,80,6
1,0.05,80,772
2,0.05,80,6
1,0.05,80,843
2,0.05,80,21
1,0.05,80,543
2,0.05,80,43
1,0.05,80,534
2,0.05,80,190
1,0.05,80,811
2,0.05,80,139
1,0.05,80,563
2,0.05,80,22
1,0.05,80,1000
2,0.05,80,15
1,0.05,80,947
2,0.05,80,82
1,0.05,80,856
2,0.05,80,21
1,0.05,80,558
2,0.05,80,30
1,0.05,80,1000
2,0.05,80,174
1,0.05,80,963
2,0.05,80,81
1,0.05,80,1000
2,0.05,80,6
1,0.05,80,641
2,0.05,80,0
1,0.05,80,714
2,0.05,80,156
1,0.05,80,917
2,0.05,80,81
1,0.05,80,1000
2,0.05,80,0
1,0.05,80,909
2,0.05,80,21
1,0.05,80,841
2,0.05,80,50
1,0.05,80,818
2,0.05,80,12
1,0.05,80,852
2,0.05,80,38
1,0.05,80,1000
2,0.05,80,27
1,0.05,80,587
2,0.05,80,55
1,0.05,80,734
2,0.05,80,216
1,0.05,80,937
2,0.05,80,1
1,0.05,80,806
2,0.05,80,400
1,0.05,80,511
2,0.05,80,16
1,0.05,80,497
2,0.05,80,40
1,0.05,80,919
2,0.05,80,29
1,0.05,80,965
2,0.05,80,83
1,0.05,80,843
2,0.05,80,33
1,0.05,80,567
2,0.05,80,19
1,0.05,80,928
2,0.05,80,239
1,0.05,80,1000
2,0.05,80,0
1,0.05,80,1000
2,0.05,80,2
1,0.05,80,989
2,0.05,80,11
1,0.05,80,825
2,0.05,80,68
1,0.05,80,997
2,0.05,80,31
1,0.05,80,452
2,0.05,80,25
1,0.05,80,414
2,0.05,80,5
1,0.05,80,970
2,0.05,80,5
1,0.05,80,936
2,0.05,80,89
1,0.05,80,965
2,0.05,80,175
1,0.05,80,737
2,0.05,80,9
1,0.05,80,621
2,0.05,80,7
1,0.05,80,826
2,0.05,80,94
1,0.05,80,709
2,0.05,80,18
1,0.05,80,726
2,0.05,80,126
1,0.05,80,379
2,0.05,80,51
1,0.05,80,709
2,0.05,80,30
1,0.05,80,845
2,0.05,80,27
1,0.05,80,992
2,0.05,80,72
1,0.05,80,813
2,0.05,80,22
1,0.05,80,813
2,0.05,80,22
1,0.05,80,810
2,0.05,80,97
1,0.05,80,994
2,0.05,80,115
1,0.05,80,857
2,0.05,80,42
1,0.05,80,721
2,0.05,80,68
1,0.05,80,482
2,0.05,80,72
1,0.05,80,785
2,0.05,80,58
1,0.05,80,803
2,0.05,80,100
1,0.05,80,920
2,0.05,80,199
1,0.05,80,857
2,0.05,80,163
1,0.05,80,1000
2,0.05,80,0
1,0.05,80,792
2,0.05,80,54
1,0.05,80,944
2,0.05,80,72
1,0.05,80,725
2,0.05,80,73
1,0.05,80,741
2,0.05,80,12
1,0.05,80,698
2,0.05,80,5
1,0.05,80,971
2,0.05,80,35
1,0.05,80,349
2,0.05,80,18
1,0.05,80,953
2,0.05,80,5
1,0.05,80,494
2,0.05,80,34
1,0.05,80,943
2,0.05,80,17
1,0.05,80,861
2,0.05,80,10
1,0.05,80,323
2,0.05,80,11
1,0.05,80,997
2,0.05,80,59
1,0.05,80,628
2,0.05,80,3
1,0.05,80,980
2,0.05,80,1
1,0.05,80,267
2,0.05,80,19
1,0.05,80,990
2,0.05,80,324
1,0.05,100,697
2,0.05,100,18
1,0.05,100,523
2,0.05,100,33
1,0.05,100,783
2,0.05,100,0
1,0.05,100,1000
2,0.05,100,0
1,0.05,100,949
2,0.05,100,242
1,0.05,100,515
2,0.05,100,27
1,0.05,100,534
2,0.05,100,30
1,0.05,100,260
2,0.05,100,2
1,0.05,100,987
2,0.05,100,23
1,0.05,100,912
2,0.05,100,511
1,0.05,100,567
2,0.05,100,155
1,0.05,100,672
2,0.05,100,31
1,0.05,100,880
2,0.05,100,126
1,0.05,100,407
2,0.05,100,122
1,0.05,100,904
2,0.05,100,112
1,0.05,100,720
2,0.05,100,18
1,0.05,100,962
2,0.05,100,0
1,0.05,100,632
2,0.05,100,1
1,0.05,100,803
2,0.05,100,32
1,0.05,100,638
2,0.05,100,11
1,0.05,100,617
2,0.05,100,53
1,0.05,100,524
2,0.05,100,14
1,0.05,100,834
2,0.05,100,277
1,0.05,100,838
2,0.05,100,7
1,0.05,100,753
2,0.05,100,149
1,0.05,100,1000
2,0.05,100,6
1,0.05,100,967
2,0.05,100,22
1,0.05,100,843
2,0.05,100,11
1,0.05,100,690
2,0.05,100,30
1,0.05,100,399
2,0.05,100,148
1,0.05,100,983
2,0.05,100,26
1,0.05,100,943
2,0.05,100,48
1,0.05,100,918
2,0.05,100,18
1,0.05,100,1000
2,0.05,100,1
1,0.05,100,954
2,0.05,100,49
1,0.05,100,962
2,0.05,100,0
1,0.05,100,995
2,0.05,100,1
1,0.05,100,907
2,0.05,100,7
1,0.05,100,350
2,0.05,100,0
1,0.05,100,1000
2,0.05,100,2
1,0.05,100,575
2,0.05,100,6
1,0.05,100,925
2,0.05,100,63
1,0.05,100,434
2,0.05,100,44
1,0.05,100,970
2,0.05,100,1
1,0.05,100,437
2,0.05,100,239
1,0.05,100,1000
2,0.05,100,8
1,0.05,100,939
2,0.05,100,15
1,0.05,100,1000
2,0.05,100,48
1,0.05,100,1000
2,0.05,100,0
1,0.05,100,958
2,0.05,100,93
1,0.05,100,719
2,0.05,100,35
1,0.05,100,149
2,0.05,100,34
1,0.05,100,743
2,0.05,100,23
1,0.05,100,990
2,0.05,100,0
1,0.05,100,751
2,0.05,100,6
1,0.05,100,1000
2,0.05,100,1
1,0.05,100,976
2,0.05,100,195
1,0.05,100,640
2,0.05,100,74
1,0.05,100,724
2,0.05,100,45
1,0.05,100,702
2,0.05,100,50
1,0.05,100,688
2,0.05,100,68
1,0.05,100,864
2,0.05,100,68
1,0.05,100,914
2,0.05,100,29
1,0.05,100,957
2,0.05,100,47
1,0.05,100,1000
2,0.05,100,0
1,0.05,100,662
2,0.05,100,1
1,0.05,100,290
2,0.05,100,28
1,0.05,100,966
2,0.05,100,31
1,0.05,100,820
2,0.05,100,37
1,0.05,100,1000
2,0.05,100,0
1,0.05,100,996
2,0.05,100,23
1,0.05,100,555
2,0.05,100,14
1,0.05,100,988
2,0.05,100,5
1,0.05,100,815
2,0.05,100,292
1,0.05,100,1000
2,0.05,100,43
1,0.05,100,708
2,0.05,100,87
1,0.05,100,891
2,0.05,100,3
1,0.05,100,583
2,0.05,100,61
1,0.05,100,995
2,0.05,100,6
1,0.05,100,919
2,0.05,100,38
1,0.05,100,971
2,0.05,100,83
1,0.05,100,921
2,0.05,100,77
1,0.05,100,829
2,0.05,100,3
1,0.05,100,927
2,0.05,100,71
1,0.05,100,568
2,0.05,100,107
1,0.05,100,757
2,0.05,100,120
1,0.05,100,965
2,0.05,100,27
1,0.05,100,853
2,0.05,100,111
1,0.05,100,1000
2,0.05,100,47
1,0.05,100,697
2,0.05,100,15
1,0.05,100,940
2,0.05,100,11
1,0.05,100,478
2,0.05,100,42
1,0.05,100,478
2,0.05,100,35
1,0.05,100,828
2,0.05,100,46
1,0.05,100,642
2,0.05,100,61
1,0.05,100,693
2,0.05,100,73
1,0.05,100,700
2,0.05,100,12
1,0.05,100,988
2,0.05,100,2
1,0.05,100,755
2,0.05,100,2
1,0.05,100,690
2,0.05,100,264
1,0.05,200,1000
2,0.05,200,0
1,0.05,200,163
2,0.05,200,16
1,0.05,200,860
2,0.05,200,17
1,0.05,200,591
2,0.05,200,43
1,0.05,200,947
2,0.05,200,145
1,0.05,200,412
2,0.05,200,4
1,0.05,200,415
2,0.05,200,53
1,0.05,200,977
2,0.05,200,3
1,0.05,200,917
2,0.05,200,114
1,0.05,200,656
2,0.05,200,338
1,0.05,200,447
2,0.05,200,106
1,0.05,200,971
2,0.05,200,9
1,0.05,200,992
2,0.05,200,125
1,0.05,200,915
2,0.05,200,130
1,0.05,200,966
2,0.05,200,8
1,0.05,200,959
2,0.05,200,36
1,0.05,200,900
2,0.05,200,15
1,0.05,200,932
2,0.05,200,1
1,0.05,200,434
2,0.05,200,20
1,0.05,200,187
2,0.05,200,2
1,0.05,200,589
2,0.05,200,86
1,0.05,200,594
2,0.05,200,64
1,0.05,200,991
2,0.05,200,27
1,0.05,200,1000
2,0.05,200,0
1,0.05,200,817
2,0.05,200,85
1,0.05,200,975
2,0.05,200,2
1,0.05,200,820
2,0.05,200,133
1,0.05,200,421
2,0.05,200,7
1,0.05,200,956
2,0.05,200,41
1,0.05,200,651
2,0.05,200,155
1,0.05,200,939
2,0.05,200,24
1,0.05,200,629
2,0.05,200,47
1,0.05,200,955
2,0.05,200,10
1,0.05,200,914
2,0.05,200,300
1,0.05,200,431
2,0.05,200,25
1,0.05,200,835
2,0.05,200,0
1,0.05,200,1000
2,0.05,200,0
1,0.05,200,714
2,0.05,200,36
1,0.05,200,358
2,0.05,200,37
1,0.05,200,883
2,0.05,200,176
1,0.05,200,969
2,0.05,200,5
1,0.05,200,972
2,0.05,200,87
1,0.05,200,733
2,0.05,200,100
1,0.05,200,930
2,0.05,200,3
1,0.05,200,525
2,0.05,200,166
1,0.05,200,871
2,0.05,200,74
1,0.05,200,739
2,0.05,200,22
1,0.05,200,967
2,0.05,200,112
1,0.05,200,1000
2,0.05,200,0
1,0.05,200,722
2,0.05,200,17
1,0.05,200,928
2,0.05,200,17
1,0.05,200,11
2,0.05,200,2
1,0.05,200,1000
2,0.05,200,1
1,0.05,200,673
2,0.05,200,3
1,0.05,200,153
2,0.05,200,0
1,0.05,200,1000
2,0.05,200,0
1,0.05,200,328
2,0.05,200,90
1,0.05,200,835
2,0.05,200,45
1,0.05,200,404
2,0.05,200,27
1,0.05,200,436
2,0.05,200,16
1,0.05,200,823
2,0.05,200,72
1,0.05,200,502
2,0.05,200,6
1,0.05,200,712
2,0.05,200,3
1,0.05,200,291
2,0.05,200,22
1,0.05,200,1000
2,0.05,200,0
1,0.05,200,264
2,0.05,200,13
1,0.05,200,722
2,0.05,200,13
1,0.05,200,906
2,0.05,200,215
1,0.05,200,511
2,0.05,200,80
1,0.05,200,70
2,0.05,200,5
1,0.05,200,1000
2,0.05,200,43
1,0.05,200,742
2,0.05,200,24
1,0.05,200,870
2,0.05,200,17
1,0.05,200,394
2,0.05,200,183
1,0.05,200,1000
2,0.05,200,19
1,0.05,200,1000
2,0.05,200,32
1,0.05,200,433
2,0.05,200,2
1,0.05,200,872
2,0.05,200,64
1,0.05,200,711
2,0.05,200,87
1,0.05,200,246
2,0.05,200,37
1,0.05,200,955
2,0.05,200,0
1,0.05,200,572
2,0.05,200,91
1,0.05,200,1000
2,0.05,200,0
1,0.05,200,999
2,0.05,200,141
1,0.05,200,1000
2,0.05,200,4
1,0.05,200,960
2,0.05,200,51
1,0.05,200,856
2,0.05,200,184
1,0.05,200,851
2,0.05,200,100
1,0.05,200,866
2,0.05,200,98
1,0.05,200,573
2,0.05,200,11
1,0.05,200,717
2,0.05,200,188
1,0.05,200,535
2,0.05,200,35
1,0.05,200,711
2,0.05,200,100
1,0.05,200,490
2,0.05,200,47
1,0.05,200,667
2,0.05,200,11
1,0.05,200,1000
2,0.05,200,6
1,0.05,200,984
2,0.05,200,3
1,0.05,200,162
2,0.05,200,23
1,0.05,200,163
2,0.05,200,0
1,0.05,200,978
2,0.05,200,207
1,0.1,10,616
2,0.1,10,24
1,0.1,10,757
2,0.1,10,93
1,0.1,10,463
2,0.1,10,4
1,0.1,10,505
2,0.1,10,6
1,0.1,10,678
2,0.1,10,84
1,0.1,10,224
2,0.1,10,0
1,0.1,10,306
2,0.1,10,4
1,0.1,10,585
2,0.1,10,34
1,0.1,10,362
2,0.1,10,8
1,0.1,10,906
2,0.1,10,483
1,0.1,10,359
2,0.1,10,10
1,0.1,10,482
2,0.1,10,29
1,0.1,10,491
2,0.1,10,15
1,0.1,10,606
2,0.1,10,49
1,0.1,10,555
2,0.1,10,37
1,0.1,10,470
2,0.1,10,7
1,0.1,10,621
2,0.1,10,75
1,0.1,10,400
2,0.1,10,7
1,0.1,10,454
2,0.1,10,11
1,0.1,10,411
2,0.1,10,5
1,0.1,10,351
2,0.1,10,6
1,0.1,10,320
2,0.1,10,78
1,0.1,10,754
2,0.1,10,106
1,0.1,10,417
2,0.1,10,33
1,0.1,10,381
2,0.1,10,84
1,0.1,10,811
2,0.1,10,47
1,0.1,10,636
2,0.1,10,53
1,0.1,10,342
2,0.1,10,7
1,0.1,10,545
2,0.1,10,5
1,0.1,10,587
2,0.1,10,71
1,0.1,10,527
2,0.1,10,8
1,0.1,10,648
2,0.1,10,41
1,0.1,10,409
2,0.1,10,6
1,0.1,10,634
2,0.1,10,83
1,0.1,10,725
2,0.1,10,32
1,0.1,10,628
2,0.1,10,11
1,0.1,10,761
2,0.1,10,16
1,0.1,10,597
2,0.1,10,66
1,0.1,10,385
2,0.1,10,1
1,0.1,10,341
2,0.1,10,1
1,0.1,10,657
2,0.1,10,40
1,0.1,10,685
2,0.1,10,102
1,0.1,10,760
2,0.1,10,80
1,0.1,10,362
2,0.1,10,2
1,0.1,10,883
2,0.1,10,727
1,0.1,10,335
2,0.1,10,11
1,0.1,10,219
2,0.1,10,3
1,0.1,10,706
2,0.1,10,28
1,0.1,10,650
2,0.1,10,21
1,0.1,10,596
2,0.1,10,38
1,0.1,10,561
2,0.1,10,39
1,0.1,10,862
2,0.1,10,134
1,0.1,10,517
2,0.1,10,8
1,0.1,10,688
2,0.1,10,30
1,0.1,10,518
2,0.1,10,16
1,0.1,10,738
2,0.1,10,19
1,0.1,10,542
2,0.1,10,25
1,0.1,10,592
2,0.1,10,49
1,0.1,10,325
2,0.1,10,7
1,0.1,10,361
2,0.1,10,18
1,0.1,10,698
2,0.1,10,32
1,0.1,10,731
2,0.1,10,73
1,0.1,10,470
2,0.1,10,10
1,0.1,10,454
2,0.1,10,27
1,0.1,10,536
2,0.1,10,21
1,0.1,10,614
2,0.1,10,21
1,0.1,10,760
2,0.1,10,36
1,0.1,10,660
2,0.1,10,55
1,0.1,10,614
2,0.1,10,80
1,0.1,10,747
2,0.1,10,49
1,0.1,10,490
2,0.1,10,47
1,0.1,10,217
2,0.1,10,1
1,0.1,10,527
2,0.1,10,43
1,0.1,10,680
2,0.1,10,102
1,0.1,10,796
2,0.1,10,149
1,0.1,10,698
2,0.1,10,55
1,0.1,10,496
2,0.1,10,8
1,0.1,10,404
2,0.1,10,22
1,0.1,10,342
2,0.1,10,10
1,0.1,10,637
2,0.1,10,25
1,0.1,10,488
2,0.1,10,115
1,0.1,10,599
2,0.1,10,59
1,0.1,10,466
2,0.1,10,11
1,0.1,10,446
2,0.1,10,4
1,0.1,10,533
2,0.1,10,20
1,0.1,10,752
2,0.1,10,91
1,0.1,10,326
2,0.1,10,2
1,0.1,10,890
2,0.1,10,160
1,0.1,10,702
2,0.1,10,57
1,0.1,10,242
2,0.1,10,1
1,0.1,10,342
2,0.1,10,1
1,0.1,10,399
2,0.1,10,2
1,0.1,10,345
2,0.1,10,4
1,0.1,10,466
2,0.1,10,25
1,0.1,10,302
2,0.1,10,1
1,0.1,10,331
2,0.1,10,3
1,0.1,10,144
2,0.1,10,2
1,0.1,10,561
2,0.1,10,28
1,0.1,10,319
2,0.1,10,3
1,0.1,10,713
2,0.1,10,235
1,0.1,20,581
2,0.1,20,27
1,0.1,20,891
2,0.1,20,178
1,0.1,20,389
2,0.1,20,12
1,0.1,20,491
2,0.1,20,10
1,0.1,20,443
2,0.1,20,73
1,0.1,20,329
2,0.1,20,10
1,0.1,20,495
2,0.1,20,10
1,0.1,20,367
2,0.1,20,24
1,0.1,20,260
2,0.1,20,7
1,0.1,20,871
2,0.1,20,543
1,0.1,20,423
2,0.1,20,17
1,0.1,20,408
2,0.1,20,31
1,0.1,20,810
2,0.1,20,83
1,0.1,20,616
2,0.1,20,60
1,0.1,20,648
2,0.1,20,55
1,0.1,20,482
2,0.1,20,12
1,0.1,20,580
2,0.1,20,62
1,0.1,20,315
2,0.1,20,4
1,0.1,20,404
2,0.1,20,26
1,0.1,20,356
2,0.1,20,0
1,0.1,20,315
2,0.1,20,9
1,0.1,20,583
2,0.1,20,38
1,0.1,20,900
2,0.1,20,404
1,0.1,20,501
2,0.1,20,48
1,0.1,20,353
2,0.1,20,32
1,0.1,20,910
2,0.1,20,101
1,0.1,20,672
2,0.1,20,75
1,0.1,20,446
2,0.1,20,11
1,0.1,20,548
2,0.1,20,16
1,0.1,20,577
2,0.1,20,50
1,0.1,20,470
2,0.1,20,4
1,0.1,20,839
2,0.1,20,62
1,0.1,20,366
2,0.1,20,6
1,0.1,20,695
2,0.1,20,52
1,0.1,20,630
2,0.1,20,30
1,0.1,20,504
2,0.1,20,3
1,0.1,20,645
2,0.1,20,17
1,0.1,20,578
2,0.1,20,36
1,0.1,20,334
2,0.1,20,0
1,0.1,20,350
2,0.1,20,0
1,0.1,20,724
2,0.1,20,35
1,0.1,20,829
2,0.1,20,84
1,0.1,20,756
2,0.1,20,70
1,0.1,20,249
2,0.1,20,1
1,0.1,20,937
2,0.1,20,764
1,0.1,20,702
2,0.1,20,25
1,0.1,20,126
2,0.1,20,2
1,0.1,20,634
2,0.1,20,19
1,0.1,20,838
2,0.1,20,65
1,0.1,20,295
2,0.1,20,21
1,0.1,20,449
2,0.1,20,32
1,0.1,20,542
2,0.1,20,50
1,0.1,20,490
2,0.1,20,8
1,0.1,20,615
2,0.1,20,27
1,0.1,20,504
2,0.1,20,13
1,0.1,20,855
2,0.1,20,77
1,0.1,20,607
2,0.1,20,58
1,0.1,20,504
2,0.1,20,54
1,0.1,20,306
2,0.1,20,1
1,0.1,20,581
2,0.1,20,13
1,0.1,20,890
2,0.1,20,75
1,0.1,20,808
2,0.1,20,41
1,0.1,20,131
2,0.1,20,15
1,0.1,20,564
2,0.1,20,57
1,0.1,20,521
2,0.1,20,13
1,0.1,20,412
2,0.1,20,23
1,0.1,20,904
2,0.1,20,93
1,0.1,20,557
2,0.1,20,48
1,0.1,20,577
2,0.1,20,38
1,0.1,20,571
2,0.1,20,36
1,0.1,20,713
2,0.1,20,96
1,0.1,20,390
2,0.1,20,38
1,0.1,20,532
2,0.1,20,21
1,0.1,20,786
2,0.1,20,280
1,0.1,20,635
2,0.1,20,115
1,0.1,20,773
2,0.1,20,58
1,0.1,20,263
2,0.1,20,0
1,0.1,20,602
2,0.1,20,32
1,0.1,20,152
2,0.1,20,5
1,0.1,20,833
2,0.1,20,43
1,0.1,20,745
2,0.1,20,144
1,0.1,20,625
2,0.1,20,127
1,0.1,20,597
2,0.1,20,0
1,0.1,20,455
2,0.1,20,3
1,0.1,20,828
2,0.1,20,69
1,0.1,20,713
2,0.1,20,26
1,0.1,20,321
2,0.1,20,1
1,0.1,20,869
2,0.1,20,166
1,0.1,20,761
2,0.1,20,62
1,0.1,20,608
2,0.1,20,11
1,0.1,20,557
2,0.1,20,5
1,0.1,20,356
2,0.1,20,3
1,0.1,20,403
2,0.1,20,5
1,0.1,20,342
2,0.1,20,16
1,0.1,20,436
2,0.1,20,19
1,0.1,20,354
2,0.1,20,10
1,0.1,20,319
2,0.1,20,2
1,0.1,20,523
2,0.1,20,24
1,0.1,20,182
2,0.1,20,0
1,0.1,20,881
2,0.1,20,263
1,0.1,40,477
2,0.1,40,18
1,0.1,40,921
2,0.1,40,255
1,0.1,40,484
2,0.1,40,6
1,0.1,40,633
2,0.1,40,30
1,0.1,40,599
2,0.1,40,84
1,0.1,40,504
2,0.1,40,7
1,0.1,40,113
2,0.1,40,7
1,0.1,40,803
2,0.1,40,62
1,0.1,40,201
2,0.1,40,1
1,0.1,40,896
2,0.1,40,403
1,0.1,40,790
2,0.1,40,130
1,0.1,40,574
2,0.1,40,61
1,0.1,40,759
2,0.1,40,130
1,0.1,40,512
2,0.1,40,92
1,0.1,40,721
2,0.1,40,20
1,0.1,40,380
2,0.1,40,10
1,0.1,40,852
2,0.1,40,77
1,0.1,40,480
2,0.1,40,7
1,0.1,40,571
2,0.1,40,14
1,0.1,40,469
2,0.1,40,2
1,0.1,40,676
2,0.1,40,29
1,0.1,40,187
2,0.1,40,26
1,0.1,40,802
2,0.1,40,226
1,0.1,40,705
2,0.1,40,88
1,0.1,40,390
2,0.1,40,9
1,0.1,40,847
2,0.1,40,114
1,0.1,40,253
2,0.1,40,26
1,0.1,40,425
2,0.1,40,6
1,0.1,40,455
2,0.1,40,2
1,0.1,40,452
2,0.1,40,0
1,0.1,40,478
2,0.1,40,13
1,0.1,40,787
2,0.1,40,84
1,0.1,40,436
2,0.1,40,4
1,0.1,40,515
2,0.1,40,37
1,0.1,40,899
2,0.1,40,36
1,0.1,40,302
2,0.1,40,2
1,0.1,40,525
2,0.1,40,7
1,0.1,40,811
2,0.1,40,87
1,0.1,40,292
2,0.1,40,4
1,0.1,40,522
2,0.1,40,14
1,0.1,40,410
2,0.1,40,75
1,0.1,40,610
2,0.1,40,116
1,0.1,40,703
2,0.1,40,75
1,0.1,40,236
2,0.1,40,3
1,0.1,40,763
2,0.1,40,441
1,0.1,40,581
2,0.1,40,6
1,0.1,40,286
2,0.1,40,2
1,0.1,40,627
2,0.1,40,25
1,0.1,40,724
2,0.1,40,24
1,0.1,40,671
2,0.1,40,24
1,0.1,40,731
2,0.1,40,29
1,0.1,40,630
2,0.1,40,85
1,0.1,40,545
2,0.1,40,8
1,0.1,40,611
2,0.1,40,27
1,0.1,40,480
2,0.1,40,11
1,0.1,40,759
2,0.1,40,12
1,0.1,40,633
2,0.1,40,47
1,0.1,40,589
2,0.1,40,41
1,0.1,40,223
2,0.1,40,5
1,0.1,40,504
2,0.1,40,14
1,0.1,40,758
2,0.1,40,113
1,0.1,40,908
2,0.1,40,231
1,0.1,40,2
2,0.1,40,1
1,0.1,40,575
2,0.1,40,4
1,0.1,40,401
2,0.1,40,21
1,0.1,40,448
2,0.1,40,12
1,0.1,40,637
2,0.1,40,89
1,0.1,40,851
2,0.1,40,85
1,0.1,40,809
2,0.1,40,43
1,0.1,40,823
2,0.1,40,62
1,0.1,40,770
2,0.1,40,215
1,0.1,40,683
2,0.1,40,50
1,0.1,40,375
2,0.1,40,43
1,0.1,40,543
2,0.1,40,358
1,0.1,40,968
2,0.1,40,442
1,0.1,40,755
2,0.1,40,118
1,0.1,40,286
2,0.1,40,1
1,0.1,40,534
2,0.1,40,62
1,0.1,40,434
2,0.1,40,11
1,0.1,40,757
2,0.1,40,92
1,0.1,40,638
2,0.1,40,155
1,0.1,40,789
2,0.1,40,206
1,0.1,40,693
2,0.1,40,0
1,0.1,40,749
2,0.1,40,16
1,0.1,40,956
2,0.1,40,191
1,0.1,40,812
2,0.1,40,117
1,0.1,40,385
2,0.1,40,7
1,0.1,40,522
2,0.1,40,10
1,0.1,40,733
2,0.1,40,29
1,0.1,40,654
2,0.1,40,43
1,0.1,40,739
2,0.1,40,10
1,0.1,40,493
2,0.1,40,5
1,0.1,40,572
2,0.1,40,23
1,0.1,40,424
2,0.1,40,3
1,0.1,40,310
2,0.1,40,11
1,0.1,40,700
2,0.1,40,16
1,0.1,40,286
2,0.1,40,5
1,0.1,40,571
2,0.1,40,40
1,0.1,40,408
2,0.1,40,6
1,0.1,40,772
2,0.1,40,253
1,0.1,80,143
2,0.1,80,1
1,0.1,80,936
2,0.1,80,147
1,0.1,80,289
2,0.1,80,12
1,0.1,80,610
2,0.1,80,15
1,0.1,80,377
2,0.1,80,2
1,0.1,80,571
2,0.1,80,18
1,0.1,80,9
2,0.1,80,0
1,0.1,80,329
2,0.1,80,9
1,0.1,80,528
2,0.1,80,21
1,0.1,80,619
2,0.1,80,125
1,0.1,80,672
2,0.1,80,106
1,0.1,80,960
2,0.1,80,39
1,0.1,80,985
2,0.1,80,186
1,0.1,80,843
2,0.1,80,306
1,0.1,80,484
2,0.1,80,46
1,0.1,80,346
2,0.1,80,27
1,0.1,80,932
2,0.1,80,95
1,0.1,80,666
2,0.1,80,26
1,0.1,80,378
2,0.1,80,12
1,0.1,80,323
2,0.1,80,11
1,0.1,80,605
2,0.1,80,7
1,0.1,80,399
2,0.1,80,53
1,0.1,80,632
2,0.1,80,177
1,0.1,80,570
2,0.1,80,101
1,0.1,80,45
2,0.1,80,0
1,0.1,80,736
2,0.1,80,121
1,0.1,80,629
2,0.1,80,87
1,0.1,80,622
2,0.1,80,22
1,0.1,80,400
2,0.1,80,6
1,0.1,80,907
2,0.1,80,335
1,0.1,80,748
2,0.1,80,70
1,0.1,80,893
2,0.1,80,88
1,0.1,80,541
2,0.1,80,2
1,0.1,80,106
2,0.1,80,22
1,0.1,80,791
2,0.1,80,64
1,0.1,80,712
2,0.1,80,7
1,0.1,80,484
2,0.1,80,21
1,0.1,80,508
2,0.1,80,24
1,0.1,80,455
2,0.1,80,4
1,0.1,80,663
2,0.1,80,82
1,0.1,80,1000
2,0.1,80,93
1,0.1,80,655
2,0.1,80,87
1,0.1,80,951
2,0.1,80,443
1,0.1,80,242
2,0.1,80,5
1,0.1,80,929
2,0.1,80,658
1,0.1,80,454
2,0.1,80,14
1,0.1,80,400
2,0.1,80,26
1,0.1,80,487
2,0.1,80,56
1,0.1,80,587
2,0.1,80,70
1,0.1,80,587
2,0.1,80,23
1,0.1,80,435
2,0.1,80,12
1,0.1,80,542
2,0.1,80,166
1,0.1,80,652
2,0.1,80,11
1,0.1,80,659
2,0.1,80,11
1,0.1,80,563
2,0.1,80,34
1,0.1,80,695
2,0.1,80,94
1,0.1,80,698
2,0.1,80,142
1,0.1,80,223
2,0.1,80,3
1,0.1,80,424
2,0.1,80,10
1,0.1,80,553
2,0.1,80,18
1,0.1,80,302
2,0.1,80,29
1,0.1,80,754
2,0.1,80,210
1,0.1,80,259
2,0.1,80,10
1,0.1,80,437
2,0.1,80,8
1,0.1,80,857
2,0.1,80,112
1,0.1,80,439
2,0.1,80,10
1,0.1,80,712
2,0.1,80,100
1,0.1,80,210
2,0.1,80,27
1,0.1,80,347
2,0.1,80,20
1,0.1,80,557
2,0.1,80,16
1,0.1,80,527
2,0.1,80,191
1,0.1,80,601
2,0.1,80,2
1,0.1,80,719
2,0.1,80,141
1,0.1,80,729
2,0.1,80,110
1,0.1,80,868
2,0.1,80,384
1,0.1,80,567
2,0.1,80,64
1,0.1,80,358
2,0.1,80,2
1,0.1,80,514
2,0.1,80,100
1,0.1,80,134
2,0.1,80,4
1,0.1,80,308
2,0.1,80,57
1,0.1,80,712
2,0.1,80,250
1,0.1,80,932
2,0.1,80,232
1,0.1,80,742
2,0.1,80,6
1,0.1,80,373
2,0.1,80,19
1,0.1,80,542
2,0.1,80,104
1,0.1,80,996
2,0.1,80,1
1,0.1,80,578
2,0.1,80,29
1,0.1,80,294
2,0.1,80,6
1,0.1,80,729
2,0.1,80,56
1,0.1,80,598
2,0.1,80,56
1,0.1,80,568
2,0.1,80,24
1,0.1,80,584
2,0.1,80,77
1,0.1,80,505
2,0.1,80,75
1,0.1,80,591
2,0.1,80,7
1,0.1,80,553
2,0.1,80,58
1,0.1,80,902
2,0.1,80,41
1,0.1,80,496
2,0.1,80,4
1,0.1,80,479
2,0.1,80,3
1,0.1,80,546
2,0.1,80,38
1,0.1,80,751
2,0.1,80,256
1,0.1,100,163
2,0.1,100,5
1,0.1,100,531
2,0.1,100,30
1,0.1,100,281
2,0.1,100,0
1,0.1,100,740
2,0.1,100,35
1,0.1,100,826
2,0.1,100,54
1,0.1,100,313
2,0.1,100,9
1,0.1,100,767
2,0.1,100,17
1,0.1,100,345
2,0.1,100,11
1,0.1,100,814
2,0.1,100,220
1,0.1,100,881
2,0.1,100,546
1,0.1,100,642
2,0.1,100,197
1,0.1,100,518
2,0.1,100,10
1,0.1,100,771
2,0.1,100,95
1,0.1,100,233
2,0.1,100,25
1,0.1,100,781
2,0.1,100,165
1,0.1,100,652
2,0.1,100,24
1,0.1,100,731
2,0.1,100,33
1,0.1,100,293
2,0.1,100,0
1,0.1,100,882
2,0.1,100,20
1,0.1,100,383
2,0.1,100,28
1,0.1,100,387
2,0.1,100,56
1,0.1,100,217
2,0.1,100,4
1,0.1,100,554
2,0.1,100,170
1,0.1,100,305
2,0.1,100,4
1,0.1,100,731
2,0.1,100,107
1,0.1,100,620
2,0.1,100,32
1,0.1,100,939
2,0.1,100,91
1,0.1,100,518
2,0.1,100,16
1,0.1,100,359
2,0.1,100,18
1,0.1,100,849
2,0.1,100,452
1,0.1,100,886
2,0.1,100,62
1,0.1,100,724
2,0.1,100,115
1,0.1,100,807
2,0.1,100,50
1,0.1,100,443
2,0.1,100,12
1,0.1,100,903
2,0.1,100,78
1,0.1,100,348
2,0.1,100,0
1,0.1,100,600
2,0.1,100,16
1,0.1,100,437
2,0.1,100,39
1,0.1,100,496
2,0.1,100,1
1,0.1,100,559
2,0.1,100,52
1,0.1,100,568
2,0.1,100,2
1,0.1,100,592
2,0.1,100,77
1,0.1,100,265
2,0.1,100,29
1,0.1,100,639
2,0.1,100,6
1,0.1,100,420
2,0.1,100,168
1,0.1,100,1000
2,0.1,100,83
1,0.1,100,551
2,0.1,100,20
1,0.1,100,930
2,0.1,100,226
1,0.1,100,715
2,0.1,100,33
1,0.1,100,591
2,0.1,100,121
1,0.1,100,490
2,0.1,100,28
1,0.1,100,235
2,0.1,100,55
1,0.1,100,659
2,0.1,100,3
1,0.1,100,626
2,0.1,100,10
1,0.1,100,566
2,0.1,100,4
1,0.1,100,907
2,0.1,100,142
1,0.1,100,851
2,0.1,100,158
1,0.1,100,275
2,0.1,100,17
1,0.1,100,423
2,0.1,100,43
1,0.1,100,363
2,0.1,100,8
1,0.1,100,468
2,0.1,100,41
1,0.1,100,502
2,0.1,100,4
1,0.1,100,801
2,0.1,100,44
1,0.1,100,775
2,0.1,100,59
1,0.1,100,539
2,0.1,100,68
1,0.1,100,505
2,0.1,100,36
1,0.1,100,245
2,0.1,100,50
1,0.1,100,726
2,0.1,100,182
1,0.1,100,345
2,0.1,100,13
1,0.1,100,826
2,0.1,100,43
1,0.1,100,973
2,0.1,100,51
1,0.1,100,121
2,0.1,100,0
1,0.1,100,509
2,0.1,100,56
1,0.1,100,785
2,0.1,100,336
1,0.1,100,927
2,0.1,100,256
1,0.1,100,981
2,0.1,100,155
1,0.1,100,431
2,0.1,100,7
1,0.1,100,285
2,0.1,100,44
1,0.1,100,545
2,0.1,100,102
1,0.1,100,949
2,0.1,100,31
1,0.1,100,760
2,0.1,100,64
1,0.1,100,162
2,0.1,100,9
1,0.1,100,765
2,0.1,100,1
1,0.1,100,602
2,0.1,100,154
1,0.1,100,553
2,0.1,100,162
1,0.1,100,874
2,0.1,100,117
1,0.1,100,542
2,0.1,100,78
1,0.1,100,490
2,0.1,100,112
1,0.1,100,863
2,0.1,100,151
1,0.1,100,470
2,0.1,100,1
1,0.1,100,697
2,0.1,100,23
1,0.1,100,829
2,0.1,100,21
1,0.1,100,464
2,0.1,100,35
1,0.1,100,585
2,0.1,100,33
1,0.1,100,868
2,0.1,100,110
1,0.1,100,766
2,0.1,100,37
1,0.1,100,460
2,0.1,100,49
1,0.1,100,933
2,0.1,100,18
1,0.1,100,567
2,0.1,100,5
1,0.1,100,503
2,0.1,100,51
1,0.1,200,235
2,0.1,200,11
1,0.1,200,309
2,0.1,200,17
1,0.1,200,443
2,0.1,200,20
1,0.1,200,1000
2,0.1,200,10
1,0.1,200,859
2,0.1,200,4
1,0.1,200,257
2,0.1,200,0
1,0.1,200,307
2,0.1,200,10
1,0.1,200,714
2,0.1,200,98
1,0.1,200,1000
2,0.1,200,30
1,0.1,200,915
2,0.1,200,298
1,0.1,200,248
2,0.1,200,39
1,0.1,200,818
2,0.1,200,6
1,0.1,200,413
2,0.1,200,129
1,0.1,200,769
2,0.1,200,242
1,0.1,200,747
2,0.1,200,23
1,0.1,200,677
2,0.1,200,40
1,0.1,200,676
2,0.1,200,74
1,0.1,200,174
2,0.1,200,1
1,0.1,200,718
2,0.1,200,34
1,0.1,200,260
2,0.1,200,3
1,0.1,200,729
2,0.1,200,144
1,0.1,200,393
2,0.1,200,7
1,0.1,200,601
2,0.1,200,62
1,0.1,200,891
2,0.1,200,55
1,0.1,200,657
2,0.1,200,32
1,0.1,200,596
2,0.1,200,41
1,0.1,200,481
2,0.1,200,23
1,0.1,200,962
2,0.1,200,21
1,0.1,200,667
2,0.1,200,9
1,0.1,200,702
2,0.1,200,187
1,0.1,200,665
2,0.1,200,59
1,0.1,200,1000
2,0.1,200,34
1,0.1,200,804
2,0.1,200,12
1,0.1,200,633
2,0.1,200,110
1,0.1,200,422
2,0.1,200,4
1,0.1,200,508
2,0.1,200,9
1,0.1,200,576
2,0.1,200,90
1,0.1,200,438
2,0.1,200,61
1,0.1,200,404
2,0.1,200,5
1,0.1,200,895
2,0.1,200,163
1,0.1,200,522
2,0.1,200,76
1,0.1,200,317
2,0.1,200,69
1,0.1,200,846
2,0.1,200,128
1,0.1,200,226
2,0.1,200,0
1,0.1,200,990
2,0.1,200,62
1,0.1,200,915
2,0.1,200,39
1,0.1,200,591
2,0.1,200,5
1,0.1,200,996
2,0.1,200,92
1,0.1,200,522
2,0.1,200,9
1,0.1,200,386
2,0.1,200,35
1,0.1,200,207
2,0.1,200,4
1,0.1,200,255
2,0.1,200,141
1,0.1,200,239
2,0.1,200,30
1,0.1,200,87
2,0.1,200,0
1,0.1,200,188
2,0.1,200,0
1,0.1,200,958
2,0.1,200,94
1,0.1,200,442
2,0.1,200,125
1,0.1,200,499
2,0.1,200,10
1,0.1,200,129
2,0.1,200,8
1,0.1,200,267
2,0.1,200,4
1,0.1,200,602
2,0.1,200,54
1,0.1,200,355
2,0.1,200,11
1,0.1,200,351
2,0.1,200,6
1,0.1,200,911
2,0.1,200,17
1,0.1,200,130
2,0.1,200,18
1,0.1,200,145
2,0.1,200,9
1,0.1,200,713
2,0.1,200,17
1,0.1,200,669
2,0.1,200,233
1,0.1,200,380
2,0.1,200,89
1,0.1,200,981
2,0.1,200,10
1,0.1,200,240
2,0.1,200,57
1,0.1,200,377
2,0.1,200,3
1,0.1,200,764
2,0.1,200,16
1,0.1,200,303
2,0.1,200,183
1,0.1,200,867
2,0.1,200,260
1,0.1,200,672
2,0.1,200,243
1,0.1,200,137
2,0.1,200,1
1,0.1,200,224
2,0.1,200,30
1,0.1,200,504
2,0.1,200,96
1,0.1,200,996
2,0.1,200,22
1,0.1,200,426
2,0.1,200,22
1,0.1,200,771
2,0.1,200,169
1,0.1,200,918
2,0.1,200,70
1,0.1,200,654
2,0.1,200,92
1,0.1,200,681
2,0.1,200,243
1,0.1,200,361
2,0.1,200,47
1,0.1,200,750
2,0.1,200,178
1,0.1,200,270
2,0.1,200,60
1,0.1,200,572
2,0.1,200,26
1,0.1,200,535
2,0.1,200,42
1,0.1,200,503
2,0.1,200,159
1,0.1,200,709
2,0.1,200,44
1,0.1,200,921
2,0.1,200,347
1,0.1,200,443
2,0.1,200,19
1,0.1,200,629
2,0.1,200,66
1,0.1,200,748
2,0.1,200,99
1,0.1,200,487
2,0.1,200,15
1,0.1,200,946
2,0.1,200,114
1,0.1,200,135
2,0.1,200,1
1,0.1,200,371
2,0.1,200,99
1,0.2,10,581
2,0.2,10,64
1,0.2,10,513
2,0.2,10,130
1,0.2,10,451
2,0.2,10,15
1,0.2,10,498
2,0.2,10,20
1,0.2,10,639
2,0.2,10,132
1,0.2,10,873
2,0.2,10,16
1,0.2,10,387
2,0.2,10,17
1,0.2,10,519
2,0.2,10,40
1,0.2,10,425
2,0.2,10,25
1,0.2,10,932
2,0.2,10,855
1,0.2,10,624
2,0.2,10,40
1,0.2,10,416
2,0.2,10,33
1,0.2,10,530
2,0.2,10,47
1,0.2,10,605
2,0.2,10,110
1,0.2,10,548
2,0.2,10,66
1,0.2,10,293
2,0.2,10,16
1,0.2,10,577
2,0.2,10,86
1,0.2,10,189
2,0.2,10,12
1,0.2,10,421
2,0.2,10,17
1,0.2,10,349
2,0.2,10,14
1,0.2,10,357
2,0.2,10,11
1,0.2,10,472
2,0.2,10,207
1,0.2,10,836
2,0.2,10,327
1,0.2,10,488
2,0.2,10,89
1,0.2,10,314
2,0.2,10,91
1,0.2,10,915
2,0.2,10,507
1,0.2,10,671
2,0.2,10,130
1,0.2,10,251
2,0.2,10,7
1,0.2,10,515
2,0.2,10,20
1,0.2,10,453
2,0.2,10,171
1,0.2,10,349
2,0.2,10,20
1,0.2,10,580
2,0.2,10,162
1,0.2,10,326
2,0.2,10,17
1,0.2,10,550
2,0.2,10,100
1,0.2,10,290
2,0.2,10,69
1,0.2,10,452
2,0.2,10,20
1,0.2,10,581
2,0.2,10,43
1,0.2,10,643
2,0.2,10,352
1,0.2,10,349
2,0.2,10,7
1,0.2,10,446
2,0.2,10,21
1,0.2,10,477
2,0.2,10,52
1,0.2,10,604
2,0.2,10,271
1,0.2,10,858
2,0.2,10,14
1,0.2,10,393
2,0.2,10,6
1,0.2,10,828
2,0.2,10,744
1,0.2,10,472
2,0.2,10,20
1,0.2,10,248
2,0.2,10,9
1,0.2,10,591
2,0.2,10,58
1,0.2,10,822
2,0.2,10,323
1,0.2,10,534
2,0.2,10,67
1,0.2,10,399
2,0.2,10,124
1,0.2,10,698
2,0.2,10,229
1,0.2,10,487
2,0.2,10,8
1,0.2,10,554
2,0.2,10,48
1,0.2,10,537
2,0.2,10,28
1,0.2,10,820
2,0.2,10,310
1,0.2,10,645
2,0.2,10,105
1,0.2,10,699
2,0.2,10,107
1,0.2,10,289
2,0.2,10,5
1,0.2,10,360
2,0.2,10,21
1,0.2,10,561
2,0.2,10,59
1,0.2,10,569
2,0.2,10,158
1,0.2,10,264
2,0.2,10,13
1,0.2,10,511
2,0.2,10,45
1,0.2,10,576
2,0.2,10,114
1,0.2,10,376
2,0.2,10,28
1,0.2,10,656
2,0.2,10,49
1,0.2,10,438
2,0.2,10,119
1,0.2,10,810
2,0.2,10,696
1,0.2,10,677
2,0.2,10,306
1,0.2,10,500
2,0.2,10,154
1,0.2,10,278
2,0.2,10,24
1,0.2,10,488
2,0.2,10,55
1,0.2,10,761
2,0.2,10,463
1,0.2,10,544
2,0.2,10,298
1,0.2,10,450
2,0.2,10,93
1,0.2,10,506
2,0.2,10,44
1,0.2,10,363
2,0.2,10,25
1,0.2,10,323
2,0.2,10,28
1,0.2,10,548
2,0.2,10,63
1,0.2,10,720
2,0.2,10,277
1,0.2,10,457
2,0.2,10,70
1,0.2,10,330
2,0.2,10,18
1,0.2,10,396
2,0.2,10,35
1,0.2,10,509
2,0.2,10,53
1,0.2,10,824
2,0.2,10,409
1,0.2,10,358
2,0.2,10,7
1,0.2,10,617
2,0.2,10,346
1,0.2,10,712
2,0.2,10,295
1,0.2,10,269
2,0.2,10,5
1,0.2,10,269
2,0.2,10,5
1,0.2,10,361
2,0.2,10,4
1,0.2,10,254
2,0.2,10,11
1,0.2,10,542
2,0.2,10,64
1,0.2,10,431
2,0.2,10,12
1,0.2,10,270
2,0.2,10,12
1,0.2,10,304
2,0.2,10,3
1,0.2,10,523
2,0.2,10,79
1,0.2,10,290
2,0.2,10,7
1,0.2,10,907
2,0.2,10,593
1,0.2,20,580
2,0.2,20,43
1,0.2,20,441
2,0.2,20,146
1,0.2,20,489
2,0.2,20,20
1,0.2,20,402
2,0.2,20,10
1,0.2,20,280
2,0.2,20,83
1,0.2,20,352
2,0.2,20,8
1,0.2,20,403
2,0.2,20,23
1,0.2,20,414
2,0.2,20,57
1,0.2,20,381
2,0.2,20,29
1,0.2,20,814
2,0.2,20,462
1,0.2,20,645
2,0.2,20,78
1,0.2,20,498
2,0.2,20,25
1,0.2,20,644
2,0.2,20,152
1,0.2,20,632
2,0.2,20,73
1,0.2,20,494
2,0.2,20,65
1,0.2,20,416
2,0.2,20,18
1,0.2,20,785
2,0.2,20,105
1,0.2,20,336
2,0.2,20,11
1,0.2,20,459
2,0.2,20,18
1,0.2,20,524
2,0.2,20,14
1,0.2,20,247
2,0.2,20,5
1,0.2,20,418
2,0.2,20,99
1,0.2,20,671
2,0.2,20,204
1,0.2,20,383
2,0.2,20,42
1,0.2,20,340
2,0.2,20,46
1,0.2,20,668
2,0.2,20,167
1,0.2,20,463
2,0.2,20,148
1,0.2,20,267
2,0.2,20,9
1,0.2,20,588
2,0.2,20,33
1,0.2,20,467
2,0.2,20,62
1,0.2,20,421
2,0.2,20,14
1,0.2,20,459
2,0.2,20,71
1,0.2,20,367
2,0.2,20,7
1,0.2,20,546
2,0.2,20,78
1,0.2,20,455
2,0.2,20,23
1,0.2,20,251
2,0.2,20,7
1,0.2,20,393
2,0.2,20,20
1,0.2,20,464
2,0.2,20,44
1,0.2,20,259
2,0.2,20,3
1,0.2,20,316
2,0.2,20,8
1,0.2,20,441
2,0.2,20,34
1,0.2,20,757
2,0.2,20,329
1,0.2,20,486
2,0.2,20,107
1,0.2,20,356
2,0.2,20,6
1,0.2,20,914
2,0.2,20,793
1,0.2,20,466
2,0.2,20,26
1,0.2,20,84
2,0.2,20,3
1,0.2,20,463
2,0.2,20,32
1,0.2,20,557
2,0.2,20,81
1,0.2,20,402
2,0.2,20,25
1,0.2,20,304
2,0.2,20,55
1,0.2,20,647
2,0.2,20,54
1,0.2,20,475
2,0.2,20,26
1,0.2,20,493
2,0.2,20,37
1,0.2,20,626
2,0.2,20,31
1,0.2,20,749
2,0.2,20,144
1,0.2,20,429
2,0.2,20,80
1,0.2,20,562
2,0.2,20,76
1,0.2,20,383
2,0.2,20,7
1,0.2,20,435
2,0.2,20,19
1,0.2,20,455
2,0.2,20,137
1,0.2,20,463
2,0.2,20,198
1,0.2,20,279
2,0.2,20,17
1,0.2,20,387
2,0.2,20,32
1,0.2,20,464
2,0.2,20,54
1,0.2,20,325
2,0.2,20,38
1,0.2,20,574
2,0.2,20,104
1,0.2,20,325
2,0.2,20,44
1,0.2,20,346
2,0.2,20,26
1,0.2,20,375
2,0.2,20,30
1,0.2,20,603
2,0.2,20,157
1,0.2,20,323
2,0.2,20,33
1,0.2,20,314
2,0.2,20,15
1,0.2,20,946
2,0.2,20,754
1,0.2,20,572
2,0.2,20,150
1,0.2,20,482
2,0.2,20,67
1,0.2,20,161
2,0.2,20,8
1,0.2,20,438
2,0.2,20,45
1,0.2,20,366
2,0.2,20,10
1,0.2,20,726
2,0.2,20,212
1,0.2,20,452
2,0.2,20,111
1,0.2,20,531
2,0.2,20,115
1,0.2,20,441
2,0.2,20,4
1,0.2,20,423
2,0.2,20,17
1,0.2,20,525
2,0.2,20,51
1,0.2,20,468
2,0.2,20,37
1,0.2,20,242
2,0.2,20,6
1,0.2,20,643
2,0.2,20,232
1,0.2,20,677
2,0.2,20,141
1,0.2,20,307
2,0.2,20,11
1,0.2,20,356
2,0.2,20,6
1,0.2,20,312
2,0.2,20,5
1,0.2,20,439
2,0.2,20,17
1,0.2,20,544
2,0.2,20,37
1,0.2,20,440
2,0.2,20,26
1,0.2,20,466
2,0.2,20,18
1,0.2,20,374
2,0.2,20,9
1,0.2,20,336
2,0.2,20,22
1,0.2,20,188
2,0.2,20,7
1,0.2,20,595
2,0.2,20,261
1,0.2,40,317
2,0.2,40,18
1,0.2,40,812
2,0.2,40,399
1,0.2,40,273
2,0.2,40,4
1,0.2,40,564
2,0.2,40,43
1,0.2,40,383
2,0.2,40,154
1,0.2,40,334
2,0.2,40,11
1,0.2,40,176
2,0.2,40,7
1,0.2,40,489
2,0.2,40,34
1,0.2,40,169
2,0.2,40,9
1,0.2,40,579
2,0.2,40,277
1,0.2,40,667
2,0.2,40,136
1,0.2,40,281
2,0.2,40,13
1,0.2,40,329
2,0.2,40,69
1,0.2,40,444
2,0.2,40,67
1,0.2,40,298
2,0.2,40,32
1,0.2,40,453
2,0.2,40,31
1,0.2,40,753
2,0.2,40,111
1,0.2,40,307
2,0.2,40,8
1,0.2,40,360
2,0.2,40,24
1,0.2,40,337
2,0.2,40,8
1,0.2,40,427
2,0.2,40,20
1,0.2,40,269
2,0.2,40,57
1,0.2,40,291
2,0.2,40,43
1,0.2,40,461
2,0.2,40,73
1,0.2,40,193
2,0.2,40,24
1,0.2,40,666
2,0.2,40,81
1,0.2,40,531
2,0.2,40,25
1,0.2,40,252
2,0.2,40,2
1,0.2,40,303
2,0.2,40,13
1,0.2,40,477
2,0.2,40,48
1,0.2,40,736
2,0.2,40,35
1,0.2,40,343
2,0.2,40,68
1,0.2,40,327
2,0.2,40,2
1,0.2,40,706
2,0.2,40,133
1,0.2,40,706
2,0.2,40,41
1,0.2,40,623
2,0.2,40,165
1,0.2,40,384
2,0.2,40,19
1,0.2,40,319
2,0.2,40,56
1,0.2,40,135
2,0.2,40,3
1,0.2,40,428
2,0.2,40,46
1,0.2,40,506
2,0.2,40,79
1,0.2,40,314
2,0.2,40,50
1,0.2,40,260
2,0.2,40,23
1,0.2,40,182
2,0.2,40,8
1,0.2,40,839
2,0.2,40,774
1,0.2,40,188
2,0.2,40,5
1,0.2,40,269
2,0.2,40,1
1,0.2,40,426
2,0.2,40,25
1,0.2,40,552
2,0.2,40,11
1,0.2,40,469
2,0.2,40,30
1,0.2,40,410
2,0.2,40,24
1,0.2,40,516
2,0.2,40,56
1,0.2,40,369
2,0.2,40,5
1,0.2,40,484
2,0.2,40,28
1,0.2,40,489
2,0.2,40,13
1,0.2,40,632
2,0.2,40,39
1,0.2,40,334
2,0.2,40,25
1,0.2,40,276
2,0.2,40,14
1,0.2,40,286
2,0.2,40,10
1,0.2,40,305
2,0.2,40,8
1,0.2,40,473
2,0.2,40,62
1,0.2,40,739
2,0.2,40,158
1,0.2,40,66
2,0.2,40,2
1,0.2,40,454
2,0.2,40,17
1,0.2,40,427
2,0.2,40,49
1,0.2,40,287
2,0.2,40,7
1,0.2,40,793
2,0.2,40,103
1,0.2,40,444
2,0.2,40,50
1,0.2,40,432
2,0.2,40,22
1,0.2,40,451
2,0.2,40,42
1,0.2,40,397
2,0.2,40,152
1,0.2,40,476
2,0.2,40,64
1,0.2,40,482
2,0.2,40,55
1,0.2,40,920
2,0.2,40,778
1,0.2,40,948
2,0.2,40,842
1,0.2,40,450
2,0.2,40,93
1,0.2,40,249
2,0.2,40,12
1,0.2,40,441
2,0.2,40,25
1,0.2,40,317
2,0.2,40,5
1,0.2,40,684
2,0.2,40,65
1,0.2,40,488
2,0.2,40,64
1,0.2,40,899
2,0.2,40,813
1,0.2,40,357
2,0.2,40,13
1,0.2,40,498
2,0.2,40,24
1,0.2,40,414
2,0.2,40,150
1,0.2,40,499
2,0.2,40,93
1,0.2,40,273
2,0.2,40,12
1,0.2,40,580
2,0.2,40,76
1,0.2,40,331
2,0.2,40,29
1,0.2,40,312
2,0.2,40,42
1,0.2,40,649
2,0.2,40,5
1,0.2,40,482
2,0.2,40,15
1,0.2,40,545
2,0.2,40,65
1,0.2,40,474
2,0.2,40,16
1,0.2,40,476
2,0.2,40,25
1,0.2,40,441
2,0.2,40,78
1,0.2,40,215
2,0.2,40,7
1,0.2,40,367
2,0.2,40,12
1,0.2,40,223
2,0.2,40,5
1,0.2,40,682
2,0.2,40,384
1,0.2,80,146
2,0.2,80,1
1,0.2,80,387
2,0.2,80,97
1,0.2,80,132
2,0.2,80,0
1,0.2,80,328
2,0.2,80,8
1,0.2,80,312
2,0.2,80,30
1,0.2,80,263
2,0.2,80,14
1,0.2,80,0
2,0.2,80,0
1,0.2,80,630
2,0.2,80,15
1,0.2,80,178
2,0.2,80,22
1,0.2,80,460
2,0.2,80,143
1,0.2,80,710
2,0.2,80,178
1,0.2,80,529
2,0.2,80,50
1,0.2,80,275
2,0.2,80,108
1,0.2,80,801
2,0.2,80,349
1,0.2,80,371
2,0.2,80,40
1,0.2,80,463
2,0.2,80,33
1,0.2,80,876
2,0.2,80,196
1,0.2,80,519
2,0.2,80,22
1,0.2,80,200
2,0.2,80,12
1,0.2,80,392
2,0.2,80,9
1,0.2,80,381
2,0.2,80,12
1,0.2,80,310
2,0.2,80,21
1,0.2,80,292
2,0.2,80,92
1,0.2,80,271
2,0.2,80,13
1,0.2,80,151
2,0.2,80,22
1,0.2,80,163
2,0.2,80,28
1,0.2,80,619
2,0.2,80,92
1,0.2,80,462
2,0.2,80,33
1,0.2,80,345
2,0.2,80,5
1,0.2,80,626
2,0.2,80,277
1,0.2,80,1000
2,0.2,80,654
1,0.2,80,499
2,0.2,80,35
1,0.2,80,279
2,0.2,80,14
1,0.2,80,637
2,0.2,80,226
1,0.2,80,295
2,0.2,80,10
1,0.2,80,273
2,0.2,80,43
1,0.2,80,630
2,0.2,80,50
1,0.2,80,476
2,0.2,80,38
1,0.2,80,124
2,0.2,80,1
1,0.2,80,328
2,0.2,80,48
1,0.2,80,399
2,0.2,80,114
1,0.2,80,197
2,0.2,80,38
1,0.2,80,926
2,0.2,80,474
1,0.2,80,295
2,0.2,80,3
1,0.2,80,670
2,0.2,80,434
1,0.2,80,382
2,0.2,80,27
1,0.2,80,489
2,0.2,80,18
1,0.2,80,402
2,0.2,80,23
1,0.2,80,389
2,0.2,80,46
1,0.2,80,476
2,0.2,80,24
1,0.2,80,412
2,0.2,80,17
1,0.2,80,507
2,0.2,80,76
1,0.2,80,277
2,0.2,80,5
1,0.2,80,234
2,0.2,80,4
1,0.2,80,397
2,0.2,80,20
1,0.2,80,634
2,0.2,80,49
1,0.2,80,540
2,0.2,80,66
1,0.2,80,184
2,0.2,80,8
1,0.2,80,408
2,0.2,80,20
1,0.2,80,235
2,0.2,80,4
1,0.2,80,553
2,0.2,80,96
1,0.2,80,699
2,0.2,80,218
1,0.2,80,173
2,0.2,80,11
1,0.2,80,365
2,0.2,80,7
1,0.2,80,331
2,0.2,80,74
1,0.2,80,567
2,0.2,80,23
1,0.2,80,810
2,0.2,80,152
1,0.2,80,320
2,0.2,80,49
1,0.2,80,439
2,0.2,80,13
1,0.2,80,524
2,0.2,80,24
1,0.2,80,528
2,0.2,80,65
1,0.2,80,329
2,0.2,80,6
1,0.2,80,146
2,0.2,80,8
1,0.2,80,827
2,0.2,80,165
1,0.2,80,847
2,0.2,80,533
1,0.2,80,284
2,0.2,80,29
1,0.2,80,168
2,0.2,80,12
1,0.2,80,237
2,0.2,80,102
1,0.2,80,314
2,0.2,80,52
1,0.2,80,326
2,0.2,80,34
1,0.2,80,787
2,0.2,80,221
1,0.2,80,403
2,0.2,80,171
1,0.2,80,470
2,0.2,80,29
1,0.2,80,427
2,0.2,80,44
1,0.2,80,691
2,0.2,80,177
1,0.2,80,755
2,0.2,80,34
1,0.2,80,742
2,0.2,80,24
1,0.2,80,234
2,0.2,80,25
1,0.2,80,391
2,0.2,80,46
1,0.2,80,145
2,0.2,80,17
1,0.2,80,326
2,0.2,80,57
1,0.2,80,385
2,0.2,80,24
1,0.2,80,431
2,0.2,80,17
1,0.2,80,351
2,0.2,80,1
1,0.2,80,157
2,0.2,80,29
1,0.2,80,371
2,0.2,80,18
1,0.2,80,339
2,0.2,80,6
1,0.2,80,555
2,0.2,80,10
1,0.2,80,82
2,0.2,80,2
1,0.2,80,468
2,0.2,80,249
1,0.2,100,535
2,0.2,100,14
1,0.2,100,376
2,0.2,100,24
1,0.2,100,257
2,0.2,100,4
1,0.2,100,235
2,0.2,100,7
1,0.2,100,571
2,0.2,100,123
1,0.2,100,330
2,0.2,100,24
1,0.2,100,703
2,0.2,100,47
1,0.2,100,95
2,0.2,100,7
1,0.2,100,390
2,0.2,100,90
1,0.2,100,941
2,0.2,100,825
1,0.2,100,651
2,0.2,100,72
1,0.2,100,579
2,0.2,100,23
1,0.2,100,319
2,0.2,100,86
1,0.2,100,462
2,0.2,100,101
1,0.2,100,173
2,0.2,100,30
1,0.2,100,613
2,0.2,100,30
1,0.2,100,517
2,0.2,100,25
1,0.2,100,42
2,0.2,100,0
1,0.2,100,225
2,0.2,100,14
1,0.2,100,443
2,0.2,100,26
1,0.2,100,167
2,0.2,100,32
1,0.2,100,182
2,0.2,100,6
1,0.2,100,750
2,0.2,100,203
1,0.2,100,488
2,0.2,100,24
1,0.2,100,425
2,0.2,100,55
1,0.2,100,544
2,0.2,100,59
1,0.2,100,724
2,0.2,100,90
1,0.2,100,342
2,0.2,100,18
1,0.2,100,162
2,0.2,100,2
1,0.2,100,590
2,0.2,100,320
1,0.2,100,651
2,0.2,100,90
1,0.2,100,361
2,0.2,100,92
1,0.2,100,294
2,0.2,100,37
1,0.2,100,317
2,0.2,100,21
1,0.2,100,442
2,0.2,100,46
1,0.2,100,138
2,0.2,100,2
1,0.2,100,307
2,0.2,100,7
1,0.2,100,243
2,0.2,100,0
1,0.2,100,357
2,0.2,100,2
1,0.2,100,185
2,0.2,100,13
1,0.2,100,456
2,0.2,100,12
1,0.2,100,265
2,0.2,100,32
1,0.2,100,541
2,0.2,100,60
1,0.2,100,337
2,0.2,100,7
1,0.2,100,239
2,0.2,100,89
1,0.2,100,266
2,0.2,100,22
1,0.2,100,335
2,0.2,100,4
1,0.2,100,641
2,0.2,100,346
1,0.2,100,281
2,0.2,100,19
1,0.2,100,382
2,0.2,100,85
1,0.2,100,344
2,0.2,100,28
1,0.2,100,442
2,0.2,100,117
1,0.2,100,394
2,0.2,100,20
1,0.2,100,246
2,0.2,100,3
1,0.2,100,109
2,0.2,100,5
1,0.2,100,472
2,0.2,100,91
1,0.2,100,410
2,0.2,100,85
1,0.2,100,289
2,0.2,100,24
1,0.2,100,443
2,0.2,100,59
1,0.2,100,391
2,0.2,100,28
1,0.2,100,525
2,0.2,100,87
1,0.2,100,335
2,0.2,100,21
1,0.2,100,262
2,0.2,100,20
1,0.2,100,400
2,0.2,100,24
1,0.2,100,259
2,0.2,100,12
1,0.2,100,343
2,0.2,100,28
1,0.2,100,654
2,0.2,100,91
1,0.2,100,504
2,0.2,100,128
1,0.2,100,151
2,0.2,100,4
1,0.2,100,438
2,0.2,100,33
1,0.2,100,468
2,0.2,100,43
1,0.2,100,110
2,0.2,100,4
1,0.2,100,205
2,0.2,100,22
1,0.2,100,832
2,0.2,100,591
1,0.2,100,517
2,0.2,100,168
1,0.2,100,719
2,0.2,100,201
1,0.2,100,158
2,0.2,100,1
1,0.2,100,302
2,0.2,100,26
1,0.2,100,379
2,0.2,100,21
1,0.2,100,630
2,0.2,100,45
1,0.2,100,544
2,0.2,100,74
1,0.2,100,549
2,0.2,100,95
1,0.2,100,404
2,0.2,100,18
1,0.2,100,538
2,0.2,100,106
1,0.2,100,344
2,0.2,100,64
1,0.2,100,458
2,0.2,100,82
1,0.2,100,294
2,0.2,100,14
1,0.2,100,453
2,0.2,100,54
1,0.2,100,645
2,0.2,100,178
1,0.2,100,149
2,0.2,100,1
1,0.2,100,789
2,0.2,100,22
1,0.2,100,431
2,0.2,100,31
1,0.2,100,569
2,0.2,100,78
1,0.2,100,298
2,0.2,100,36
1,0.2,100,376
2,0.2,100,58
1,0.2,100,485
2,0.2,100,14
1,0.2,100,364
2,0.2,100,18
1,0.2,100,289
2,0.2,100,32
1,0.2,100,219
2,0.2,100,3
1,0.2,100,266
2,0.2,100,42
1,0.2,200,267
2,0.2,200,32
1,0.2,200,160
2,0.2,200,28
1,0.2,200,454
2,0.2,200,3
1,0.2,200,400
2,0.2,200,34
1,0.2,200,354
2,0.2,200,14
1,0.2,200,100
2,0.2,200,2
1,0.2,200,57
2,0.2,200,1
1,0.2,200,107
2,0.2,200,11
1,0.2,200,335
2,0.2,200,34
1,0.2,200,842
2,0.2,200,343
1,0.2,200,277
2,0.2,200,36
1,0.2,200,359
2,0.2,200,24
1,0.2,200,170
2,0.2,200,34
1,0.2,200,268
2,0.2,200,38
1,0.2,200,430
2,0.2,200,9
1,0.2,200,179
2,0.2,200,10
1,0.2,200,594
2,0.2,200,38
1,0.2,200,347
2,0.2,200,6
1,0.2,200,182
2,0.2,200,7
1,0.2,200,124
2,0.2,200,5
1,0.2,200,249
2,0.2,200,66
1,0.2,200,223
2,0.2,200,44
1,0.2,200,350
2,0.2,200,37
1,0.2,200,264
2,0.2,200,27
1,0.2,200,268
2,0.2,200,69
1,0.2,200,178
2,0.2,200,19
1,0.2,200,296
2,0.2,200,63
1,0.2,200,582
2,0.2,200,26
1,0.2,200,157
2,0.2,200,4
1,0.2,200,280
2,0.2,200,76
1,0.2,200,339
2,0.2,200,45
1,0.2,200,911
2,0.2,200,89
1,0.2,200,655
2,0.2,200,22
1,0.2,200,349
2,0.2,200,116
1,0.2,200,249
2,0.2,200,2
1,0.2,200,206
2,0.2,200,3
1,0.2,200,433
2,0.2,200,107
1,0.2,200,456
2,0.2,200,7
1,0.2,200,355
2,0.2,200,11
1,0.2,200,464
2,0.2,200,109
1,0.2,200,471
2,0.2,200,21
1,0.2,200,700
2,0.2,200,96
1,0.2,200,486
2,0.2,200,48
1,0.2,200,340
2,0.2,200,4
1,0.2,200,433
2,0.2,200,89
1,0.2,200,983
2,0.2,200,49
1,0.2,200,329
2,0.2,200,13
1,0.2,200,466
2,0.2,200,88
1,0.2,200,363
2,0.2,200,17
1,0.2,200,360
2,0.2,200,7
1,0.2,200,356
2,0.2,200,13
1,0.2,200,171
2,0.2,200,53
1,0.2,200,157
2,0.2,200,12
1,0.2,200,142
2,0.2,200,0
1,0.2,200,24
2,0.2,200,0
1,0.2,200,443
2,0.2,200,66
1,0.2,200,495
2,0.2,200,117
1,0.2,200,132
2,0.2,200,2
1,0.2,200,115
2,0.2,200,2
1,0.2,200,288
2,0.2,200,9
1,0.2,200,742
2,0.2,200,56
1,0.2,200,478
2,0.2,200,41
1,0.2,200,155
2,0.2,200,5
1,0.2,200,364
2,0.2,200,3
1,0.2,200,190
2,0.2,200,39
1,0.2,200,180
2,0.2,200,6
1,0.2,200,282
2,0.2,200,12
1,0.2,200,248
2,0.2,200,159
1,0.2,200,71
2,0.2,200,1
1,0.2,200,678
2,0.2,200,41
1,0.2,200,856
2,0.2,200,170
1,0.2,200,97
2,0.2,200,3
1,0.2,200,173
2,0.2,200,20
1,0.2,200,540
2,0.2,200,450
1,0.2,200,700
2,0.2,200,147
1,0.2,200,680
2,0.2,200,312
1,0.2,200,104
2,0.2,200,0
1,0.2,200,197
2,0.2,200,40
1,0.2,200,353
2,0.2,200,8
1,0.2,200,730
2,0.2,200,62
1,0.2,200,321
2,0.2,200,2
1,0.2,200,286
2,0.2,200,92
1,0.2,200,971
2,0.2,200,40
1,0.2,200,352
2,0.2,200,91
1,0.2,200,511
2,0.2,200,213
1,0.2,200,298
2,0.2,200,14
1,0.2,200,379
2,0.2,200,128
1,0.2,200,197
2,0.2,200,11
1,0.2,200,781
2,0.2,200,32
1,0.2,200,640
2,0.2,200,24
1,0.2,200,576
2,0.2,200,179
1,0.2,200,173
2,0.2,200,23
1,0.2,200,658
2,0.2,200,187
1,0.2,200,572
2,0.2,200,74
1,0.2,200,155
2,0.2,200,11
1,0.2,200,471
2,0.2,200,38
1,0.2,200,813
2,0.2,200,15
1,0.2,200,474
2,0.2,200,177
1,0.2,200,59
2,0.2,200,0
1,0.2,200,593
2,0.2,200,29
