1,0.01,70,1000
2,0.01,70,1000
3,0.01,70,1000
1,0.01,70,1000
2,0.01,70,1000
3,0.01,70,90
1,0.01,70,1000
2,0.01,70,1000
3,0.01,70,1000
1,0.01,70,1000
2,0.01,70,1000
3,0.01,70,287
1,0.01,70,1000
2,0.01,70,1000
3,0.01,70,1000
1,0.01,70,1000
2,0.01,70,1000
3,0.01,70,1000
1,0.01,70,1000
2,0.01,70,1000
3,0.01,70,1000
1,0.01,70,1000
2,0.01,70,1000
3,0.01,70,23
1,0.01,70,1000
2,0.01,70,1000
3,0.01,70,1000
1,0.01,70,1000
2,0.01,70,1000
3,0.01,70,1000
1,0.01,70,1000
2,0.01,70,1000
3,0.01,70,1000
1,0.01,70,1000
2,0.01,70,1000
3,0.01,70,1000
1,0.01,70,1000
2,0.01,70,1000
3,0.01,70,1000
1,0.01,70,1000
2,0.01,70,1000
3,0.01,70,0
1,0.01,70,1000
2,0.01,70,1000
3,0.01,70,142
1,0.01,70,1000
2,0.01,70,1000
3,0.01,70,1000
1,0.01,70,1000
2,0.01,70,1000
3,0.01,70,1000
1,0.01,70,1000
2,0.01,70,0
3,0.01,70,0
1,0.01,70,1000
2,0.01,70,1000
3,0.01,70,26
1,0.01,70,1000
2,0.01,70,1000
3,0.01,70,0
1,0.01,70,1000
2,0.01,70,1000
3,0.01,70,1000
1,0.01,70,1000
2,0.01,70,1000
3,0.01,70,1000
1,0.01,70,1000
2,0.01,70,1000
3,0.01,70,1000
1,0.01,70,1000
2,0.01,70,1000
3,0.01,70,1000
1,0.01,70,1000
2,0.01,70,1000
3,0.01,70,1000
1,0.01,70,1000
2,0.01,70,1000
3,0.01,70,0
1,0.01,70,1000
2,0.01,70,1000
3,0.01,70,2
1,0.01,70,1000
2,0.01,70,1000
3,0.01,70,1000
1,0.01,70,1000
2,0.01,70,1000
3,0.01,70,1000
1,0.01,70,1000
2,0.01,70,1000
3,0.01,70,1000
1,0.01,70,1000
2,0.01,70,1000
3,0.01,70,2
1,0.01,70,1000
2,0.01,70,1000
3,0.01,70,1000
1,0.01,70,1000
2,0.01,70,1000
3,0.01,70,0
1,0.01,70,1000
2,0.01,70,1000
3,0.01,70,1000
1,0.01,70,1000
2,0.01,70,1000
3,0.01,70,650
1,0.01,70,1000
2,0.01,70,1000
3,0.01,70,1000
1,0.01,70,1000
2,0.01,70,1000
3,0.01,70,0
1,0.01,70,1000
2,0.01,70,1000
3,0.01,70,82
1,0.01,70,1000
2,0.01,70,1000
3,0.01,70,1000
1,0.01,70,1000
2,0.01,70,1000
3,0.01,70,1000
1,0.01,70,1000
2,0.01,70,1000
3,0.01,70,11
1,0.01,70,1000
2,0.01,70,1000
3,0.01,70,1000
1,0.01,70,1000
2,0.01,70,1000
3,0.01,70,1000
1,0.01,70,1000
2,0.01,70,1000
3,0.01,70,1000
1,0.01,70,1000
2,0.01,70,1000
3,0.01,70,1000
1,0.01,70,1000
2,0.01,70,1000
3,0.01,70,1000
1,0.01,70,1000
2,0.01,70,1000
3,0.01,70,1000
1,0.01,70,1000
2,0.01,70,1000
3,0.01,70,477
1,0.01,70,1000
2,0.01,70,1000
3,0.01,70,63
1,0.01,70,1000
2,0.01,70,1000
3,0.01,70,1000
1,0.01,70,1000
2,0.01,70,1000
3,0.01,70,1000
1,0.01,70,1000
2,0.01,70,1000
3,0.01,70,0
1,0.01,70,1000
2,0.01,70,1000
3,0.01,70,1000
1,0.01,70,1000
2,0.01,70,1000
3,0.01,70,755
1,0.01,70,1000
2,0.01,70,1000
3,0.01,70,1000
1,0.01,70,1000
2,0.01,70,1000
3,0.01,70,1000
1,0.01,70,1000
2,0.01,70,1000
3,0.01,70,1000
1,0.01,70,1000
2,0.01,70,1000
3,0.01,70,1000
1,0.01,70,1000
2,0.01,70,1000
3,0.01,70,1000
1,0.01,70,1000
2,0.01,70,1000
3,0.01,70,588
1,0.01,70,1000
2,0.01,70,1000
3,0.01,70,1000
1,0.01,70,1000
2,0.01,70,1000
3,0.01,70,1000
1,0.01,70,1000
2,0.01,70,1000
3,0.01,70,1000
1,0.01,70,1000
2,0.01,70,1000
3,0.01,70,1000
1,0.01,70,1000
2,0.01,70,1000
3,0.01,70,0
1,0.01,70,1000
2,0.01,70,1000
3,0.01,70,0
1,0.01,70,1000
2,0.01,70,1000
3,0.01,70,0
1,0.01,70,1000
2,0.01,70,1000
3,0.01,70,136
1,0.01,70,1000
2,0.01,70,1000
3,0.01,70,1000
1,0.01,70,1000
2,0.01,70,1000
3,0.01,70,1000
1,0.01,70,1000
2,0.01,70,1000
3,0.01,70,0
1,0.01,70,1000
2,0.01,70,1000
3,0.01,70,1000
1,0.01,70,1000
2,0.01,70,1000
3,0.01,70,1000
1,0.01,70,1000
2,0.01,70,1000
3,0.01,70,1000
1,0.01,70,1000
2,0.01,70,1000
3,0.01,70,1000
1,0.01,70,1000
2,0.01,70,1000
3,0.01,70,1000
1,0.01,70,1000
2,0.01,70,1000
3,0.01,70,324
1,0.01,70,1000
2,0.01,70,1000
3,0.01,70,1000
1,0.01,70,1000
2,0.01,70,1000
3,0.01,70,1000
1,0.01,70,1000
2,0.01,70,1000
3,0.01,70,1000
1,0.01,70,1000
2,0.01,70,1000
3,0.01,70,1000
1,0.01,70,1000
2,0.01,70,1000
3,0.01,70,924
1,0.01,70,1000
2,0.01,70,1000
3,0.01,70,0
1,0.01,70,1000
2,0.01,70,1000
3,0.01,70,1000
1,0.01,70,1000
2,0.01,70,1000
3,0.01,70,179
1,0.01,70,1000
2,0.01,70,1000
3,0.01,70,1000
1,0.01,70,1000
2,0.01,70,1000
3,0.01,70,1000
1,0.01,70,1000
2,0.01,70,1000
3,0.01,70,1000
1,0.01,70,1000
2,0.01,70,1000
3,0.01,70,1000
1,0.01,70,1000
2,0.01,70,1000
3,0.01,70,1000
1,0.01,70,1000
2,0.01,70,1000
3,0.01,70,1000
1,0.01,70,1000
2,0.01,70,1000
3,0.01,70,1000
1,0.01,70,1000
2,0.01,70,1000
3,0.01,70,1000
1,0.01,70,1000
2,0.01,70,1000
3,0.01,70,1000
1,0.01,70,1000
2,0.01,70,1000
3,0.01,70,1000
1,0.01,70,1000
2,0.01,70,1000
3,0.01,70,78
1,0.01,70,1000
2,0.01,70,1000
3,0.01,70,1000
1,0.01,70,1000
2,0.01,70,1000
3,0.01,70,1000
1,0.01,70,1000
2,0.01,70,1000
3,0.01,70,1000
1,0.01,70,1000
2,0.01,70,1000
3,0.01,70,1000
1,0.01,80,1000
2,0.01,80,1000
3,0.01,80,1000
1,0.01,80,1000
2,0.01,80,1000
3,0.01,80,37
1,0.01,80,1000
2,0.01,80,1000
3,0.01,80,1000
1,0.01,80,1000
2,0.01,80,1000
3,0.01,80,820
1,0.01,80,1000
2,0.01,80,1000
3,0.01,80,1000
1,0.01,80,1000
2,0.01,80,1000
3,0.01,80,1000
1,0.01,80,1000
2,0.01,80,1000
3,0.01,80,1000
1,0.01,80,1000
2,0.01,80,1000
3,0.01,80,45
1,0.01,80,1000
2,0.01,80,1000
3,0.01,80,1000
1,0.01,80,1000
2,0.01,80,1000
3,0.01,80,1000
1,0.01,80,1000
2,0.01,80,1000
3,0.01,80,1000
1,0.01,80,1000
2,0.01,80,1000
3,0.01,80,1000
1,0.01,80,1000
2,0.01,80,1000
3,0.01,80,1000
1,0.01,80,1000
2,0.01,80,1000
3,0.01,80,0
1,0.01,80,1000
2,0.01,80,1000
3,0.01,80,101
1,0.01,80,1000
2,0.01,80,1000
3,0.01,80,1000
1,0.01,80,1000
2,0.01,80,1000
3,0.01,80,1000
1,0.01,80,1000
2,0.01,80,0
3,0.01,80,0
1,0.01,80,1000
2,0.01,80,1000
3,0.01,80,289
1,0.01,80,1000
2,0.01,80,1000
3,0.01,80,0
1,0.01,80,1000
2,0.01,80,1000
3,0.01,80,993
1,0.01,80,1000
2,0.01,80,1000
3,0.01,80,1000
1,0.01,80,1000
2,0.01,80,1000
3,0.01,80,1000
1,0.01,80,1000
2,0.01,80,1000
3,0.01,80,1000
1,0.01,80,1000
2,0.01,80,1000
3,0.01,80,1000
1,0.01,80,1000
2,0.01,80,1000
3,0.01,80,0
1,0.01,80,1000
2,0.01,80,1000
3,0.01,80,0
1,0.01,80,1000
2,0.01,80,1000
3,0.01,80,1000
1,0.01,80,1000
2,0.01,80,1000
3,0.01,80,1000
1,0.01,80,1000
2,0.01,80,1000
3,0.01,80,1000
1,0.01,80,1000
2,0.01,80,1000
3,0.01,80,9
1,0.01,80,1000
2,0.01,80,1000
3,0.01,80,1000
1,0.01,80,1000
2,0.01,80,1000
3,0.01,80,0
1,0.01,80,1000
2,0.01,80,1000
3,0.01,80,1000
1,0.01,80,1000
2,0.01,80,1000
3,0.01,80,838
1,0.01,80,1000
2,0.01,80,1000
3,0.01,80,1000
1,0.01,80,1000
2,0.01,80,1000
3,0.01,80,0
1,0.01,80,1000
2,0.01,80,1000
3,0.01,80,22
1,0.01,80,1000
2,0.01,80,1000
3,0.01,80,1000
1,0.01,80,1000
2,0.01,80,1000
3,0.01,80,1000
1,0.01,80,1000
2,0.01,80,1000
3,0.01,80,10
1,0.01,80,1000
2,0.01,80,1000
3,0.01,80,1000
1,0.01,80,1000
2,0.01,80,1000
3,0.01,80,1000
1,0.01,80,1000
2,0.01,80,1000
3,0.01,80,1000
1,0.01,80,1000
2,0.01,80,1000
3,0.01,80,1000
1,0.01,80,1000
2,0.01,80,1000
3,0.01,80,1000
1,0.01,80,1000
2,0.01,80,1000
3,0.01,80,1000
1,0.01,80,1000
2,0.01,80,1000
3,0.01,80,219
1,0.01,80,1000
2,0.01,80,1000
3,0.01,80,192
1,0.01,80,1000
2,0.01,80,1000
3,0.01,80,1000
1,0.01,80,1000
2,0.01,80,1000
3,0.01,80,1000
1,0.01,80,1000
2,0.01,80,1000
3,0.01,80,0
1,0.01,80,1000
2,0.01,80,1000
3,0.01,80,1000
1,0.01,80,1000
2,0.01,80,1000
3,0.01,80,654
1,0.01,80,1000
2,0.01,80,1000
3,0.01,80,1000
1,0.01,80,1000
2,0.01,80,1000
3,0.01,80,1000
1,0.01,80,1000
2,0.01,80,1000
3,0.01,80,1000
1,0.01,80,1000
2,0.01,80,1000
3,0.01,80,1000
1,0.01,80,1000
2,0.01,80,1000
3,0.01,80,1000
1,0.01,80,1000
2,0.01,80,1000
3,0.01,80,765
1,0.01,80,1000
2,0.01,80,1000
3,0.01,80,1000
1,0.01,80,1000
2,0.01,80,1000
3,0.01,80,1000
1,0.01,80,1000
2,0.01,80,1000
3,0.01,80,1000
1,0.01,80,1000
2,0.01,80,1000
3,0.01,80,1000
1,0.01,80,1000
2,0.01,80,1000
3,0.01,80,0
1,0.01,80,1000
2,0.01,80,1000
3,0.01,80,0
1,0.01,80,1000
2,0.01,80,1000
3,0.01,80,0
1,0.01,80,1000
2,0.01,80,1000
3,0.01,80,373
1,0.01,80,1000
2,0.01,80,1000
3,0.01,80,1000
1,0.01,80,1000
2,0.01,80,1000
3,0.01,80,1000
1,0.01,80,1000
2,0.01,80,1000
3,0.01,80,0
1,0.01,80,1000
2,0.01,80,1000
3,0.01,80,1000
1,0.01,80,1000
2,0.01,80,1000
3,0.01,80,1000
1,0.01,80,1000
2,0.01,80,1000
3,0.01,80,1000
1,0.01,80,1000
2,0.01,80,1000
3,0.01,80,1000
1,0.01,80,1000
2,0.01,80,1000
3,0.01,80,1000
1,0.01,80,1000
2,0.01,80,1000
3,0.01,80,220
1,0.01,80,1000
2,0.01,80,1000
3,0.01,80,1000
1,0.01,80,1000
2,0.01,80,1000
3,0.01,80,1000
1,0.01,80,1000
2,0.01,80,1000
3,0.01,80,1000
1,0.01,80,1000
2,0.01,80,1000
3,0.01,80,1000
1,0.01,80,1000
2,0.01,80,1000
3,0.01,80,785
1,0.01,80,1000
2,0.01,80,1000
3,0.01,80,0
1,0.01,80,1000
2,0.01,80,1000
3,0.01,80,1000
1,0.01,80,1000
2,0.01,80,1000
3,0.01,80,174
1,0.01,80,1000
2,0.01,80,1000
3,0.01,80,1000
1,0.01,80,1000
2,0.01,80,1000
3,0.01,80,1000
1,0.01,80,1000
2,0.01,80,1000
3,0.01,80,1000
1,0.01,80,1000
2,0.01,80,1000
3,0.01,80,1000
1,0.01,80,1000
2,0.01,80,1000
3,0.01,80,1000
1,0.01,80,1000
2,0.01,80,1000
3,0.01,80,1000
1,0.01,80,1000
2,0.01,80,1000
3,0.01,80,1000
1,0.01,80,1000
2,0.01,80,1000
3,0.01,80,1000
1,0.01,80,1000
2,0.01,80,1000
3,0.01,80,1000
1,0.01,80,1000
2,0.01,80,1000
3,0.01,80,1000
1,0.01,80,1000
2,0.01,80,1000
3,0.01,80,44
1,0.01,80,1000
2,0.01,80,1000
3,0.01,80,1000
1,0.01,80,1000
2,0.01,80,1000
3,0.01,80,1000
1,0.01,80,1000
2,0.01,80,1000
3,0.01,80,1000
1,0.01,80,1000
2,0.01,80,1000
3,0.01,80,1000
1,0.01,90,1000
2,0.01,90,1000
3,0.01,90,1000
1,0.01,90,1000
2,0.01,90,1000
3,0.01,90,0
1,0.01,90,1000
2,0.01,90,1000
3,0.01,90,1000
1,0.01,90,1000
2,0.01,90,1000
3,0.01,90,92
1,0.01,90,1000
2,0.01,90,1000
3,0.01,90,1000
1,0.01,90,1000
2,0.01,90,1000
3,0.01,90,1000
1,0.01,90,1000
2,0.01,90,1000
3,0.01,90,1000
1,0.01,90,1000
2,0.01,90,1000
3,0.01,90,0
1,0.01,90,1000
2,0.01,90,1000
3,0.01,90,1000
1,0.01,90,1000
2,0.01,90,1000
3,0.01,90,1000
1,0.01,90,1000
2,0.01,90,1000
3,0.01,90,1000
1,0.01,90,1000
2,0.01,90,1000
3,0.01,90,1000
1,0.01,90,1000
2,0.01,90,1000
3,0.01,90,1000
1,0.01,90,1000
2,0.01,90,1000
3,0.01,90,0
1,0.01,90,1000
2,0.01,90,1000
3,0.01,90,0
1,0.01,90,1000
2,0.01,90,1000
3,0.01,90,1000
1,0.01,90,1000
2,0.01,90,1000
3,0.01,90,1000
1,0.01,90,1000
2,0.01,90,0
3,0.01,90,0
1,0.01,90,1000
2,0.01,90,1000
3,0.01,90,1
1,0.01,90,1000
2,0.01,90,1000
3,0.01,90,0
1,0.01,90,1000
2,0.01,90,1000
3,0.01,90,240
1,0.01,90,1000
2,0.01,90,1000
3,0.01,90,1000
1,0.01,90,1000
2,0.01,90,1000
3,0.01,90,1000
1,0.01,90,1000
2,0.01,90,1000
3,0.01,90,1000
1,0.01,90,1000
2,0.01,90,1000
3,0.01,90,1000
1,0.01,90,1000
2,0.01,90,1000
3,0.01,90,0
1,0.01,90,1000
2,0.01,90,1000
3,0.01,90,0
1,0.01,90,1000
2,0.01,90,1000
3,0.01,90,1000
1,0.01,90,1000
2,0.01,90,1000
3,0.01,90,1000
1,0.01,90,1000
2,0.01,90,1000
3,0.01,90,1000
1,0.01,90,1000
2,0.01,90,1000
3,0.01,90,0
1,0.01,90,1000
2,0.01,90,1000
3,0.01,90,1000
1,0.01,90,1000
2,0.01,90,1000
3,0.01,90,0
1,0.01,90,1000
2,0.01,90,1000
3,0.01,90,1000
1,0.01,90,1000
2,0.01,90,1000
3,0.01,90,8
1,0.01,90,1000
2,0.01,90,1000
3,0.01,90,1000
1,0.01,90,1000
2,0.01,90,1000
3,0.01,90,0
1,0.01,90,1000
2,0.01,90,1000
3,0.01,90,0
1,0.01,90,1000
2,0.01,90,1000
3,0.01,90,1000
1,0.01,90,1000
2,0.01,90,1000
3,0.01,90,1000
1,0.01,90,1000
2,0.01,90,1000
3,0.01,90,0
1,0.01,90,1000
2,0.01,90,1000
3,0.01,90,1000
1,0.01,90,1000
2,0.01,90,1000
3,0.01,90,1000
1,0.01,90,1000
2,0.01,90,1000
3,0.01,90,1000
1,0.01,90,1000
2,0.01,90,1000
3,0.01,90,1000
1,0.01,90,1000
2,0.01,90,1000
3,0.01,90,1000
1,0.01,90,1000
2,0.01,90,1000
3,0.01,90,1000
1,0.01,90,1000
2,0.01,90,1000
3,0.01,90,0
1,0.01,90,1000
2,0.01,90,1000
3,0.01,90,0
1,0.01,90,1000
2,0.01,90,1000
3,0.01,90,1000
1,0.01,90,1000
2,0.01,90,1000
3,0.01,90,1000
1,0.01,90,1000
2,0.01,90,1000
3,0.01,90,0
1,0.01,90,1000
2,0.01,90,1000
3,0.01,90,1000
1,0.01,90,1000
2,0.01,90,1000
3,0.01,90,22
1,0.01,90,1000
2,0.01,90,1000
3,0.01,90,1000
1,0.01,90,1000
2,0.01,90,1000
3,0.01,90,1000
1,0.01,90,1000
2,0.01,90,1000
3,0.01,90,1000
1,0.01,90,1000
2,0.01,90,1000
3,0.01,90,1000
1,0.01,90,1000
2,0.01,90,1000
3,0.01,90,1000
1,0.01,90,1000
2,0.01,90,1000
3,0.01,90,158
1,0.01,90,1000
2,0.01,90,1000
3,0.01,90,1000
1,0.01,90,1000
2,0.01,90,1000
3,0.01,90,1000
1,0.01,90,1000
2,0.01,90,1000
3,0.01,90,1000
1,0.01,90,1000
2,0.01,90,1000
3,0.01,90,1000
1,0.01,90,1000
2,0.01,90,1000
3,0.01,90,0
1,0.01,90,1000
2,0.01,90,1000
3,0.01,90,0
1,0.01,90,1000
2,0.01,90,1000
3,0.01,90,0
1,0.01,90,1000
2,0.01,90,1000
3,0.01,90,67
1,0.01,90,1000
2,0.01,90,1000
3,0.01,90,1000
1,0.01,90,1000
2,0.01,90,1000
3,0.01,90,1000
1,0.01,90,1000
2,0.01,90,1000
3,0.01,90,0
1,0.01,90,1000
2,0.01,90,1000
3,0.01,90,1000
1,0.01,90,1000
2,0.01,90,1000
3,0.01,90,1000
1,0.01,90,1000
2,0.01,90,1000
3,0.01,90,1000
1,0.01,90,1000
2,0.01,90,1000
3,0.01,90,1000
1,0.01,90,1000
2,0.01,90,1000
3,0.01,90,1000
1,0.01,90,1000
2,0.01,90,1000
3,0.01,90,0
1,0.01,90,1000
2,0.01,90,1000
3,0.01,90,1000
1,0.01,90,1000
2,0.01,90,1000
3,0.01,90,1000
1,0.01,90,1000
2,0.01,90,1000
3,0.01,90,1000
1,0.01,90,1000
2,0.01,90,1000
3,0.01,90,1000
1,0.01,90,1000
2,0.01,90,1000
3,0.01,90,7
1,0.01,90,1000
2,0.01,90,1000
3,0.01,90,0
1,0.01,90,1000
2,0.01,90,1000
3,0.01,90,1000
1,0.01,90,1000
2,0.01,90,1000
3,0.01,90,0
1,0.01,90,1000
2,0.01,90,1000
3,0.01,90,1000
1,0.01,90,1000
2,0.01,90,1000
3,0.01,90,1000
1,0.01,90,1000
2,0.01,90,1000
3,0.01,90,1000
1,0.01,90,1000
2,0.01,90,1000
3,0.01,90,1000
1,0.01,90,1000
2,0.01,90,1000
3,0.01,90,1000
1,0.01,90,1000
2,0.01,90,1000
3,0.01,90,1000
1,0.01,90,1000
2,0.01,90,1000
3,0.01,90,1000
1,0.01,90,1000
2,0.01,90,1000
3,0.01,90,1000
1,0.01,90,1000
2,0.01,90,1000
3,0.01,90,1000
1,0.01,90,1000
2,0.01,90,1000
3,0.01,90,1000
1,0.01,90,1000
2,0.01,90,1000
3,0.01,90,0
1,0.01,90,1000
2,0.01,90,1000
3,0.01,90,1000
1,0.01,90,1000
2,0.01,90,1000
3,0.01,90,1000
1,0.01,90,1000
2,0.01,90,1000
3,0.01,90,1000
1,0.01,90,1000
2,0.01,90,1000
3,0.01,90,1000
1,0.01,100,1000
2,0.01,100,1000
3,0.01,100,1000
1,0.01,100,1000
2,0.01,100,1000
3,0.01,100,0
1,0.01,100,1000
2,0.01,100,1000
3,0.01,100,1000
1,0.01,100,1000
2,0.01,100,1000
3,0.01,100,0
1,0.01,100,1000
2,0.01,100,1000
3,0.01,100,1000
1,0.01,100,1000
2,0.01,100,1000
3,0.01,100,1000
1,0.01,100,1000
2,0.01,100,1000
3,0.01,100,1000
1,0.01,100,1000
2,0.01,100,1000
3,0.01,100,0
1,0.01,100,1000
2,0.01,100,1000
3,0.01,100,1000
1,0.01,100,1000
2,0.01,100,1000
3,0.01,100,1000
1,0.01,100,1000
2,0.01,100,1000
3,0.01,100,1000
1,0.01,100,1000
2,0.01,100,1000
3,0.01,100,1000
1,0.01,100,1000
2,0.01,100,1000
3,0.01,100,1000
1,0.01,100,1000
2,0.01,100,1000
3,0.01,100,0
1,0.01,100,1000
2,0.01,100,1000
3,0.01,100,0
1,0.01,100,1000
2,0.01,100,1000
3,0.01,100,1000
1,0.01,100,1000
2,0.01,100,1000
3,0.01,100,1000
1,0.01,100,1000
2,0.01,100,0
3,0.01,100,0
1,0.01,100,1000
2,0.01,100,1000
3,0.01,100,0
1,0.01,100,1000
2,0.01,100,1000
3,0.01,100,0
1,0.01,100,1000
2,0.01,100,1000
3,0.01,100,0
1,0.01,100,1000
2,0.01,100,1000
3,0.01,100,1000
1,0.01,100,1000
2,0.01,100,1000
3,0.01,100,1000
1,0.01,100,1000
2,0.01,100,1000
3,0.01,100,1000
1,0.01,100,1000
2,0.01,100,1000
3,0.01,100,1000
1,0.01,100,1000
2,0.01,100,1000
3,0.01,100,0
1,0.01,100,1000
2,0.01,100,1000
3,0.01,100,0
1,0.01,100,1000
2,0.01,100,1000
3,0.01,100,1000
1,0.01,100,1000
2,0.01,100,1000
3,0.01,100,1000
1,0.01,100,1000
2,0.01,100,1000
3,0.01,100,1000
1,0.01,100,1000
2,0.01,100,1000
3,0.01,100,0
1,0.01,100,1000
2,0.01,100,1000
3,0.01,100,1000
1,0.01,100,1000
2,0.01,100,1000
3,0.01,100,0
1,0.01,100,1000
2,0.01,100,1000
3,0.01,100,1000
1,0.01,100,1000
2,0.01,100,1000
3,0.01,100,0
1,0.01,100,1000
2,0.01,100,1000
3,0.01,100,1000
1,0.01,100,1000
2,0.01,100,1000
3,0.01,100,0
1,0.01,100,1000
2,0.01,100,1000
3,0.01,100,0
1,0.01,100,1000
2,0.01,100,1000
3,0.01,100,1000
1,0.01,100,1000
2,0.01,100,1000
3,0.01,100,1000
1,0.01,100,1000
2,0.01,100,1000
3,0.01,100,0
1,0.01,100,1000
2,0.01,100,1000
3,0.01,100,1000
1,0.01,100,1000
2,0.01,100,1000
3,0.01,100,1000
1,0.01,100,1000
2,0.01,100,1000
3,0.01,100,1000
1,0.01,100,1000
2,0.01,100,1000
3,0.01,100,1000
1,0.01,100,1000
2,0.01,100,1000
3,0.01,100,1000
1,0.01,100,1000
2,0.01,100,1000
3,0.01,100,1000
1,0.01,100,1000
2,0.01,100,1000
3,0.01,100,0
1,0.01,100,1000
2,0.01,100,1000
3,0.01,100,0
1,0.01,100,1000
2,0.01,100,1000
3,0.01,100,1000
1,0.01,100,1000
2,0.01,100,1000
3,0.01,100,1000
1,0.01,100,1000
2,0.01,100,1000
3,0.01,100,0
1,0.01,100,1000
2,0.01,100,1000
3,0.01,100,1000
1,0.01,100,1000
2,0.01,100,1000
3,0.01,100,0
1,0.01,100,1000
2,0.01,100,1000
3,0.01,100,1000
1,0.01,100,1000
2,0.01,100,1000
3,0.01,100,1000
1,0.01,100,1000
2,0.01,100,1000
3,0.01,100,1000
1,0.01,100,1000
2,0.01,100,1000
3,0.01,100,1000
1,0.01,100,1000
2,0.01,100,1000
3,0.01,100,1000
1,0.01,100,1000
2,0.01,100,1000
3,0.01,100,0
1,0.01,100,1000
2,0.01,100,1000
3,0.01,100,1000
1,0.01,100,1000
2,0.01,100,1000
3,0.01,100,1000
1,0.01,100,1000
2,0.01,100,1000
3,0.01,100,1000
1,0.01,100,1000
2,0.01,100,1000
3,0.01,100,1000
1,0.01,100,1000
2,0.01,100,1000
3,0.01,100,0
1,0.01,100,1000
2,0.01,100,1000
3,0.01,100,0
1,0.01,100,1000
2,0.01,100,1000
3,0.01,100,0
1,0.01,100,1000
2,0.01,100,1000
3,0.01,100,0
1,0.01,100,1000
2,0.01,100,1000
3,0.01,100,1000
1,0.01,100,1000
2,0.01,100,1000
3,0.01,100,1000
1,0.01,100,1000
2,0.01,100,1000
3,0.01,100,0
1,0.01,100,1000
2,0.01,100,1000
3,0.01,100,1000
1,0.01,100,1000
2,0.01,100,1000
3,0.01,100,1000
1,0.01,100,1000
2,0.01,100,1000
3,0.01,100,1000
1,0.01,100,1000
2,0.01,100,1000
3,0.01,100,1000
1,0.01,100,1000
2,0.01,100,1000
3,0.01,100,1000
1,0.01,100,1000
2,0.01,100,1000
3,0.01,100,0
1,0.01,100,1000
2,0.01,100,1000
3,0.01,100,1000
1,0.01,100,1000
2,0.01,100,1000
3,0.01,100,1000
1,0.01,100,1000
2,0.01,100,1000
3,0.01,100,1000
1,0.01,100,1000
2,0.01,100,1000
3,0.01,100,1000
1,0.01,100,1000
2,0.01,100,1000
3,0.01,100,0
1,0.01,100,1000
2,0.01,100,1000
3,0.01,100,0
1,0.01,100,1000
2,0.01,100,1000
3,0.01,100,1000
1,0.01,100,1000
2,0.01,100,1000
3,0.01,100,0
1,0.01,100,1000
2,0.01,100,1000
3,0.01,100,1000
1,0.01,100,1000
2,0.01,100,1000
3,0.01,100,1000
1,0.01,100,1000
2,0.01,100,1000
3,0.01,100,1000
1,0.01,100,1000
2,0.01,100,1000
3,0.01,100,1000
1,0.01,100,1000
2,0.01,100,1000
3,0.01,100,1000
1,0.01,100,1000
2,0.01,100,1000
3,0.01,100,1000
1,0.01,100,1000
2,0.01,100,1000
3,0.01,100,1000
1,0.01,100,1000
2,0.01,100,1000
3,0.01,100,1000
1,0.01,100,1000
2,0.01,100,1000
3,0.01,100,1000
1,0.01,100,1000
2,0.01,100,1000
3,0.01,100,1000
1,0.01,100,1000
2,0.01,100,1000
3,0.01,100,0
1,0.01,100,1000
2,0.01,100,1000
3,0.01,100,1000
1,0.01,100,1000
2,0.01,100,1000
3,0.01,100,1000
1,0.01,100,1000
2,0.01,100,1000
3,0.01,100,1000
1,0.01,100,1000
2,0.01,100,1000
3,0.01,100,1000
1,0.025,70,1000
2,0.025,70,1000
3,0.025,70,650
1,0.025,70,996
2,0.025,70,954
3,0.025,70,105
1,0.025,70,1000
2,0.025,70,992
3,0.025,70,251
1,0.025,70,1000
2,0.025,70,1000
3,0.025,70,799
1,0.025,70,1000
2,0.025,70,1000
3,0.025,70,499
1,0.025,70,1000
2,0.025,70,992
3,0.025,70,295
1,0.025,70,1000
2,0.025,70,1000
3,0.025,70,917
1,0.025,70,1000
2,0.025,70,992
3,0.025,70,434
1,0.025,70,1000
2,0.025,70,1000
3,0.025,70,738
1,0.025,70,1000
2,0.025,70,1000
3,0.025,70,806
1,0.025,70,1000
2,0.025,70,1000
3,0.025,70,385
1,0.025,70,1000
2,0.025,70,1000
3,0.025,70,93
1,0.025,70,1000
2,0.025,70,1000
3,0.025,70,676
1,0.025,70,1000
2,0.025,70,1000
3,0.025,70,22
1,0.025,70,1000
2,0.025,70,989
3,0.025,70,189
1,0.025,70,1000
2,0.025,70,1000
3,0.025,70,911
1,0.025,70,1000
2,0.025,70,1000
3,0.025,70,772
1,0.025,70,1000
2,0.025,70,961
3,0.025,70,50
1,0.025,70,1000
2,0.025,70,999
3,0.025,70,376
1,0.025,70,1000
2,0.025,70,994
3,0.025,70,158
1,0.025,70,1000
2,0.025,70,926
3,0.025,70,435
1,0.025,70,1000
2,0.025,70,923
3,0.025,70,405
1,0.025,70,1000
2,0.025,70,1000
3,0.025,70,824
1,0.025,70,1000
2,0.025,70,979
3,0.025,70,847
1,0.025,70,1000
2,0.025,70,1000
3,0.025,70,972
1,0.025,70,1000
2,0.025,70,757
3,0.025,70,8
1,0.025,70,1000
2,0.025,70,1000
3,0.025,70,914
1,0.025,70,1000
2,0.025,70,982
3,0.025,70,10
1,0.025,70,1000
2,0.025,70,998
3,0.025,70,117
1,0.025,70,1000
2,0.025,70,1000
3,0.025,70,4
1,0.025,70,1000
2,0.025,70,1000
3,0.025,70,599
1,0.025,70,1000
2,0.025,70,883
3,0.025,70,10
1,0.025,70,1000
2,0.025,70,847
3,0.025,70,15
1,0.025,70,1000
2,0.025,70,974
3,0.025,70,327
1,0.025,70,1000
2,0.025,70,1000
3,0.025,70,837
1,0.025,70,1000
2,0.025,70,996
3,0.025,70,588
1,0.025,70,1000
2,0.025,70,997
3,0.025,70,367
1,0.025,70,1000
2,0.025,70,867
3,0.025,70,167
1,0.025,70,1000
2,0.025,70,1000
3,0.025,70,795
1,0.025,70,1000
2,0.025,70,1000
3,0.025,70,410
1,0.025,70,1000
2,0.025,70,995
3,0.025,70,405
1,0.025,70,1000
2,0.025,70,1000
3,0.025,70,440
1,0.025,70,1000
2,0.025,70,991
3,0.025,70,287
1,0.025,70,1000
2,0.025,70,992
3,0.025,70,296
1,0.025,70,1000
2,0.025,70,987
3,0.025,70,797
1,0.025,70,1000
2,0.025,70,980
3,0.025,70,223
1,0.025,70,1000
2,0.025,70,991
3,0.025,70,341
1,0.025,70,1000
2,0.025,70,999
3,0.025,70,684
1,0.025,70,1000
2,0.025,70,972
3,0.025,70,17
1,0.025,70,1000
2,0.025,70,951
3,0.025,70,247
1,0.025,70,1000
2,0.025,70,961
3,0.025,70,120
1,0.025,70,1000
2,0.025,70,994
3,0.025,70,807
1,0.025,70,1000
2,0.025,70,996
3,0.025,70,212
1,0.025,70,1000
2,0.025,70,951
3,0.025,70,275
1,0.025,70,1000
2,0.025,70,972
3,0.025,70,251
1,0.025,70,1000
2,0.025,70,948
3,0.025,70,488
1,0.025,70,1000
2,0.025,70,1000
3,0.025,70,993
1,0.025,70,1000
2,0.025,70,1000
3,0.025,70,593
1,0.025,70,1000
2,0.025,70,1000
3,0.025,70,591
1,0.025,70,1000
2,0.025,70,901
3,0.025,70,168
1,0.025,70,998
2,0.025,70,965
3,0.025,70,441
1,0.025,70,1000
2,0.025,70,1000
3,0.025,70,419
1,0.025,70,1000
2,0.025,70,1000
3,0.025,70,1000
1,0.025,70,1000
2,0.025,70,1000
3,0.025,70,132
1,0.025,70,1000
2,0.025,70,875
3,0.025,70,0
1,0.025,70,1000
2,0.025,70,974
3,0.025,70,170
1,0.025,70,1000
2,0.025,70,994
3,0.025,70,369
1,0.025,70,1000
2,0.025,70,998
3,0.025,70,245
1,0.025,70,993
2,0.025,70,949
3,0.025,70,236
1,0.025,70,1000
2,0.025,70,990
3,0.025,70,221
1,0.025,70,1000
2,0.025,70,1000
3,0.025,70,330
1,0.025,70,1000
2,0.025,70,984
3,0.025,70,252
1,0.025,70,1000
2,0.025,70,1000
3,0.025,70,792
1,0.025,70,1000
2,0.025,70,786
3,0.025,70,107
1,0.025,70,1000
2,0.025,70,1000
3,0.025,70,827
1,0.025,70,1000
2,0.025,70,1000
3,0.025,70,931
1,0.025,70,1000
2,0.025,70,920
3,0.025,70,176
1,0.025,70,1000
2,0.025,70,1000
3,0.025,70,470
1,0.025,70,1000
2,0.025,70,999
3,0.025,70,457
1,0.025,70,1000
2,0.025,70,1000
3,0.025,70,500
1,0.025,70,1000
2,0.025,70,1000
3,0.025,70,479
1,0.025,70,1000
2,0.025,70,1000
3,0.025,70,1000
1,0.025,70,997
2,0.025,70,805
3,0.025,70,8
1,0.025,70,1000
2,0.025,70,1000
3,0.025,70,800
1,0.025,70,1000
2,0.025,70,991
3,0.025,70,222
1,0.025,70,1000
2,0.025,70,987
3,0.025,70,471
1,0.025,70,1000
2,0.025,70,999
3,0.025,70,377
1,0.025,70,1000
2,0.025,70,1000
3,0.025,70,932
1,0.025,70,1000
2,0.025,70,1000
3,0.025,70,715
1,0.025,70,1000
2,0.025,70,914
3,0.025,70,542
1,0.025,70,1000
2,0.025,70,984
3,0.025,70,343
1,0.025,70,1000
2,0.025,70,1000
3,0.025,70,957
1,0.025,70,1000
2,0.025,70,1000
3,0.025,70,1000
1,0.025,70,1000
2,0.025,70,984
3,0.025,70,489
1,0.025,70,1000
2,0.025,70,1000
3,0.025,70,330
1,0.025,70,1000
2,0.025,70,990
3,0.025,70,107
1,0.025,70,1000
2,0.025,70,922
3,0.025,70,211
1,0.025,70,999
2,0.025,70,964
3,0.025,70,169
1,0.025,70,1000
2,0.025,70,992
3,0.025,70,375
1,0.025,70,1000
2,0.025,70,982
3,0.025,70,660
1,0.025,80,1000
2,0.025,80,1000
3,0.025,80,612
1,0.025,80,1000
2,0.025,80,981
3,0.025,80,60
1,0.025,80,1000
2,0.025,80,1000
3,0.025,80,692
1,0.025,80,1000
2,0.025,80,1000
3,0.025,80,962
1,0.025,80,1000
2,0.025,80,1000
3,0.025,80,554
1,0.025,80,1000
2,0.025,80,1000
3,0.025,80,396
1,0.025,80,1000
2,0.025,80,1000
3,0.025,80,936
1,0.025,80,1000
2,0.025,80,1000
3,0.025,80,857
1,0.025,80,1000
2,0.025,80,1000
3,0.025,80,517
1,0.025,80,1000
2,0.025,80,1000
3,0.025,80,706
1,0.025,80,1000
2,0.025,80,998
3,0.025,80,240
1,0.025,80,1000
2,0.025,80,1000
3,0.025,80,305
1,0.025,80,1000
2,0.025,80,1000
3,0.025,80,794
1,0.025,80,1000
2,0.025,80,1000
3,0.025,80,55
1,0.025,80,1000
2,0.025,80,995
3,0.025,80,120
1,0.025,80,1000
2,0.025,80,1000
3,0.025,80,959
1,0.025,80,1000
2,0.025,80,1000
3,0.025,80,983
1,0.025,80,1000
2,0.025,80,1000
3,0.025,80,20
1,0.025,80,1000
2,0.025,80,1000
3,0.025,80,740
1,0.025,80,1000
2,0.025,80,1000
3,0.025,80,188
1,0.025,80,1000
2,0.025,80,920
3,0.025,80,258
1,0.025,80,1000
2,0.025,80,966
3,0.025,80,355
1,0.025,80,1000
2,0.025,80,1000
3,0.025,80,778
1,0.025,80,1000
2,0.025,80,989
3,0.025,80,827
1,0.025,80,1000
2,0.025,80,1000
3,0.025,80,971
1,0.025,80,1000
2,0.025,80,996
3,0.025,80,88
1,0.025,80,1000
2,0.025,80,1000
3,0.025,80,778
1,0.025,80,1000
2,0.025,80,995
3,0.025,80,6
1,0.025,80,1000
2,0.025,80,999
3,0.025,80,200
1,0.025,80,1000
2,0.025,80,1000
3,0.025,80,1
1,0.025,80,1000
2,0.025,80,1000
3,0.025,80,725
1,0.025,80,1000
2,0.025,80,974
3,0.025,80,51
1,0.025,80,1000
2,0.025,80,991
3,0.025,80,30
1,0.025,80,1000
2,0.025,80,991
3,0.025,80,268
1,0.025,80,1000
2,0.025,80,1000
3,0.025,80,821
1,0.025,80,1000
2,0.025,80,1000
3,0.025,80,667
1,0.025,80,1000
2,0.025,80,1000
3,0.025,80,684
1,0.025,80,1000
2,0.025,80,922
3,0.025,80,158
1,0.025,80,1000
2,0.025,80,1000
3,0.025,80,691
1,0.025,80,1000
2,0.025,80,1000
3,0.025,80,490
1,0.025,80,1000
2,0.025,80,1000
3,0.025,80,493
1,0.025,80,1000
2,0.025,80,1000
3,0.025,80,345
1,0.025,80,1000
2,0.025,80,1000
3,0.025,80,238
1,0.025,80,1000
2,0.025,80,993
3,0.025,80,341
1,0.025,80,1000
2,0.025,80,996
3,0.025,80,951
1,0.025,80,1000
2,0.025,80,1000
3,0.025,80,384
1,0.025,80,1000
2,0.025,80,986
3,0.025,80,192
1,0.025,80,1000
2,0.025,80,1000
3,0.025,80,783
1,0.025,80,1000
2,0.025,80,998
3,0.025,80,70
1,0.025,80,1000
2,0.025,80,996
3,0.025,80,616
1,0.025,80,1000
2,0.025,80,996
3,0.025,80,387
1,0.025,80,1000
2,0.025,80,926
3,0.025,80,384
1,0.025,80,1000
2,0.025,80,999
3,0.025,80,353
1,0.025,80,1000
2,0.025,80,1000
3,0.025,80,516
1,0.025,80,1000
2,0.025,80,987
3,0.025,80,294
1,0.025,80,1000
2,0.025,80,988
3,0.025,80,306
1,0.025,80,1000
2,0.025,80,1000
3,0.025,80,988
1,0.025,80,1000
2,0.025,80,1000
3,0.025,80,659
1,0.025,80,1000
2,0.025,80,1000
3,0.025,80,319
1,0.025,80,1000
2,0.025,80,999
3,0.025,80,361
1,0.025,80,1000
2,0.025,80,953
3,0.025,80,332
1,0.025,80,1000
2,0.025,80,1000
3,0.025,80,522
1,0.025,80,1000
2,0.025,80,1000
3,0.025,80,1000
1,0.025,80,1000
2,0.025,80,1000
3,0.025,80,209
1,0.025,80,1000
2,0.025,80,1000
3,0.025,80,0
1,0.025,80,1000
2,0.025,80,1000
3,0.025,80,265
1,0.025,80,1000
2,0.025,80,999
3,0.025,80,592
1,0.025,80,1000
2,0.025,80,1000
3,0.025,80,373
1,0.025,80,1000
2,0.025,80,966
3,0.025,80,117
1,0.025,80,1000
2,0.025,80,1000
3,0.025,80,257
1,0.025,80,1000
2,0.025,80,1000
3,0.025,80,353
1,0.025,80,1000
2,0.025,80,993
3,0.025,80,188
1,0.025,80,1000
2,0.025,80,1000
3,0.025,80,683
1,0.025,80,1000
2,0.025,80,979
3,0.025,80,221
1,0.025,80,1000
2,0.025,80,1000
3,0.025,80,860
1,0.025,80,1000
2,0.025,80,1000
3,0.025,80,880
1,0.025,80,1000
2,0.025,80,994
3,0.025,80,368
1,0.025,80,1000
2,0.025,80,1000
3,0.025,80,497
1,0.025,80,1000
2,0.025,80,1000
3,0.025,80,620
1,0.025,80,1000
2,0.025,80,1000
3,0.025,80,447
1,0.025,80,1000
2,0.025,80,1000
3,0.025,80,427
1,0.025,80,1000
2,0.025,80,1000
3,0.025,80,1000
1,0.025,80,1000
2,0.025,80,819
3,0.025,80,9
1,0.025,80,1000
2,0.025,80,1000
3,0.025,80,581
1,0.025,80,1000
2,0.025,80,1000
3,0.025,80,319
1,0.025,80,1000
2,0.025,80,1000
3,0.025,80,676
1,0.025,80,1000
2,0.025,80,1000
3,0.025,80,210
1,0.025,80,1000
2,0.025,80,1000
3,0.025,80,907
1,0.025,80,1000
2,0.025,80,1000
3,0.025,80,602
1,0.025,80,1000
2,0.025,80,968
3,0.025,80,487
1,0.025,80,1000
2,0.025,80,981
3,0.025,80,244
1,0.025,80,1000
2,0.025,80,1000
3,0.025,80,972
1,0.025,80,1000
2,0.025,80,1000
3,0.025,80,1000
1,0.025,80,1000
2,0.025,80,1000
3,0.025,80,718
1,0.025,80,1000
2,0.025,80,1000
3,0.025,80,292
1,0.025,80,1000
2,0.025,80,1000
3,0.025,80,164
1,0.025,80,1000
2,0.025,80,968
3,0.025,80,272
1,0.025,80,1000
2,0.025,80,1000
3,0.025,80,606
1,0.025,80,1000
2,0.025,80,1000
3,0.025,80,634
1,0.025,80,1000
2,0.025,80,1000
3,0.025,80,739
1,0.025,90,1000
2,0.025,90,1000
3,0.025,90,141
1,0.025,90,1000
2,0.025,90,1000
3,0.025,90,227
1,0.025,90,1000
2,0.025,90,1000
3,0.025,90,139
1,0.025,90,1000
2,0.025,90,1000
3,0.025,90,809
1,0.025,90,1000
2,0.025,90,1000
3,0.025,90,66
1,0.025,90,1000
2,0.025,90,1000
3,0.025,90,186
1,0.025,90,1000
2,0.025,90,1000
3,0.025,90,906
1,0.025,90,1000
2,0.025,90,1000
3,0.025,90,606
1,0.025,90,1000
2,0.025,90,1000
3,0.025,90,415
1,0.025,90,1000
2,0.025,90,1000
3,0.025,90,512
1,0.025,90,1000
2,0.025,90,1000
3,0.025,90,661
1,0.025,90,1000
2,0.025,90,1000
3,0.025,90,48
1,0.025,90,1000
2,0.025,90,1000
3,0.025,90,527
1,0.025,90,1000
2,0.025,90,1000
3,0.025,90,1
1,0.025,90,1000
2,0.025,90,988
3,0.025,90,0
1,0.025,90,1000
2,0.025,90,1000
3,0.025,90,853
1,0.025,90,1000
2,0.025,90,1000
3,0.025,90,485
1,0.025,90,1000
2,0.025,90,1000
3,0.025,90,0
1,0.025,90,1000
2,0.025,90,1000
3,0.025,90,251
1,0.025,90,1000
2,0.025,90,1000
3,0.025,90,87
1,0.025,90,1000
2,0.025,90,750
3,0.025,90,6
1,0.025,90,1000
2,0.025,90,994
3,0.025,90,26
1,0.025,90,1000
2,0.025,90,1000
3,0.025,90,882
1,0.025,90,1000
2,0.025,90,952
3,0.025,90,237
1,0.025,90,1000
2,0.025,90,1000
3,0.025,90,44
1,0.025,90,1000
2,0.025,90,1000
3,0.025,90,189
1,0.025,90,1000
2,0.025,90,1000
3,0.025,90,242
1,0.025,90,1000
2,0.025,90,1000
3,0.025,90,0
1,0.025,90,1000
2,0.025,90,1000
3,0.025,90,7
1,0.025,90,1000
2,0.025,90,1000
3,0.025,90,1
1,0.025,90,1000
2,0.025,90,1000
3,0.025,90,73
1,0.025,90,1000
2,0.025,90,1000
3,0.025,90,5
1,0.025,90,1000
2,0.025,90,1000
3,0.025,90,20
1,0.025,90,1000
2,0.025,90,1000
3,0.025,90,45
1,0.025,90,1000
2,0.025,90,1000
3,0.025,90,14
1,0.025,90,1000
2,0.025,90,1000
3,0.025,90,20
1,0.025,90,1000
2,0.025,90,1000
3,0.025,90,579
1,0.025,90,1000
2,0.025,90,1000
3,0.025,90,335
1,0.025,90,1000
2,0.025,90,1000
3,0.025,90,152
1,0.025,90,1000
2,0.025,90,1000
3,0.025,90,104
1,0.025,90,1000
2,0.025,90,1000
3,0.025,90,41
1,0.025,90,1000
2,0.025,90,1000
3,0.025,90,336
1,0.025,90,1000
2,0.025,90,1000
3,0.025,90,26
1,0.025,90,1000
2,0.025,90,1000
3,0.025,90,44
1,0.025,90,1000
2,0.025,90,1000
3,0.025,90,756
1,0.025,90,1000
2,0.025,90,1000
3,0.025,90,743
1,0.025,90,1000
2,0.025,90,1000
3,0.025,90,6
1,0.025,90,1000
2,0.025,90,1000
3,0.025,90,186
1,0.025,90,1000
2,0.025,90,1000
3,0.025,90,72
1,0.025,90,1000
2,0.025,90,1000
3,0.025,90,566
1,0.025,90,1000
2,0.025,90,1000
3,0.025,90,360
1,0.025,90,1000
2,0.025,90,999
3,0.025,90,271
1,0.025,90,1000
2,0.025,90,1000
3,0.025,90,116
1,0.025,90,1000
2,0.025,90,1000
3,0.025,90,350
1,0.025,90,1000
2,0.025,90,988
3,0.025,90,84
1,0.025,90,1000
2,0.025,90,1000
3,0.025,90,464
1,0.025,90,1000
2,0.025,90,1000
3,0.025,90,883
1,0.025,90,1000
2,0.025,90,1000
3,0.025,90,325
1,0.025,90,1000
2,0.025,90,1000
3,0.025,90,308
1,0.025,90,1000
2,0.025,90,1000
3,0.025,90,191
1,0.025,90,1000
2,0.025,90,1000
3,0.025,90,843
1,0.025,90,1000
2,0.025,90,1000
3,0.025,90,50
1,0.025,90,1000
2,0.025,90,1000
3,0.025,90,1000
1,0.025,90,1000
2,0.025,90,1000
3,0.025,90,25
1,0.025,90,1000
2,0.025,90,1000
3,0.025,90,0
1,0.025,90,1000
2,0.025,90,1000
3,0.025,90,36
1,0.025,90,1000
2,0.025,90,1000
3,0.025,90,133
1,0.025,90,1000
2,0.025,90,1000
3,0.025,90,501
1,0.025,90,1000
2,0.025,90,999
3,0.025,90,105
1,0.025,90,1000
2,0.025,90,1000
3,0.025,90,295
1,0.025,90,1000
2,0.025,90,1000
3,0.025,90,51
1,0.025,90,1000
2,0.025,90,1000
3,0.025,90,169
1,0.025,90,1000
2,0.025,90,1000
3,0.025,90,153
1,0.025,90,1000
2,0.025,90,996
3,0.025,90,110
1,0.025,90,1000
2,0.025,90,1000
3,0.025,90,31
1,0.025,90,1000
2,0.025,90,1000
3,0.025,90,651
1,0.025,90,1000
2,0.025,90,1000
3,0.025,90,147
1,0.025,90,1000
2,0.025,90,1000
3,0.025,90,191
1,0.025,90,1000
2,0.025,90,1000
3,0.025,90,79
1,0.025,90,1000
2,0.025,90,1000
3,0.025,90,188
1,0.025,90,1000
2,0.025,90,1000
3,0.025,90,94
1,0.025,90,1000
2,0.025,90,1000
3,0.025,90,1000
1,0.025,90,1000
2,0.025,90,968
3,0.025,90,3
1,0.025,90,1000
2,0.025,90,1000
3,0.025,90,458
1,0.025,90,1000
2,0.025,90,1000
3,0.025,90,65
1,0.025,90,1000
2,0.025,90,1000
3,0.025,90,740
1,0.025,90,1000
2,0.025,90,1000
3,0.025,90,0
1,0.025,90,1000
2,0.025,90,1000
3,0.025,90,453
1,0.025,90,1000
2,0.025,90,1000
3,0.025,90,440
1,0.025,90,1000
2,0.025,90,1000
3,0.025,90,90
1,0.025,90,1000
2,0.025,90,994
3,0.025,90,91
1,0.025,90,1000
2,0.025,90,1000
3,0.025,90,606
1,0.025,90,1000
2,0.025,90,1000
3,0.025,90,1000
1,0.025,90,1000
2,0.025,90,1000
3,0.025,90,229
1,0.025,90,1000
2,0.025,90,1000
3,0.025,90,215
1,0.025,90,1000
2,0.025,90,1000
3,0.025,90,33
1,0.025,90,1000
2,0.025,90,1000
3,0.025,90,747
1,0.025,90,1000
2,0.025,90,1000
3,0.025,90,109
1,0.025,90,1000
2,0.025,90,1000
3,0.025,90,290
1,0.025,90,1000
2,0.025,90,1000
3,0.025,90,31
1,0.025,100,1000
2,0.025,100,1000
3,0.025,100,0
1,0.025,100,1000
2,0.025,100,1000
3,0.025,100,0
1,0.025,100,1000
2,0.025,100,1000
3,0.025,100,0
1,0.025,100,1000
2,0.025,100,1000
3,0.025,100,1
1,0.025,100,1000
2,0.025,100,1000
3,0.025,100,7
1,0.025,100,1000
2,0.025,100,1000
3,0.025,100,0
1,0.025,100,1000
2,0.025,100,1000
3,0.025,100,4
1,0.025,100,1000
2,0.025,100,1000
3,0.025,100,0
1,0.025,100,1000
2,0.025,100,1000
3,0.025,100,27
1,0.025,100,1000
2,0.025,100,1000
3,0.025,100,301
1,0.025,100,1000
2,0.025,100,1000
3,0.025,100,106
1,0.025,100,1000
2,0.025,100,1000
3,0.025,100,1
1,0.025,100,1000
2,0.025,100,1000
3,0.025,100,52
1,0.025,100,1000
2,0.025,100,1000
3,0.025,100,0
1,0.025,100,1000
2,0.025,100,1000
3,0.025,100,1
1,0.025,100,1000
2,0.025,100,1000
3,0.025,100,0
1,0.025,100,1000
2,0.025,100,1000
3,0.025,100,0
1,0.025,100,1000
2,0.025,100,1000
3,0.025,100,0
1,0.025,100,1000
2,0.025,100,1000
3,0.025,100,0
1,0.025,100,1000
2,0.025,100,1000
3,0.025,100,0
1,0.025,100,1000
2,0.025,100,1000
3,0.025,100,3
1,0.025,100,1000
2,0.025,100,1000
3,0.025,100,1
1,0.025,100,1000
2,0.025,100,1000
3,0.025,100,167
1,0.025,100,1000
2,0.025,100,1000
3,0.025,100,0
1,0.025,100,1000
2,0.025,100,1000
3,0.025,100,0
1,0.025,100,1000
2,0.025,100,1000
3,0.025,100,2
1,0.025,100,1000
2,0.025,100,1000
3,0.025,100,13
1,0.025,100,1000
2,0.025,100,1000
3,0.025,100,0
1,0.025,100,1000
2,0.025,100,1000
3,0.025,100,0
1,0.025,100,1000
2,0.025,100,1000
3,0.025,100,3
1,0.025,100,1000
2,0.025,100,1000
3,0.025,100,5
1,0.025,100,1000
2,0.025,100,1000
3,0.025,100,1
1,0.025,100,1000
2,0.025,100,1000
3,0.025,100,0
1,0.025,100,1000
2,0.025,100,1000
3,0.025,100,0
1,0.025,100,1000
2,0.025,100,1000
3,0.025,100,0
1,0.025,100,1000
2,0.025,100,1000
3,0.025,100,0
1,0.025,100,1000
2,0.025,100,1000
3,0.025,100,0
1,0.025,100,1000
2,0.025,100,1000
3,0.025,100,1
1,0.025,100,1000
2,0.025,100,1000
3,0.025,100,0
1,0.025,100,1000
2,0.025,100,1000
3,0.025,100,0
1,0.025,100,1000
2,0.025,100,1000
3,0.025,100,0
1,0.025,100,1000
2,0.025,100,1000
3,0.025,100,0
1,0.025,100,1000
2,0.025,100,1000
3,0.025,100,0
1,0.025,100,1000
2,0.025,100,1000
3,0.025,100,0
1,0.025,100,1000
2,0.025,100,1000
3,0.025,100,36
1,0.025,100,1000
2,0.025,100,1000
3,0.025,100,11
1,0.025,100,1000
2,0.025,100,1000
3,0.025,100,0
1,0.025,100,1000
2,0.025,100,1000
3,0.025,100,71
1,0.025,100,1000
2,0.025,100,1000
3,0.025,100,0
1,0.025,100,1000
2,0.025,100,1000
3,0.025,100,59
1,0.025,100,1000
2,0.025,100,1000
3,0.025,100,1
1,0.025,100,1000
2,0.025,100,1000
3,0.025,100,10
1,0.025,100,1000
2,0.025,100,1000
3,0.025,100,0
1,0.025,100,1000
2,0.025,100,1000
3,0.025,100,0
1,0.025,100,1000
2,0.025,100,1000
3,0.025,100,0
1,0.025,100,1000
2,0.025,100,1000
3,0.025,100,16
1,0.025,100,1000
2,0.025,100,1000
3,0.025,100,131
1,0.025,100,1000
2,0.025,100,1000
3,0.025,100,2
1,0.025,100,1000
2,0.025,100,1000
3,0.025,100,1
1,0.025,100,1000
2,0.025,100,1000
3,0.025,100,0
1,0.025,100,1000
2,0.025,100,1000
3,0.025,100,19
1,0.025,100,1000
2,0.025,100,1000
3,0.025,100,0
1,0.025,100,1000
2,0.025,100,1000
3,0.025,100,1000
1,0.025,100,1000
2,0.025,100,1000
3,0.025,100,0
1,0.025,100,1000
2,0.025,100,1000
3,0.025,100,0
1,0.025,100,1000
2,0.025,100,1000
3,0.025,100,0
1,0.025,100,1000
2,0.025,100,1000
3,0.025,100,1
1,0.025,100,1000
2,0.025,100,1000
3,0.025,100,38
1,0.025,100,1000
2,0.025,100,1000
3,0.025,100,4
1,0.025,100,1000
2,0.025,100,1000
3,0.025,100,1
1,0.025,100,1000
2,0.025,100,1000
3,0.025,100,4
1,0.025,100,1000
2,0.025,100,1000
3,0.025,100,0
1,0.025,100,1000
2,0.025,100,1000
3,0.025,100,1
1,0.025,100,1000
2,0.025,100,1000
3,0.025,100,102
1,0.025,100,1000
2,0.025,100,1000
3,0.025,100,4
1,0.025,100,1000
2,0.025,100,1000
3,0.025,100,40
1,0.025,100,1000
2,0.025,100,1000
3,0.025,100,0
1,0.025,100,1000
2,0.025,100,1000
3,0.025,100,1
1,0.025,100,1000
2,0.025,100,1000
3,0.025,100,24
1,0.025,100,1000
2,0.025,100,1000
3,0.025,100,0
1,0.025,100,1000
2,0.025,100,1000
3,0.025,100,0
1,0.025,100,1000
2,0.025,100,1000
3,0.025,100,1000
1,0.025,100,1000
2,0.025,100,1000
3,0.025,100,0
1,0.025,100,1000
2,0.025,100,1000
3,0.025,100,41
1,0.025,100,1000
2,0.025,100,1000
3,0.025,100,18
1,0.025,100,1000
2,0.025,100,1000
3,0.025,100,36
1,0.025,100,1000
2,0.025,100,1000
3,0.025,100,0
1,0.025,100,1000
2,0.025,100,1000
3,0.025,100,49
1,0.025,100,1000
2,0.025,100,1000
3,0.025,100,26
1,0.025,100,1000
2,0.025,100,1000
3,0.025,100,0
1,0.025,100,1000
2,0.025,100,1000
3,0.025,100,0
1,0.025,100,1000
2,0.025,100,1000
3,0.025,100,11
1,0.025,100,1000
2,0.025,100,1000
3,0.025,100,1000
1,0.025,100,1000
2,0.025,100,1000
3,0.025,100,3
1,0.025,100,1000
2,0.025,100,1000
3,0.025,100,0
1,0.025,100,1000
2,0.025,100,1000
3,0.025,100,0
1,0.025,100,1000
2,0.025,100,1000
3,0.025,100,0
1,0.025,100,1000
2,0.025,100,1000
3,0.025,100,1
1,0.025,100,1000
2,0.025,100,1000
3,0.025,100,0
1,0.025,100,1000
2,0.025,100,1000
3,0.025,100,0
1,0.05,70,998
2,0.05,70,945
3,0.05,70,644
1,0.05,70,825
2,0.05,70,638
3,0.05,70,130
1,0.05,70,987
2,0.05,70,551
3,0.05,70,174
1,0.05,70,998
2,0.05,70,962
3,0.05,70,555
1,0.05,70,1000
2,0.05,70,994
3,0.05,70,913
1,0.05,70,858
2,0.05,70,766
3,0.05,70,433
1,0.05,70,980
2,0.05,70,960
3,0.05,70,671
1,0.05,70,916
2,0.05,70,776
3,0.05,70,339
1,0.05,70,1000
2,0.05,70,916
3,0.05,70,722
1,0.05,70,978
2,0.05,70,931
3,0.05,70,536
1,0.05,70,644
2,0.05,70,397
3,0.05,70,115
1,0.05,70,872
2,0.05,70,335
3,0.05,70,50
1,0.05,70,1000
2,0.05,70,951
3,0.05,70,638
1,0.05,70,994
2,0.05,70,815
3,0.05,70,303
1,0.05,70,682
2,0.05,70,240
3,0.05,70,36
1,0.05,70,1000
2,0.05,70,978
3,0.05,70,780
1,0.05,70,1000
2,0.05,70,982
3,0.05,70,813
1,0.05,70,741
2,0.05,70,277
3,0.05,70,49
1,0.05,70,996
2,0.05,70,762
3,0.05,70,155
1,0.05,70,909
2,0.05,70,762
3,0.05,70,347
1,0.05,70,589
2,0.05,70,499
3,0.05,70,232
1,0.05,70,810
2,0.05,70,456
3,0.05,70,101
1,0.05,70,973
2,0.05,70,776
3,0.05,70,398
1,0.05,70,1000
2,0.05,70,900
3,0.05,70,610
1,0.05,70,994
2,0.05,70,979
3,0.05,70,839
1,0.05,70,966
2,0.05,70,318
3,0.05,70,64
1,0.05,70,1000
2,0.05,70,997
3,0.05,70,860
1,0.05,70,967
2,0.05,70,648
3,0.05,70,133
1,0.05,70,980
2,0.05,70,806
3,0.05,70,372
1,0.05,70,1000
2,0.05,70,984
3,0.05,70,517
1,0.05,70,1000
2,0.05,70,935
3,0.05,70,507
1,0.05,70,977
2,0.05,70,568
3,0.05,70,116
1,0.05,70,831
2,0.05,70,489
3,0.05,70,108
1,0.05,70,970
2,0.05,70,866
3,0.05,70,443
1,0.05,70,1000
2,0.05,70,998
3,0.05,70,972
1,0.05,70,1000
2,0.05,70,982
3,0.05,70,635
1,0.05,70,989
2,0.05,70,741
3,0.05,70,337
1,0.05,70,766
2,0.05,70,524
3,0.05,70,114
1,0.05,70,1000
2,0.05,70,951
3,0.05,70,444
1,0.05,70,997
2,0.05,70,893
3,0.05,70,400
1,0.05,70,962
2,0.05,70,706
3,0.05,70,158
1,0.05,70,974
2,0.05,70,873
3,0.05,70,439
1,0.05,70,864
2,0.05,70,580
3,0.05,70,152
1,0.05,70,995
2,0.05,70,677
3,0.05,70,196
1,0.05,70,980
2,0.05,70,689
3,0.05,70,336
1,0.05,70,907
2,0.05,70,562
3,0.05,70,208
1,0.05,70,984
2,0.05,70,509
3,0.05,70,169
1,0.05,70,995
2,0.05,70,968
3,0.05,70,573
1,0.05,70,878
2,0.05,70,284
3,0.05,70,14
1,0.05,70,832
2,0.05,70,417
3,0.05,70,76
1,0.05,70,817
2,0.05,70,424
3,0.05,70,49
1,0.05,70,990
2,0.05,70,903
3,0.05,70,222
1,0.05,70,996
2,0.05,70,605
3,0.05,70,139
1,0.05,70,984
2,0.05,70,807
3,0.05,70,270
1,0.05,70,973
2,0.05,70,895
3,0.05,70,302
1,0.05,70,943
2,0.05,70,719
3,0.05,70,460
1,0.05,70,996
2,0.05,70,869
3,0.05,70,509
1,0.05,70,980
2,0.05,70,836
3,0.05,70,466
1,0.05,70,1000
2,0.05,70,941
3,0.05,70,400
1,0.05,70,959
2,0.05,70,898
3,0.05,70,433
1,0.05,70,599
2,0.05,70,308
3,0.05,70,114
1,0.05,70,974
2,0.05,70,827
3,0.05,70,558
1,0.05,70,1000
2,0.05,70,1000
3,0.05,70,987
1,0.05,70,953
2,0.05,70,527
3,0.05,70,151
1,0.05,70,728
2,0.05,70,392
3,0.05,70,162
1,0.05,70,973
2,0.05,70,531
3,0.05,70,61
1,0.05,70,996
2,0.05,70,903
3,0.05,70,365
1,0.05,70,976
2,0.05,70,847
3,0.05,70,423
1,0.05,70,579
2,0.05,70,224
3,0.05,70,40
1,0.05,70,1000
2,0.05,70,802
3,0.05,70,291
1,0.05,70,990
2,0.05,70,714
3,0.05,70,186
1,0.05,70,976
2,0.05,70,911
3,0.05,70,615
1,0.05,70,1000
2,0.05,70,1000
3,0.05,70,910
1,0.05,70,762
2,0.05,70,283
3,0.05,70,22
1,0.05,70,993
2,0.05,70,944
3,0.05,70,768
1,0.05,70,1000
2,0.05,70,535
3,0.05,70,174
1,0.05,70,979
2,0.05,70,842
3,0.05,70,104
1,0.05,70,984
2,0.05,70,913
3,0.05,70,306
1,0.05,70,1000
2,0.05,70,786
3,0.05,70,267
1,0.05,70,910
2,0.05,70,886
3,0.05,70,752
1,0.05,70,1000
2,0.05,70,775
3,0.05,70,227
1,0.05,70,1000
2,0.05,70,1000
3,0.05,70,971
1,0.05,70,704
2,0.05,70,169
3,0.05,70,22
1,0.05,70,1000
2,0.05,70,827
3,0.05,70,562
1,0.05,70,996
2,0.05,70,820
3,0.05,70,352
1,0.05,70,952
2,0.05,70,676
3,0.05,70,175
1,0.05,70,979
2,0.05,70,858
3,0.05,70,267
1,0.05,70,1000
2,0.05,70,991
3,0.05,70,761
1,0.05,70,1000
2,0.05,70,996
3,0.05,70,769
1,0.05,70,1000
2,0.05,70,861
3,0.05,70,528
1,0.05,70,1000
2,0.05,70,736
3,0.05,70,335
1,0.05,70,1000
2,0.05,70,1000
3,0.05,70,935
1,0.05,70,991
2,0.05,70,957
3,0.05,70,830
1,0.05,70,968
2,0.05,70,758
3,0.05,70,102
1,0.05,70,953
2,0.05,70,916
3,0.05,70,511
1,0.05,70,983
2,0.05,70,693
3,0.05,70,190
1,0.05,70,908
2,0.05,70,542
3,0.05,70,100
1,0.05,70,982
2,0.05,70,474
3,0.05,70,18
1,0.05,70,914
2,0.05,70,704
3,0.05,70,197
1,0.05,70,997
2,0.05,70,730
3,0.05,70,219
1,0.05,80,1000
2,0.05,80,960
3,0.05,80,557
1,0.05,80,899
2,0.05,80,626
3,0.05,80,102
1,0.05,80,996
2,0.05,80,753
3,0.05,80,439
1,0.05,80,1000
2,0.05,80,1000
3,0.05,80,760
1,0.05,80,1000
2,0.05,80,1000
3,0.05,80,934
1,0.05,80,977
2,0.05,80,809
3,0.05,80,238
1,0.05,80,986
2,0.05,80,961
3,0.05,80,534
1,0.05,80,937
2,0.05,80,934
3,0.05,80,803
1,0.05,80,995
2,0.05,80,802
3,0.05,80,439
1,0.05,80,994
2,0.05,80,956
3,0.05,80,461
1,0.05,80,467
2,0.05,80,175
3,0.05,80,31
1,0.05,80,966
2,0.05,80,640
3,0.05,80,223
1,0.05,80,1000
2,0.05,80,988
3,0.05,80,665
1,0.05,80,1000
2,0.05,80,986
3,0.05,80,765
1,0.05,80,691
2,0.05,80,248
3,0.05,80,23
1,0.05,80,1000
2,0.05,80,995
3,0.05,80,742
1,0.05,80,1000
2,0.05,80,1000
3,0.05,80,960
1,0.05,80,697
2,0.05,80,252
3,0.05,80,39
1,0.05,80,1000
2,0.05,80,948
3,0.05,80,451
1,0.05,80,973
2,0.05,80,828
3,0.05,80,372
1,0.05,80,563
2,0.05,80,200
3,0.05,80,30
1,0.05,80,836
2,0.05,80,444
3,0.05,80,136
1,0.05,80,980
2,0.05,80,698
3,0.05,80,240
1,0.05,80,1000
2,0.05,80,922
3,0.05,80,578
1,0.05,80,998
2,0.05,80,990
3,0.05,80,820
1,0.05,80,996
2,0.05,80,681
3,0.05,80,299
1,0.05,80,1000
2,0.05,80,956
3,0.05,80,556
1,0.05,80,927
2,0.05,80,421
3,0.05,80,46
1,0.05,80,991
2,0.05,80,924
3,0.05,80,627
1,0.05,80,1000
2,0.05,80,992
3,0.05,80,644
1,0.05,80,1000
2,0.05,80,986
3,0.05,80,713
1,0.05,80,987
2,0.05,80,637
3,0.05,80,235
1,0.05,80,959
2,0.05,80,762
3,0.05,80,183
1,0.05,80,997
2,0.05,80,878
3,0.05,80,381
1,0.05,80,1000
2,0.05,80,1000
3,0.05,80,978
1,0.05,80,1000
2,0.05,80,989
3,0.05,80,532
1,0.05,80,1000
2,0.05,80,805
3,0.05,80,467
1,0.05,80,629
2,0.05,80,285
3,0.05,80,46
1,0.05,80,1000
2,0.05,80,948
3,0.05,80,357
1,0.05,80,1000
2,0.05,80,990
3,0.05,80,735
1,0.05,80,987
2,0.05,80,724
3,0.05,80,153
1,0.05,80,999
2,0.05,80,886
3,0.05,80,432
1,0.05,80,545
2,0.05,80,307
3,0.05,80,93
1,0.05,80,1000
2,0.05,80,786
3,0.05,80,251
1,0.05,80,995
2,0.05,80,860
3,0.05,80,515
1,0.05,80,939
2,0.05,80,641
3,0.05,80,320
1,0.05,80,983
2,0.05,80,468
3,0.05,80,68
1,0.05,80,1000
2,0.05,80,966
3,0.05,80,579
1,0.05,80,949
2,0.05,80,796
3,0.05,80,312
1,0.05,80,902
2,0.05,80,600
3,0.05,80,129
1,0.05,80,954
2,0.05,80,738
3,0.05,80,238
1,0.05,80,977
2,0.05,80,827
3,0.05,80,72
1,0.05,80,989
2,0.05,80,617
3,0.05,80,179
1,0.05,80,997
2,0.05,80,966
3,0.05,80,552
1,0.05,80,996
2,0.05,80,958
3,0.05,80,440
1,0.05,80,916
2,0.05,80,681
3,0.05,80,314
1,0.05,80,989
2,0.05,80,849
3,0.05,80,435
1,0.05,80,990
2,0.05,80,869
3,0.05,80,496
1,0.05,80,1000
2,0.05,80,934
3,0.05,80,158
1,0.05,80,1000
2,0.05,80,992
3,0.05,80,562
1,0.05,80,618
2,0.05,80,233
3,0.05,80,46
1,0.05,80,976
2,0.05,80,842
3,0.05,80,552
1,0.05,80,1000
2,0.05,80,1000
3,0.05,80,944
1,0.05,80,954
2,0.05,80,542
3,0.05,80,148
1,0.05,80,980
2,0.05,80,954
3,0.05,80,647
1,0.05,80,1000
2,0.05,80,727
3,0.05,80,73
1,0.05,80,1000
2,0.05,80,963
3,0.05,80,526
1,0.05,80,975
2,0.05,80,866
3,0.05,80,416
1,0.05,80,573
2,0.05,80,149
3,0.05,80,12
1,0.05,80,1000
2,0.05,80,842
3,0.05,80,300
1,0.05,80,994
2,0.05,80,746
3,0.05,80,181
1,0.05,80,988
2,0.05,80,928
3,0.05,80,450
1,0.05,80,1000
2,0.05,80,1000
3,0.05,80,748
1,0.05,80,970
2,0.05,80,571
3,0.05,80,58
1,0.05,80,1000
2,0.05,80,982
3,0.05,80,838
1,0.05,80,1000
2,0.05,80,621
3,0.05,80,180
1,0.05,80,993
2,0.05,80,870
3,0.05,80,228
1,0.05,80,993
2,0.05,80,934
3,0.05,80,343
1,0.05,80,997
2,0.05,80,867
3,0.05,80,273
1,0.05,80,928
2,0.05,80,864
3,0.05,80,579
1,0.05,80,1000
2,0.05,80,863
3,0.05,80,338
1,0.05,80,1000
2,0.05,80,1000
3,0.05,80,922
1,0.05,80,574
2,0.05,80,104
3,0.05,80,10
1,0.05,80,1000
2,0.05,80,594
3,0.05,80,153
1,0.05,80,1000
2,0.05,80,949
3,0.05,80,559
1,0.05,80,994
2,0.05,80,886
3,0.05,80,298
1,0.05,80,950
2,0.05,80,726
3,0.05,80,70
1,0.05,80,1000
2,0.05,80,968
3,0.05,80,755
1,0.05,80,1000
2,0.05,80,995
3,0.05,80,613
1,0.05,80,1000
2,0.05,80,921
3,0.05,80,509
1,0.05,80,1000
2,0.05,80,645
3,0.05,80,131
1,0.05,80,1000
2,0.05,80,1000
3,0.05,80,985
1,0.05,80,961
2,0.05,80,911
3,0.05,80,628
1,0.05,80,985
2,0.05,80,907
3,0.05,80,214
1,0.05,80,935
2,0.05,80,894
3,0.05,80,532
1,0.05,80,985
2,0.05,80,742
3,0.05,80,209
1,0.05,80,958
2,0.05,80,456
3,0.05,80,65
1,0.05,80,999
2,0.05,80,822
3,0.05,80,131
1,0.05,80,989
2,0.05,80,944
3,0.05,80,336
1,0.05,80,970
2,0.05,80,639
3,0.05,80,234
1,0.05,90,1000
2,0.05,90,924
3,0.05,90,204
1,0.05,90,994
2,0.05,90,933
3,0.05,90,321
1,0.05,90,999
2,0.05,90,635
3,0.05,90,81
1,0.05,90,1000
2,0.05,90,1000
3,0.05,90,595
1,0.05,90,1000
2,0.05,90,1000
3,0.05,90,627
1,0.05,90,980
2,0.05,90,811
3,0.05,90,185
1,0.05,90,1000
2,0.05,90,1000
3,0.05,90,624
1,0.05,90,918
2,0.05,90,887
3,0.05,90,475
1,0.05,90,1000
2,0.05,90,975
3,0.05,90,614
1,0.05,90,998
2,0.05,90,967
3,0.05,90,381
1,0.05,90,915
2,0.05,90,852
3,0.05,90,465
1,0.05,90,960
2,0.05,90,634
3,0.05,90,75
1,0.05,90,1000
2,0.05,90,992
3,0.05,90,544
1,0.05,90,1000
2,0.05,90,923
3,0.05,90,198
1,0.05,90,670
2,0.05,90,167
3,0.05,90,1
1,0.05,90,1000
2,0.05,90,995
3,0.05,90,501
1,0.05,90,1000
2,0.05,90,1000
3,0.05,90,513
1,0.05,90,844
2,0.05,90,470
3,0.05,90,62
1,0.05,90,1000
2,0.05,90,953
3,0.05,90,187
1,0.05,90,989
2,0.05,90,888
3,0.05,90,143
1,0.05,90,537
2,0.05,90,63
3,0.05,90,1
1,0.05,90,919
2,0.05,90,360
3,0.05,90,8
1,0.05,90,999
2,0.05,90,983
3,0.05,90,717
1,0.05,90,1000
2,0.05,90,804
3,0.05,90,184
1,0.05,90,1000
2,0.05,90,880
3,0.05,90,282
1,0.05,90,1000
2,0.05,90,930
3,0.05,90,306
1,0.05,90,1000
2,0.05,90,907
3,0.05,90,258
1,0.05,90,1000
2,0.05,90,835
3,0.05,90,43
1,0.05,90,983
2,0.05,90,752
3,0.05,90,66
1,0.05,90,1000
2,0.05,90,1000
3,0.05,90,764
1,0.05,90,1000
2,0.05,90,879
3,0.05,90,41
1,0.05,90,997
2,0.05,90,763
3,0.05,90,61
1,0.05,90,998
2,0.05,90,925
3,0.05,90,163
1,0.05,90,1000
2,0.05,90,882
3,0.05,90,106
1,0.05,90,1000
2,0.05,90,1000
3,0.05,90,562
1,0.05,90,1000
2,0.05,90,971
3,0.05,90,77
1,0.05,90,1000
2,0.05,90,981
3,0.05,90,644
1,0.05,90,894
2,0.05,90,770
3,0.05,90,301
1,0.05,90,1000
2,0.05,90,970
3,0.05,90,195
1,0.05,90,1000
2,0.05,90,1000
3,0.05,90,567
1,0.05,90,998
2,0.05,90,705
3,0.05,90,7
1,0.05,90,1000
2,0.05,90,980
3,0.05,90,679
1,0.05,90,627
2,0.05,90,330
3,0.05,90,98
1,0.05,90,991
2,0.05,90,623
3,0.05,90,27
1,0.05,90,1000
2,0.05,90,970
3,0.05,90,398
1,0.05,90,983
2,0.05,90,973
3,0.05,90,802
1,0.05,90,994
2,0.05,90,301
3,0.05,90,2
1,0.05,90,1000
2,0.05,90,940
3,0.05,90,251
1,0.05,90,992
2,0.05,90,946
3,0.05,90,244
1,0.05,90,974
2,0.05,90,862
3,0.05,90,181
1,0.05,90,987
2,0.05,90,944
3,0.05,90,320
1,0.05,90,998
2,0.05,90,936
3,0.05,90,84
1,0.05,90,985
2,0.05,90,557
3,0.05,90,24
1,0.05,90,1000
2,0.05,90,1000
3,0.05,90,769
1,0.05,90,1000
2,0.05,90,961
3,0.05,90,86
1,0.05,90,990
2,0.05,90,943
3,0.05,90,595
1,0.05,90,1000
2,0.05,90,979
3,0.05,90,664
1,0.05,90,1000
2,0.05,90,911
3,0.05,90,345
1,0.05,90,1000
2,0.05,90,953
3,0.05,90,216
1,0.05,90,1000
2,0.05,90,995
3,0.05,90,377
1,0.05,90,987
2,0.05,90,970
3,0.05,90,742
1,0.05,90,961
2,0.05,90,624
3,0.05,90,91
1,0.05,90,1000
2,0.05,90,1000
3,0.05,90,637
1,0.05,90,947
2,0.05,90,448
3,0.05,90,24
1,0.05,90,1000
2,0.05,90,1000
3,0.05,90,826
1,0.05,90,1000
2,0.05,90,610
3,0.05,90,8
1,0.05,90,1000
2,0.05,90,996
3,0.05,90,343
1,0.05,90,1000
2,0.05,90,990
3,0.05,90,530
1,0.05,90,882
2,0.05,90,670
3,0.05,90,262
1,0.05,90,1000
2,0.05,90,899
3,0.05,90,245
1,0.05,90,996
2,0.05,90,566
3,0.05,90,36
1,0.05,90,1000
2,0.05,90,981
3,0.05,90,372
1,0.05,90,1000
2,0.05,90,1000
3,0.05,90,175
1,0.05,90,972
2,0.05,90,615
3,0.05,90,25
1,0.05,90,1000
2,0.05,90,945
3,0.05,90,139
1,0.05,90,999
2,0.05,90,829
3,0.05,90,217
1,0.05,90,997
2,0.05,90,943
3,0.05,90,186
1,0.05,90,972
2,0.05,90,881
3,0.05,90,158
1,0.05,90,998
2,0.05,90,822
3,0.05,90,69
1,0.05,90,952
2,0.05,90,829
3,0.05,90,275
1,0.05,90,1000
2,0.05,90,895
3,0.05,90,308
1,0.05,90,1000
2,0.05,90,999
3,0.05,90,478
1,0.05,90,879
2,0.05,90,464
3,0.05,90,77
1,0.05,90,1000
2,0.05,90,756
3,0.05,90,186
1,0.05,90,997
2,0.05,90,920
3,0.05,90,188
1,0.05,90,1000
2,0.05,90,996
3,0.05,90,424
1,0.05,90,960
2,0.05,90,492
3,0.05,90,4
1,0.05,90,1000
2,0.05,90,912
3,0.05,90,331
1,0.05,90,1000
2,0.05,90,1000
3,0.05,90,691
1,0.05,90,1000
2,0.05,90,955
3,0.05,90,419
1,0.05,90,1000
2,0.05,90,632
3,0.05,90,92
1,0.05,90,1000
2,0.05,90,1000
3,0.05,90,798
1,0.05,90,997
2,0.05,90,976
3,0.05,90,471
1,0.05,90,954
2,0.05,90,711
3,0.05,90,116
1,0.05,90,1000
2,0.05,90,1000
3,0.05,90,705
1,0.05,90,1000
2,0.05,90,788
3,0.05,90,82
1,0.05,90,1000
2,0.05,90,914
3,0.05,90,436
1,0.05,90,1000
2,0.05,90,904
3,0.05,90,48
1,0.05,90,1000
2,0.05,90,965
3,0.05,90,129
1,0.05,90,993
2,0.05,90,416
3,0.05,90,36
1,0.05,100,1000
2,0.05,100,859
3,0.05,100,2
1,0.05,100,1000
2,0.05,100,919
3,0.05,100,5
1,0.05,100,1000
2,0.05,100,653
3,0.05,100,2
1,0.05,100,1000
2,0.05,100,1000
3,0.05,100,12
1,0.05,100,1000
2,0.05,100,1000
3,0.05,100,439
1,0.05,100,998
2,0.05,100,889
3,0.05,100,9
1,0.05,100,1000
2,0.05,100,1000
3,0.05,100,17
1,0.05,100,964
2,0.05,100,907
3,0.05,100,66
1,0.05,100,1000
2,0.05,100,1000
3,0.05,100,282
1,0.05,100,1000
2,0.05,100,1000
3,0.05,100,807
1,0.05,100,967
2,0.05,100,956
3,0.05,100,366
1,0.05,100,1000
2,0.05,100,995
3,0.05,100,11
1,0.05,100,1000
2,0.05,100,1000
3,0.05,100,229
1,0.05,100,1000
2,0.05,100,998
3,0.05,100,58
1,0.05,100,973
2,0.05,100,887
3,0.05,100,111
1,0.05,100,1000
2,0.05,100,997
3,0.05,100,6
1,0.05,100,1000
2,0.05,100,1000
3,0.05,100,23
1,0.05,100,964
2,0.05,100,593
3,0.05,100,1
1,0.05,100,1000
2,0.05,100,975
3,0.05,100,4
1,0.05,100,1000
2,0.05,100,951
3,0.05,100,10
1,0.05,100,996
2,0.05,100,965
3,0.05,100,7
1,0.05,100,1000
2,0.05,100,859
3,0.05,100,4
1,0.05,100,1000
2,0.05,100,1000
3,0.05,100,247
1,0.05,100,998
2,0.05,100,889
3,0.05,100,42
1,0.05,100,1000
2,0.05,100,991
3,0.05,100,124
1,0.05,100,1000
2,0.05,100,986
3,0.05,100,19
1,0.05,100,1000
2,0.05,100,999
3,0.05,100,165
1,0.05,100,1000
2,0.05,100,1000
3,0.05,100,3
1,0.05,100,1000
2,0.05,100,984
3,0.05,100,10
1,0.05,100,1000
2,0.05,100,1000
3,0.05,100,800
1,0.05,100,1000
2,0.05,100,970
3,0.05,100,18
1,0.05,100,1000
2,0.05,100,1000
3,0.05,100,88
1,0.05,100,1000
2,0.05,100,1000
3,0.05,100,36
1,0.05,100,1000
2,0.05,100,955
3,0.05,100,18
1,0.05,100,1000
2,0.05,100,1000
3,0.05,100,158
1,0.05,100,1000
2,0.05,100,806
3,0.05,100,0
1,0.05,100,1000
2,0.05,100,993
3,0.05,100,11
1,0.05,100,961
2,0.05,100,748
3,0.05,100,59
1,0.05,100,1000
2,0.05,100,917
3,0.05,100,0
1,0.05,100,1000
2,0.05,100,1000
3,0.05,100,92
1,0.05,100,998
2,0.05,100,706
3,0.05,100,0
1,0.05,100,1000
2,0.05,100,1000
3,0.05,100,92
1,0.05,100,363
2,0.05,100,224
3,0.05,100,62
1,0.05,100,1000
2,0.05,100,910
3,0.05,100,1
1,0.05,100,1000
2,0.05,100,1000
3,0.05,100,360
1,0.05,100,1000
2,0.05,100,1000
3,0.05,100,183
1,0.05,100,1000
2,0.05,100,674
3,0.05,100,4
1,0.05,100,1000
2,0.05,100,1000
3,0.05,100,260
1,0.05,100,954
2,0.05,100,920
3,0.05,100,22
1,0.05,100,1000
2,0.05,100,994
3,0.05,100,79
1,0.05,100,1000
2,0.05,100,991
3,0.05,100,20
1,0.05,100,1000
2,0.05,100,1000
3,0.05,100,52
1,0.05,100,1000
2,0.05,100,905
3,0.05,100,0
1,0.05,100,1000
2,0.05,100,1000
3,0.05,100,2
1,0.05,100,1000
2,0.05,100,999
3,0.05,100,1
1,0.05,100,1000
2,0.05,100,1000
3,0.05,100,102
1,0.05,100,1000
2,0.05,100,1000
3,0.05,100,460
1,0.05,100,1000
2,0.05,100,903
3,0.05,100,45
1,0.05,100,1000
2,0.05,100,992
3,0.05,100,24
1,0.05,100,1000
2,0.05,100,1000
3,0.05,100,9
1,0.05,100,849
2,0.05,100,736
3,0.05,100,149
1,0.05,100,945
2,0.05,100,757
3,0.05,100,134
1,0.05,100,1000
2,0.05,100,1000
3,0.05,100,14
1,0.05,100,1000
2,0.05,100,977
3,0.05,100,34
1,0.05,100,1000
2,0.05,100,1000
3,0.05,100,106
1,0.05,100,1000
2,0.05,100,908
3,0.05,100,2
1,0.05,100,1000
2,0.05,100,1000
3,0.05,100,154
1,0.05,100,1000
2,0.05,100,1000
3,0.05,100,195
1,0.05,100,969
2,0.05,100,829
3,0.05,100,36
1,0.05,100,1000
2,0.05,100,896
3,0.05,100,14
1,0.05,100,1000
2,0.05,100,967
3,0.05,100,72
1,0.05,100,1000
2,0.05,100,992
3,0.05,100,27
1,0.05,100,1000
2,0.05,100,1000
3,0.05,100,31
1,0.05,100,1000
2,0.05,100,1000
3,0.05,100,256
1,0.05,100,1000
2,0.05,100,1000
3,0.05,100,139
1,0.05,100,1000
2,0.05,100,1000
3,0.05,100,312
1,0.05,100,1000
2,0.05,100,941
3,0.05,100,7
1,0.05,100,1000
2,0.05,100,984
3,0.05,100,23
1,0.05,100,1000
2,0.05,100,999
3,0.05,100,119
1,0.05,100,850
2,0.05,100,740
3,0.05,100,92
1,0.05,100,1000
2,0.05,100,996
3,0.05,100,91
1,0.05,100,1000
2,0.05,100,1000
3,0.05,100,161
1,0.05,100,998
2,0.05,100,665
3,0.05,100,0
1,0.05,100,1000
2,0.05,100,997
3,0.05,100,183
1,0.05,100,1000
2,0.05,100,1000
3,0.05,100,457
1,0.05,100,1000
2,0.05,100,1000
3,0.05,100,191
1,0.05,100,1000
2,0.05,100,991
3,0.05,100,14
1,0.05,100,1000
2,0.05,100,1000
3,0.05,100,246
1,0.05,100,1000
2,0.05,100,1000
3,0.05,100,234
1,0.05,100,1000
2,0.05,100,957
3,0.05,100,8
1,0.05,100,1000
2,0.05,100,995
3,0.05,100,40
1,0.05,100,1000
2,0.05,100,1000
3,0.05,100,283
1,0.05,100,1000
2,0.05,100,994
3,0.05,100,141
1,0.05,100,1000
2,0.05,100,963
3,0.05,100,25
1,0.05,100,1000
2,0.05,100,1000
3,0.05,100,50
1,0.05,100,1000
2,0.05,100,877
3,0.05,100,6
1,0.05,100,1000
2,0.05,100,919
3,0.05,100,6
1,0.05,100,1000
2,0.05,100,996
3,0.05,100,14
1,0.05,100,1000
2,0.05,100,934
3,0.05,100,0
1,0.05,100,995
2,0.05,100,914
3,0.05,100,141
1,0.1,70,904
2,0.1,70,711
3,0.1,70,467
1,0.1,70,290
2,0.1,70,84
3,0.1,70,21
1,0.1,70,940
2,0.1,70,716
3,0.1,70,278
1,0.1,70,901
2,0.1,70,617
3,0.1,70,220
1,0.1,70,962
2,0.1,70,921
3,0.1,70,573
1,0.1,70,547
2,0.1,70,286
3,0.1,70,146
1,0.1,70,899
2,0.1,70,399
3,0.1,70,293
1,0.1,70,907
2,0.1,70,752
3,0.1,70,422
1,0.1,70,866
2,0.1,70,521
3,0.1,70,246
1,0.1,70,651
2,0.1,70,267
3,0.1,70,93
1,0.1,70,676
2,0.1,70,335
3,0.1,70,107
1,0.1,70,857
2,0.1,70,457
3,0.1,70,153
1,0.1,70,975
2,0.1,70,768
3,0.1,70,547
1,0.1,70,767
2,0.1,70,632
3,0.1,70,364
1,0.1,70,556
2,0.1,70,320
3,0.1,70,99
1,0.1,70,889
2,0.1,70,659
3,0.1,70,381
1,0.1,70,975
2,0.1,70,839
3,0.1,70,532
1,0.1,70,465
2,0.1,70,115
3,0.1,70,15
1,0.1,70,955
2,0.1,70,733
3,0.1,70,353
1,0.1,70,644
2,0.1,70,387
3,0.1,70,134
1,0.1,70,317
2,0.1,70,212
3,0.1,70,125
1,0.1,70,440
2,0.1,70,196
3,0.1,70,66
1,0.1,70,768
2,0.1,70,586
3,0.1,70,358
1,0.1,70,862
2,0.1,70,692
3,0.1,70,329
1,0.1,70,883
2,0.1,70,769
3,0.1,70,521
1,0.1,70,859
2,0.1,70,472
3,0.1,70,212
1,0.1,70,991
2,0.1,70,954
3,0.1,70,828
1,0.1,70,647
2,0.1,70,226
3,0.1,70,27
1,0.1,70,889
2,0.1,70,563
3,0.1,70,191
1,0.1,70,836
2,0.1,70,593
3,0.1,70,221
1,0.1,70,866
2,0.1,70,649
3,0.1,70,271
1,0.1,70,627
2,0.1,70,243
3,0.1,70,84
1,0.1,70,475
2,0.1,70,228
3,0.1,70,54
1,0.1,70,815
2,0.1,70,433
3,0.1,70,135
1,0.1,70,972
2,0.1,70,846
3,0.1,70,601
1,0.1,70,875
2,0.1,70,795
3,0.1,70,557
1,0.1,70,667
2,0.1,70,457
3,0.1,70,223
1,0.1,70,566
2,0.1,70,264
3,0.1,70,55
1,0.1,70,721
2,0.1,70,509
3,0.1,70,253
1,0.1,70,867
2,0.1,70,591
3,0.1,70,277
1,0.1,70,922
2,0.1,70,643
3,0.1,70,197
1,0.1,70,934
2,0.1,70,544
3,0.1,70,240
1,0.1,70,419
2,0.1,70,190
3,0.1,70,61
1,0.1,70,791
2,0.1,70,296
3,0.1,70,24
1,0.1,70,905
2,0.1,70,564
3,0.1,70,322
1,0.1,70,996
2,0.1,70,539
3,0.1,70,81
1,0.1,70,797
2,0.1,70,368
3,0.1,70,70
1,0.1,70,930
2,0.1,70,726
3,0.1,70,340
1,0.1,70,704
2,0.1,70,229
3,0.1,70,23
1,0.1,70,292
2,0.1,70,118
3,0.1,70,22
1,0.1,70,518
2,0.1,70,212
3,0.1,70,67
1,0.1,70,641
2,0.1,70,354
3,0.1,70,129
1,0.1,70,967
2,0.1,70,673
3,0.1,70,289
1,0.1,70,642
2,0.1,70,311
3,0.1,70,103
1,0.1,70,785
2,0.1,70,474
3,0.1,70,207
1,0.1,70,756
2,0.1,70,503
3,0.1,70,303
1,0.1,70,755
2,0.1,70,510
3,0.1,70,280
1,0.1,70,627
2,0.1,70,372
3,0.1,70,212
1,0.1,70,612
2,0.1,70,288
3,0.1,70,98
1,0.1,70,368
2,0.1,70,225
3,0.1,70,120
1,0.1,70,778
2,0.1,70,265
3,0.1,70,103
1,0.1,70,777
2,0.1,70,537
3,0.1,70,245
1,0.1,70,959
2,0.1,70,957
3,0.1,70,947
1,0.1,70,768
2,0.1,70,345
3,0.1,70,75
1,0.1,70,262
2,0.1,70,27
3,0.1,70,2
1,0.1,70,628
2,0.1,70,350
3,0.1,70,150
1,0.1,70,964
2,0.1,70,783
3,0.1,70,495
1,0.1,70,814
2,0.1,70,602
3,0.1,70,303
1,0.1,70,342
2,0.1,70,108
3,0.1,70,28
1,0.1,70,926
2,0.1,70,682
3,0.1,70,176
1,0.1,70,882
2,0.1,70,579
3,0.1,70,212
1,0.1,70,646
2,0.1,70,465
3,0.1,70,261
1,0.1,70,901
2,0.1,70,834
3,0.1,70,644
1,0.1,70,423
2,0.1,70,96
3,0.1,70,17
1,0.1,70,892
2,0.1,70,735
3,0.1,70,400
1,0.1,70,1000
2,0.1,70,977
3,0.1,70,345
1,0.1,70,826
2,0.1,70,419
3,0.1,70,103
1,0.1,70,774
2,0.1,70,596
3,0.1,70,328
1,0.1,70,723
2,0.1,70,408
3,0.1,70,144
1,0.1,70,745
2,0.1,70,439
3,0.1,70,213
1,0.1,70,988
2,0.1,70,882
3,0.1,70,511
1,0.1,70,973
2,0.1,70,966
3,0.1,70,925
1,0.1,70,648
2,0.1,70,200
3,0.1,70,43
1,0.1,70,735
2,0.1,70,595
3,0.1,70,362
1,0.1,70,463
2,0.1,70,282
3,0.1,70,128
1,0.1,70,766
2,0.1,70,443
3,0.1,70,189
1,0.1,70,467
2,0.1,70,262
3,0.1,70,164
1,0.1,70,854
2,0.1,70,571
3,0.1,70,258
1,0.1,70,999
2,0.1,70,814
3,0.1,70,474
1,0.1,70,843
2,0.1,70,477
3,0.1,70,240
1,0.1,70,883
2,0.1,70,713
3,0.1,70,367
1,0.1,70,965
2,0.1,70,838
3,0.1,70,674
1,0.1,70,929
2,0.1,70,814
3,0.1,70,495
1,0.1,70,641
2,0.1,70,360
3,0.1,70,114
1,0.1,70,974
2,0.1,70,961
3,0.1,70,736
1,0.1,70,905
2,0.1,70,699
3,0.1,70,321
1,0.1,70,816
2,0.1,70,507
3,0.1,70,190
1,0.1,70,752
2,0.1,70,326
3,0.1,70,92
1,0.1,70,469
2,0.1,70,209
3,0.1,70,73
1,0.1,70,680
2,0.1,70,350
3,0.1,70,114
1,0.1,80,899
2,0.1,80,651
3,0.1,80,317
1,0.1,80,298
2,0.1,80,45
3,0.1,80,7
1,0.1,80,856
2,0.1,80,684
3,0.1,80,360
1,0.1,80,929
2,0.1,80,802
3,0.1,80,413
1,0.1,80,989
2,0.1,80,938
3,0.1,80,554
1,0.1,80,415
2,0.1,80,132
3,0.1,80,38
1,0.1,80,849
2,0.1,80,335
3,0.1,80,168
1,0.1,80,949
2,0.1,80,857
3,0.1,80,773
1,0.1,80,768
2,0.1,80,386
3,0.1,80,129
1,0.1,80,712
2,0.1,80,277
3,0.1,80,69
1,0.1,80,583
2,0.1,80,214
3,0.1,80,56
1,0.1,80,889
2,0.1,80,600
3,0.1,80,244
1,0.1,80,989
2,0.1,80,818
3,0.1,80,563
1,0.1,80,903
2,0.1,80,864
3,0.1,80,716
1,0.1,80,551
2,0.1,80,248
3,0.1,80,72
1,0.1,80,928
2,0.1,80,638
3,0.1,80,299
1,0.1,80,999
2,0.1,80,985
3,0.1,80,874
1,0.1,80,378
2,0.1,80,48
3,0.1,80,5
1,0.1,80,997
2,0.1,80,904
3,0.1,80,576
1,0.1,80,620
2,0.1,80,358
3,0.1,80,111
1,0.1,80,239
2,0.1,80,124
3,0.1,80,46
1,0.1,80,394
2,0.1,80,198
3,0.1,80,116
1,0.1,80,643
2,0.1,80,369
3,0.1,80,138
1,0.1,80,909
2,0.1,80,783
3,0.1,80,407
1,0.1,80,885
2,0.1,80,727
3,0.1,80,483
1,0.1,80,845
2,0.1,80,622
3,0.1,80,384
1,0.1,80,1000
2,0.1,80,934
3,0.1,80,543
1,0.1,80,477
2,0.1,80,104
3,0.1,80,16
1,0.1,80,898
2,0.1,80,682
3,0.1,80,337
1,0.1,80,877
2,0.1,80,631
3,0.1,80,365
1,0.1,80,973
2,0.1,80,845
3,0.1,80,381
1,0.1,80,785
2,0.1,80,464
3,0.1,80,220
1,0.1,80,612
2,0.1,80,326
3,0.1,80,137
1,0.1,80,752
2,0.1,80,271
3,0.1,80,75
1,0.1,80,953
2,0.1,80,765
3,0.1,80,459
1,0.1,80,864
2,0.1,80,754
3,0.1,80,444
1,0.1,80,682
2,0.1,80,530
3,0.1,80,316
1,0.1,80,465
2,0.1,80,195
3,0.1,80,36
1,0.1,80,556
2,0.1,80,271
3,0.1,80,70
1,0.1,80,951
2,0.1,80,859
3,0.1,80,509
1,0.1,80,924
2,0.1,80,663
3,0.1,80,184
1,0.1,80,958
2,0.1,80,640
3,0.1,80,262
1,0.1,80,244
2,0.1,80,115
3,0.1,80,37
1,0.1,80,854
2,0.1,80,478
3,0.1,80,89
1,0.1,80,921
2,0.1,80,648
3,0.1,80,411
1,0.1,80,991
2,0.1,80,566
3,0.1,80,142
1,0.1,80,720
2,0.1,80,226
3,0.1,80,15
1,0.1,80,887
2,0.1,80,674
3,0.1,80,257
1,0.1,80,842
2,0.1,80,507
3,0.1,80,136
1,0.1,80,263
2,0.1,80,114
3,0.1,80,48
1,0.1,80,582
2,0.1,80,296
3,0.1,80,115
1,0.1,80,364
2,0.1,80,119
3,0.1,80,39
1,0.1,80,973
2,0.1,80,576
3,0.1,80,310
1,0.1,80,773
2,0.1,80,513
3,0.1,80,144
1,0.1,80,886
2,0.1,80,620
3,0.1,80,242
1,0.1,80,818
2,0.1,80,469
3,0.1,80,189
1,0.1,80,828
2,0.1,80,519
3,0.1,80,173
1,0.1,80,656
2,0.1,80,421
3,0.1,80,225
1,0.1,80,425
2,0.1,80,84
3,0.1,80,13
1,0.1,80,646
2,0.1,80,427
3,0.1,80,194
1,0.1,80,780
2,0.1,80,214
3,0.1,80,62
1,0.1,80,776
2,0.1,80,562
3,0.1,80,242
1,0.1,80,976
2,0.1,80,976
3,0.1,80,916
1,0.1,80,605
2,0.1,80,273
3,0.1,80,106
1,0.1,80,450
2,0.1,80,154
3,0.1,80,57
1,0.1,80,822
2,0.1,80,511
3,0.1,80,201
1,0.1,80,977
2,0.1,80,793
3,0.1,80,516
1,0.1,80,924
2,0.1,80,646
3,0.1,80,229
1,0.1,80,267
2,0.1,80,64
3,0.1,80,14
1,0.1,80,908
2,0.1,80,684
3,0.1,80,265
1,0.1,80,868
2,0.1,80,560
3,0.1,80,197
1,0.1,80,631
2,0.1,80,323
3,0.1,80,128
1,0.1,80,770
2,0.1,80,620
3,0.1,80,331
1,0.1,80,487
2,0.1,80,157
3,0.1,80,32
1,0.1,80,940
2,0.1,80,776
3,0.1,80,452
1,0.1,80,1000
2,0.1,80,968
3,0.1,80,337
1,0.1,80,848
2,0.1,80,560
3,0.1,80,195
1,0.1,80,786
2,0.1,80,589
3,0.1,80,285
1,0.1,80,731
2,0.1,80,439
3,0.1,80,176
1,0.1,80,708
2,0.1,80,317
3,0.1,80,123
1,0.1,80,998
2,0.1,80,947
3,0.1,80,557
1,0.1,80,917
2,0.1,80,917
3,0.1,80,827
1,0.1,80,587
2,0.1,80,135
3,0.1,80,11
1,0.1,80,676
2,0.1,80,402
3,0.1,80,117
1,0.1,80,550
2,0.1,80,298
3,0.1,80,102
1,0.1,80,840
2,0.1,80,519
3,0.1,80,206
1,0.1,80,355
2,0.1,80,89
3,0.1,80,31
1,0.1,80,779
2,0.1,80,461
3,0.1,80,128
1,0.1,80,1000
2,0.1,80,818
3,0.1,80,449
1,0.1,80,762
2,0.1,80,390
3,0.1,80,181
1,0.1,80,843
2,0.1,80,505
3,0.1,80,151
1,0.1,80,974
2,0.1,80,880
3,0.1,80,653
1,0.1,80,934
2,0.1,80,853
3,0.1,80,531
1,0.1,80,776
2,0.1,80,403
3,0.1,80,148
1,0.1,80,985
2,0.1,80,973
3,0.1,80,738
1,0.1,80,921
2,0.1,80,719
3,0.1,80,316
1,0.1,80,831
2,0.1,80,385
3,0.1,80,86
1,0.1,80,813
2,0.1,80,440
3,0.1,80,202
1,0.1,80,615
2,0.1,80,330
3,0.1,80,110
1,0.1,80,597
2,0.1,80,333
3,0.1,80,170
1,0.1,90,903
2,0.1,90,549
3,0.1,90,133
1,0.1,90,355
2,0.1,90,179
3,0.1,90,39
1,0.1,90,865
2,0.1,90,611
3,0.1,90,157
1,0.1,90,927
2,0.1,90,799
3,0.1,90,204
1,0.1,90,979
2,0.1,90,883
3,0.1,90,202
1,0.1,90,461
2,0.1,90,199
3,0.1,90,66
1,0.1,90,842
2,0.1,90,624
3,0.1,90,370
1,0.1,90,853
2,0.1,90,608
3,0.1,90,319
1,0.1,90,768
2,0.1,90,543
3,0.1,90,262
1,0.1,90,753
2,0.1,90,413
3,0.1,90,114
1,0.1,90,777
2,0.1,90,574
3,0.1,90,322
1,0.1,90,869
2,0.1,90,480
3,0.1,90,91
1,0.1,90,984
2,0.1,90,831
3,0.1,90,411
1,0.1,90,697
2,0.1,90,470
3,0.1,90,149
1,0.1,90,456
2,0.1,90,139
3,0.1,90,16
1,0.1,90,935
2,0.1,90,693
3,0.1,90,218
1,0.1,90,992
2,0.1,90,921
3,0.1,90,328
1,0.1,90,520
2,0.1,90,106
3,0.1,90,6
1,0.1,90,999
2,0.1,90,858
3,0.1,90,295
1,0.1,90,702
2,0.1,90,389
3,0.1,90,88
1,0.1,90,118
2,0.1,90,52
3,0.1,90,12
1,0.1,90,410
2,0.1,90,89
3,0.1,90,10
1,0.1,90,797
2,0.1,90,740
3,0.1,90,555
1,0.1,90,851
2,0.1,90,580
3,0.1,90,121
1,0.1,90,874
2,0.1,90,574
3,0.1,90,162
1,0.1,90,817
2,0.1,90,606
3,0.1,90,320
1,0.1,90,1000
2,0.1,90,848
3,0.1,90,186
1,0.1,90,693
2,0.1,90,298
3,0.1,90,94
1,0.1,90,865
2,0.1,90,445
3,0.1,90,27
1,0.1,90,868
2,0.1,90,836
3,0.1,90,456
1,0.1,90,984
2,0.1,90,723
3,0.1,90,76
1,0.1,90,833
2,0.1,90,387
3,0.1,90,74
1,0.1,90,651
2,0.1,90,428
3,0.1,90,133
1,0.1,90,721
2,0.1,90,354
3,0.1,90,81
1,0.1,90,958
2,0.1,90,477
3,0.1,90,72
1,0.1,90,597
2,0.1,90,318
3,0.1,90,65
1,0.1,90,762
2,0.1,90,683
3,0.1,90,402
1,0.1,90,534
2,0.1,90,355
3,0.1,90,145
1,0.1,90,518
2,0.1,90,186
3,0.1,90,37
1,0.1,90,916
2,0.1,90,764
3,0.1,90,313
1,0.1,90,971
2,0.1,90,444
3,0.1,90,40
1,0.1,90,995
2,0.1,90,895
3,0.1,90,545
1,0.1,90,225
2,0.1,90,70
3,0.1,90,15
1,0.1,90,702
2,0.1,90,207
3,0.1,90,10
1,0.1,90,880
2,0.1,90,660
3,0.1,90,313
1,0.1,90,998
2,0.1,90,788
3,0.1,90,455
1,0.1,90,588
2,0.1,90,78
3,0.1,90,0
1,0.1,90,915
2,0.1,90,573
3,0.1,90,87
1,0.1,90,819
2,0.1,90,561
3,0.1,90,112
1,0.1,90,446
2,0.1,90,268
3,0.1,90,133
1,0.1,90,461
2,0.1,90,230
3,0.1,90,94
1,0.1,90,263
2,0.1,90,88
3,0.1,90,30
1,0.1,90,920
2,0.1,90,406
3,0.1,90,106
1,0.1,90,858
2,0.1,90,741
3,0.1,90,311
1,0.1,90,922
2,0.1,90,588
3,0.1,90,105
1,0.1,90,953
2,0.1,90,810
3,0.1,90,593
1,0.1,90,870
2,0.1,90,701
3,0.1,90,397
1,0.1,90,671
2,0.1,90,406
3,0.1,90,160
1,0.1,90,620
2,0.1,90,329
3,0.1,90,71
1,0.1,90,643
2,0.1,90,422
3,0.1,90,131
1,0.1,90,962
2,0.1,90,777
3,0.1,90,488
1,0.1,90,651
2,0.1,90,233
3,0.1,90,37
1,0.1,90,921
2,0.1,90,920
3,0.1,90,597
1,0.1,90,549
2,0.1,90,147
3,0.1,90,22
1,0.1,90,831
2,0.1,90,582
3,0.1,90,297
1,0.1,90,770
2,0.1,90,258
3,0.1,90,23
1,0.1,90,957
2,0.1,90,730
3,0.1,90,235
1,0.1,90,984
2,0.1,90,891
3,0.1,90,302
1,0.1,90,529
2,0.1,90,235
3,0.1,90,99
1,0.1,90,997
2,0.1,90,877
3,0.1,90,322
1,0.1,90,771
2,0.1,90,325
3,0.1,90,21
1,0.1,90,580
2,0.1,90,287
3,0.1,90,62
1,0.1,90,704
2,0.1,90,376
3,0.1,90,111
1,0.1,90,475
2,0.1,90,175
3,0.1,90,36
1,0.1,90,836
2,0.1,90,376
3,0.1,90,70
1,0.1,90,1000
2,0.1,90,969
3,0.1,90,243
1,0.1,90,841
2,0.1,90,519
3,0.1,90,168
1,0.1,90,690
2,0.1,90,362
3,0.1,90,80
1,0.1,90,732
2,0.1,90,387
3,0.1,90,86
1,0.1,90,719
2,0.1,90,341
3,0.1,90,79
1,0.1,90,1000
2,0.1,90,952
3,0.1,90,513
1,0.1,90,764
2,0.1,90,664
3,0.1,90,316
1,0.1,90,725
2,0.1,90,173
3,0.1,90,17
1,0.1,90,711
2,0.1,90,494
3,0.1,90,226
1,0.1,90,479
2,0.1,90,248
3,0.1,90,52
1,0.1,90,952
2,0.1,90,804
3,0.1,90,377
1,0.1,90,251
2,0.1,90,20
3,0.1,90,0
1,0.1,90,768
2,0.1,90,363
3,0.1,90,62
1,0.1,90,1000
2,0.1,90,750
3,0.1,90,368
1,0.1,90,716
2,0.1,90,350
3,0.1,90,126
1,0.1,90,883
2,0.1,90,516
3,0.1,90,90
1,0.1,90,988
2,0.1,90,788
3,0.1,90,307
1,0.1,90,975
2,0.1,90,792
3,0.1,90,384
1,0.1,90,666
2,0.1,90,246
3,0.1,90,43
1,0.1,90,1000
2,0.1,90,994
3,0.1,90,499
1,0.1,90,957
2,0.1,90,778
3,0.1,90,167
1,0.1,90,945
2,0.1,90,795
3,0.1,90,393
1,0.1,90,798
2,0.1,90,264
3,0.1,90,39
1,0.1,90,558
2,0.1,90,225
3,0.1,90,36
1,0.1,90,514
2,0.1,90,99
3,0.1,90,23
1,0.1,100,840
2,0.1,100,344
3,0.1,100,13
1,0.1,100,278
2,0.1,100,106
3,0.1,100,38
1,0.1,100,855
2,0.1,100,497
3,0.1,100,11
1,0.1,100,945
2,0.1,100,599
3,0.1,100,17
1,0.1,100,1000
2,0.1,100,946
3,0.1,100,269
1,0.1,100,342
2,0.1,100,112
3,0.1,100,15
1,0.1,100,643
2,0.1,100,346
3,0.1,100,62
1,0.1,100,813
2,0.1,100,408
3,0.1,100,42
1,0.1,100,890
2,0.1,100,775
3,0.1,100,277
1,0.1,100,993
2,0.1,100,977
3,0.1,100,574
1,0.1,100,644
2,0.1,100,520
3,0.1,100,361
1,0.1,100,921
2,0.1,100,665
3,0.1,100,52
1,0.1,100,1000
2,0.1,100,943
3,0.1,100,420
1,0.1,100,438
2,0.1,100,324
3,0.1,100,170
1,0.1,100,678
2,0.1,100,413
3,0.1,100,122
1,0.1,100,950
2,0.1,100,617
3,0.1,100,32
1,0.1,100,998
2,0.1,100,931
3,0.1,100,63
1,0.1,100,547
2,0.1,100,114
3,0.1,100,2
1,0.1,100,1000
2,0.1,100,927
3,0.1,100,48
1,0.1,100,737
2,0.1,100,497
3,0.1,100,74
1,0.1,100,485
2,0.1,100,278
3,0.1,100,109
1,0.1,100,467
2,0.1,100,222
3,0.1,100,55
1,0.1,100,550
2,0.1,100,459
3,0.1,100,370
1,0.1,100,892
2,0.1,100,666
3,0.1,100,92
1,0.1,100,955
2,0.1,100,794
3,0.1,100,279
1,0.1,100,677
2,0.1,100,394
3,0.1,100,77
1,0.1,100,1000
2,0.1,100,933
3,0.1,100,208
1,0.1,100,904
2,0.1,100,483
3,0.1,100,37
1,0.1,100,963
2,0.1,100,681
3,0.1,100,74
1,0.1,100,928
2,0.1,100,927
3,0.1,100,705
1,0.1,100,994
2,0.1,100,876
3,0.1,100,70
1,0.1,100,933
2,0.1,100,701
3,0.1,100,194
1,0.1,100,808
2,0.1,100,534
3,0.1,100,234
1,0.1,100,844
2,0.1,100,568
3,0.1,100,70
1,0.1,100,996
2,0.1,100,792
3,0.1,100,86
1,0.1,100,519
2,0.1,100,164
3,0.1,100,4
1,0.1,100,705
2,0.1,100,384
3,0.1,100,62
1,0.1,100,324
2,0.1,100,115
3,0.1,100,17
1,0.1,100,418
2,0.1,100,49
3,0.1,100,0
1,0.1,100,888
2,0.1,100,820
3,0.1,100,176
1,0.1,100,937
2,0.1,100,324
3,0.1,100,4
1,0.1,100,999
2,0.1,100,890
3,0.1,100,163
1,0.1,100,122
2,0.1,100,48
3,0.1,100,13
1,0.1,100,929
2,0.1,100,384
3,0.1,100,4
1,0.1,100,984
2,0.1,100,919
3,0.1,100,722
1,0.1,100,999
2,0.1,100,827
3,0.1,100,178
1,0.1,100,693
2,0.1,100,224
3,0.1,100,2
1,0.1,100,973
2,0.1,100,965
3,0.1,100,325
1,0.1,100,776
2,0.1,100,346
3,0.1,100,24
1,0.1,100,711
2,0.1,100,631
3,0.1,100,364
1,0.1,100,483
2,0.1,100,178
3,0.1,100,29
1,0.1,100,347
2,0.1,100,198
3,0.1,100,69
1,0.1,100,920
2,0.1,100,484
3,0.1,100,38
1,0.1,100,670
2,0.1,100,267
3,0.1,100,5
1,0.1,100,874
2,0.1,100,545
3,0.1,100,20
1,0.1,100,982
2,0.1,100,894
3,0.1,100,297
1,0.1,100,949
2,0.1,100,892
3,0.1,100,557
1,0.1,100,495
2,0.1,100,141
3,0.1,100,18
1,0.1,100,872
2,0.1,100,563
3,0.1,100,105
1,0.1,100,600
2,0.1,100,288
3,0.1,100,53
1,0.1,100,931
2,0.1,100,639
3,0.1,100,70
1,0.1,100,565
2,0.1,100,160
3,0.1,100,19
1,0.1,100,935
2,0.1,100,919
3,0.1,100,135
1,0.1,100,556
2,0.1,100,354
3,0.1,100,118
1,0.1,100,762
2,0.1,100,297
3,0.1,100,40
1,0.1,100,867
2,0.1,100,365
3,0.1,100,19
1,0.1,100,987
2,0.1,100,788
3,0.1,100,178
1,0.1,100,963
2,0.1,100,908
3,0.1,100,268
1,0.1,100,755
2,0.1,100,284
3,0.1,100,46
1,0.1,100,1000
2,0.1,100,952
3,0.1,100,76
1,0.1,100,925
2,0.1,100,706
3,0.1,100,84
1,0.1,100,495
2,0.1,100,203
3,0.1,100,37
1,0.1,100,861
2,0.1,100,679
3,0.1,100,187
1,0.1,100,588
2,0.1,100,502
3,0.1,100,361
1,0.1,100,961
2,0.1,100,863
3,0.1,100,342
1,0.1,100,1000
2,0.1,100,999
3,0.1,100,211
1,0.1,100,838
2,0.1,100,339
3,0.1,100,34
1,0.1,100,765
2,0.1,100,430
3,0.1,100,90
1,0.1,100,978
2,0.1,100,927
3,0.1,100,282
1,0.1,100,744
2,0.1,100,398
3,0.1,100,29
1,0.1,100,1000
2,0.1,100,965
3,0.1,100,392
1,0.1,100,704
2,0.1,100,531
3,0.1,100,336
1,0.1,100,785
2,0.1,100,189
3,0.1,100,2
1,0.1,100,963
2,0.1,100,891
3,0.1,100,433
1,0.1,100,681
2,0.1,100,591
3,0.1,100,330
1,0.1,100,982
2,0.1,100,925
3,0.1,100,203
1,0.1,100,741
2,0.1,100,442
3,0.1,100,48
1,0.1,100,851
2,0.1,100,579
3,0.1,100,204
1,0.1,100,984
2,0.1,100,730
3,0.1,100,284
1,0.1,100,694
2,0.1,100,238
3,0.1,100,36
1,0.1,100,994
2,0.1,100,890
3,0.1,100,67
1,0.1,100,991
2,0.1,100,818
3,0.1,100,63
1,0.1,100,933
2,0.1,100,755
3,0.1,100,228
1,0.1,100,725
2,0.1,100,433
3,0.1,100,89
1,0.1,100,1000
2,0.1,100,978
3,0.1,100,99
1,0.1,100,977
2,0.1,100,791
3,0.1,100,34
1,0.1,100,959
2,0.1,100,802
3,0.1,100,88
1,0.1,100,859
2,0.1,100,418
3,0.1,100,32
1,0.1,100,477
2,0.1,100,111
3,0.1,100,7
1,0.1,100,628
2,0.1,100,357
3,0.1,100,127
1,0.2,70,765
2,0.2,70,649
3,0.2,70,488
1,0.2,70,183
2,0.2,70,117
3,0.2,70,56
1,0.2,70,734
2,0.2,70,287
3,0.2,70,115
1,0.2,70,766
2,0.2,70,596
3,0.2,70,410
1,0.2,70,814
2,0.2,70,525
3,0.2,70,402
1,0.2,70,363
2,0.2,70,240
3,0.2,70,150
1,0.2,70,595
2,0.2,70,347
3,0.2,70,177
1,0.2,70,451
2,0.2,70,178
3,0.2,70,78
1,0.2,70,631
2,0.2,70,354
3,0.2,70,195
1,0.2,70,570
2,0.2,70,356
3,0.2,70,153
1,0.2,70,368
2,0.2,70,123
3,0.2,70,31
1,0.2,70,330
2,0.2,70,112
3,0.2,70,33
1,0.2,70,782
2,0.2,70,535
3,0.2,70,243
1,0.2,70,556
2,0.2,70,321
3,0.2,70,197
1,0.2,70,282
2,0.2,70,157
3,0.2,70,62
1,0.2,70,835
2,0.2,70,644
3,0.2,70,402
1,0.2,70,668
2,0.2,70,393
3,0.2,70,230
1,0.2,70,523
2,0.2,70,210
3,0.2,70,92
1,0.2,70,811
2,0.2,70,635
3,0.2,70,414
1,0.2,70,382
2,0.2,70,151
3,0.2,70,68
1,0.2,70,46
2,0.2,70,12
3,0.2,70,1
1,0.2,70,348
2,0.2,70,164
3,0.2,70,64
1,0.2,70,675
2,0.2,70,466
3,0.2,70,299
1,0.2,70,740
2,0.2,70,526
3,0.2,70,265
1,0.2,70,534
2,0.2,70,350
3,0.2,70,239
1,0.2,70,595
2,0.2,70,351
3,0.2,70,147
1,0.2,70,669
2,0.2,70,482
3,0.2,70,331
1,0.2,70,361
2,0.2,70,109
3,0.2,70,40
1,0.2,70,692
2,0.2,70,297
3,0.2,70,133
1,0.2,70,836
2,0.2,70,443
3,0.2,70,215
1,0.2,70,721
2,0.2,70,428
3,0.2,70,165
1,0.2,70,740
2,0.2,70,286
3,0.2,70,79
1,0.2,70,384
2,0.2,70,155
3,0.2,70,71
1,0.2,70,443
2,0.2,70,113
3,0.2,70,29
1,0.2,70,860
2,0.2,70,617
3,0.2,70,467
1,0.2,70,810
2,0.2,70,654
3,0.2,70,403
1,0.2,70,701
2,0.2,70,538
3,0.2,70,389
1,0.2,70,319
2,0.2,70,140
3,0.2,70,55
1,0.2,70,506
2,0.2,70,312
3,0.2,70,177
1,0.2,70,610
2,0.2,70,198
3,0.2,70,139
1,0.2,70,792
2,0.2,70,514
3,0.2,70,270
1,0.2,70,728
2,0.2,70,489
3,0.2,70,248
1,0.2,70,519
2,0.2,70,295
3,0.2,70,136
1,0.2,70,602
2,0.2,70,316
3,0.2,70,255
1,0.2,70,644
2,0.2,70,273
3,0.2,70,124
1,0.2,70,945
2,0.2,70,521
3,0.2,70,296
1,0.2,70,579
2,0.2,70,329
3,0.2,70,164
1,0.2,70,557
2,0.2,70,374
3,0.2,70,261
1,0.2,70,690
2,0.2,70,288
3,0.2,70,81
1,0.2,70,330
2,0.2,70,119
3,0.2,70,59
1,0.2,70,450
2,0.2,70,206
3,0.2,70,114
1,0.2,70,736
2,0.2,70,565
3,0.2,70,322
1,0.2,70,620
2,0.2,70,281
3,0.2,70,106
1,0.2,70,725
2,0.2,70,393
3,0.2,70,191
1,0.2,70,509
2,0.2,70,167
3,0.2,70,65
1,0.2,70,487
2,0.2,70,289
3,0.2,70,171
1,0.2,70,327
2,0.2,70,161
3,0.2,70,72
1,0.2,70,577
2,0.2,70,299
3,0.2,70,137
1,0.2,70,696
2,0.2,70,472
3,0.2,70,209
1,0.2,70,735
2,0.2,70,560
3,0.2,70,369
1,0.2,70,517
2,0.2,70,363
3,0.2,70,214
1,0.2,70,724
2,0.2,70,526
3,0.2,70,291
1,0.2,70,702
2,0.2,70,666
3,0.2,70,562
1,0.2,70,792
2,0.2,70,434
3,0.2,70,168
1,0.2,70,239
2,0.2,70,46
3,0.2,70,11
1,0.2,70,354
2,0.2,70,180
3,0.2,70,99
1,0.2,70,601
2,0.2,70,322
3,0.2,70,184
1,0.2,70,480
2,0.2,70,219
3,0.2,70,101
1,0.2,70,280
2,0.2,70,120
3,0.2,70,59
1,0.2,70,755
2,0.2,70,326
3,0.2,70,107
1,0.2,70,493
2,0.2,70,212
3,0.2,70,102
1,0.2,70,605
2,0.2,70,339
3,0.2,70,158
1,0.2,70,770
2,0.2,70,684
3,0.2,70,558
1,0.2,70,239
2,0.2,70,105
3,0.2,70,30
1,0.2,70,823
2,0.2,70,641
3,0.2,70,452
1,0.2,70,502
2,0.2,70,178
3,0.2,70,84
1,0.2,70,294
2,0.2,70,99
3,0.2,70,40
1,0.2,70,837
2,0.2,70,494
3,0.2,70,282
1,0.2,70,619
2,0.2,70,300
3,0.2,70,110
1,0.2,70,960
2,0.2,70,579
3,0.2,70,306
1,0.2,70,671
2,0.2,70,363
3,0.2,70,200
1,0.2,70,810
2,0.2,70,768
3,0.2,70,659
1,0.2,70,380
2,0.2,70,182
3,0.2,70,53
1,0.2,70,893
2,0.2,70,532
3,0.2,70,239
1,0.2,70,555
2,0.2,70,328
3,0.2,70,183
1,0.2,70,806
2,0.2,70,321
3,0.2,70,135
1,0.2,70,706
2,0.2,70,546
3,0.2,70,364
1,0.2,70,737
2,0.2,70,576
3,0.2,70,404
1,0.2,70,697
2,0.2,70,368
3,0.2,70,195
1,0.2,70,733
2,0.2,70,309
3,0.2,70,143
1,0.2,70,569
2,0.2,70,291
3,0.2,70,302
1,0.2,70,592
2,0.2,70,388
3,0.2,70,233
1,0.2,70,593
2,0.2,70,320
3,0.2,70,229
1,0.2,70,263
2,0.2,70,96
3,0.2,70,32
1,0.2,70,317
2,0.2,70,184
3,0.2,70,90
1,0.2,70,687
2,0.2,70,408
3,0.2,70,187
1,0.2,70,442
2,0.2,70,183
3,0.2,70,73
1,0.2,70,456
2,0.2,70,222
3,0.2,70,69
1,0.2,70,538
2,0.2,70,270
3,0.2,70,102
1,0.2,70,558
2,0.2,70,229
3,0.2,70,57
1,0.2,80,688
2,0.2,80,522
3,0.2,80,329
1,0.2,80,194
2,0.2,80,97
3,0.2,80,56
1,0.2,80,705
2,0.2,80,322
3,0.2,80,168
1,0.2,80,849
2,0.2,80,734
3,0.2,80,539
1,0.2,80,835
2,0.2,80,508
3,0.2,80,368
1,0.2,80,269
2,0.2,80,94
3,0.2,80,37
1,0.2,80,537
2,0.2,80,260
3,0.2,80,129
1,0.2,80,558
2,0.2,80,428
3,0.2,80,334
1,0.2,80,588
2,0.2,80,250
3,0.2,80,104
1,0.2,80,549
2,0.2,80,344
3,0.2,80,159
1,0.2,80,297
2,0.2,80,71
3,0.2,80,19
1,0.2,80,547
2,0.2,80,217
3,0.2,80,73
1,0.2,80,818
2,0.2,80,544
3,0.2,80,253
1,0.2,80,476
2,0.2,80,400
3,0.2,80,303
1,0.2,80,183
2,0.2,80,71
3,0.2,80,26
1,0.2,80,783
2,0.2,80,510
3,0.2,80,281
1,0.2,80,761
2,0.2,80,587
3,0.2,80,387
1,0.2,80,436
2,0.2,80,153
3,0.2,80,56
1,0.2,80,846
2,0.2,80,654
3,0.2,80,479
1,0.2,80,367
2,0.2,80,126
3,0.2,80,43
1,0.2,80,73
2,0.2,80,10
3,0.2,80,2
1,0.2,80,332
2,0.2,80,164
3,0.2,80,106
1,0.2,80,552
2,0.2,80,308
3,0.2,80,143
1,0.2,80,809
2,0.2,80,618
3,0.2,80,324
1,0.2,80,443
2,0.2,80,253
3,0.2,80,81
1,0.2,80,494
2,0.2,80,367
3,0.2,80,261
1,0.2,80,673
2,0.2,80,296
3,0.2,80,140
1,0.2,80,277
2,0.2,80,56
3,0.2,80,12
1,0.2,80,683
2,0.2,80,350
3,0.2,80,200
1,0.2,80,802
2,0.2,80,560
3,0.2,80,334
1,0.2,80,832
2,0.2,80,570
3,0.2,80,221
1,0.2,80,714
2,0.2,80,386
3,0.2,80,157
1,0.2,80,496
2,0.2,80,281
3,0.2,80,162
1,0.2,80,383
2,0.2,80,140
3,0.2,80,37
1,0.2,80,814
2,0.2,80,499
3,0.2,80,300
1,0.2,80,746
2,0.2,80,462
3,0.2,80,229
1,0.2,80,692
2,0.2,80,509
3,0.2,80,356
1,0.2,80,261
2,0.2,80,77
3,0.2,80,20
1,0.2,80,540
2,0.2,80,226
3,0.2,80,111
1,0.2,80,629
2,0.2,80,371
3,0.2,80,235
1,0.2,80,878
2,0.2,80,622
3,0.2,80,282
1,0.2,80,721
2,0.2,80,430
3,0.2,80,179
1,0.2,80,497
2,0.2,80,299
3,0.2,80,171
1,0.2,80,660
2,0.2,80,367
3,0.2,80,323
1,0.2,80,609
2,0.2,80,318
3,0.2,80,155
1,0.2,80,931
2,0.2,80,433
3,0.2,80,200
1,0.2,80,602
2,0.2,80,226
3,0.2,80,53
1,0.2,80,423
2,0.2,80,276
3,0.2,80,148
1,0.2,80,741
2,0.2,80,306
3,0.2,80,157
1,0.2,80,436
2,0.2,80,180
3,0.2,80,99
1,0.2,80,472
2,0.2,80,289
3,0.2,80,207
1,0.2,80,409
2,0.2,80,265
3,0.2,80,143
1,0.2,80,623
2,0.2,80,344
3,0.2,80,131
1,0.2,80,873
2,0.2,80,609
3,0.2,80,298
1,0.2,80,539
2,0.2,80,190
3,0.2,80,47
1,0.2,80,387
2,0.2,80,153
3,0.2,80,76
1,0.2,80,241
2,0.2,80,113
3,0.2,80,41
1,0.2,80,471
2,0.2,80,260
3,0.2,80,116
1,0.2,80,422
2,0.2,80,195
3,0.2,80,72
1,0.2,80,756
2,0.2,80,539
3,0.2,80,253
1,0.2,80,432
2,0.2,80,273
3,0.2,80,151
1,0.2,80,624
2,0.2,80,419
3,0.2,80,218
1,0.2,80,788
2,0.2,80,622
3,0.2,80,390
1,0.2,80,794
2,0.2,80,395
3,0.2,80,153
1,0.2,80,346
2,0.2,80,150
3,0.2,80,40
1,0.2,80,427
2,0.2,80,287
3,0.2,80,144
1,0.2,80,683
2,0.2,80,364
3,0.2,80,203
1,0.2,80,456
2,0.2,80,213
3,0.2,80,92
1,0.2,80,161
2,0.2,80,77
3,0.2,80,27
1,0.2,80,716
2,0.2,80,350
3,0.2,80,128
1,0.2,80,471
2,0.2,80,214
3,0.2,80,98
1,0.2,80,412
2,0.2,80,170
3,0.2,80,45
1,0.2,80,722
2,0.2,80,539
3,0.2,80,340
1,0.2,80,324
2,0.2,80,186
3,0.2,80,94
1,0.2,80,859
2,0.2,80,616
3,0.2,80,337
1,0.2,80,500
2,0.2,80,145
3,0.2,80,59
1,0.2,80,357
2,0.2,80,96
3,0.2,80,42
1,0.2,80,769
2,0.2,80,516
3,0.2,80,267
1,0.2,80,620
2,0.2,80,283
3,0.2,80,105
1,0.2,80,947
2,0.2,80,530
3,0.2,80,184
1,0.2,80,739
2,0.2,80,432
3,0.2,80,228
1,0.2,80,594
2,0.2,80,430
3,0.2,80,282
1,0.2,80,426
2,0.2,80,160
3,0.2,80,57
1,0.2,80,854
2,0.2,80,428
3,0.2,80,123
1,0.2,80,452
2,0.2,80,231
3,0.2,80,119
1,0.2,80,775
2,0.2,80,366
3,0.2,80,142
1,0.2,80,585
2,0.2,80,394
3,0.2,80,225
1,0.2,80,671
2,0.2,80,503
3,0.2,80,273
1,0.2,80,628
2,0.2,80,196
3,0.2,80,32
1,0.2,80,749
2,0.2,80,335
3,0.2,80,102
1,0.2,80,512
2,0.2,80,201
3,0.2,80,331
1,0.2,80,453
2,0.2,80,284
3,0.2,80,168
1,0.2,80,519
2,0.2,80,236
3,0.2,80,130
1,0.2,80,291
2,0.2,80,114
3,0.2,80,37
1,0.2,80,270
2,0.2,80,177
3,0.2,80,109
1,0.2,80,660
2,0.2,80,300
3,0.2,80,110
1,0.2,80,448
2,0.2,80,141
3,0.2,80,35
1,0.2,80,601
2,0.2,80,440
3,0.2,80,283
1,0.2,80,596
2,0.2,80,282
3,0.2,80,112
1,0.2,80,533
2,0.2,80,313
3,0.2,80,153
1,0.2,90,601
2,0.2,90,311
3,0.2,90,72
1,0.2,90,224
2,0.2,90,149
3,0.2,90,64
1,0.2,90,658
2,0.2,90,201
3,0.2,90,45
1,0.2,90,819
2,0.2,90,648
3,0.2,90,317
1,0.2,90,768
2,0.2,90,326
3,0.2,90,202
1,0.2,90,211
2,0.2,90,80
3,0.2,90,30
1,0.2,90,762
2,0.2,90,649
3,0.2,90,375
1,0.2,90,299
2,0.2,90,144
3,0.2,90,76
1,0.2,90,673
2,0.2,90,304
3,0.2,90,95
1,0.2,90,550
2,0.2,90,340
3,0.2,90,151
1,0.2,90,457
2,0.2,90,333
3,0.2,90,227
1,0.2,90,497
2,0.2,90,112
3,0.2,90,29
1,0.2,90,808
2,0.2,90,499
3,0.2,90,148
1,0.2,90,269
2,0.2,90,105
3,0.2,90,24
1,0.2,90,120
2,0.2,90,14
3,0.2,90,1
1,0.2,90,701
2,0.2,90,417
3,0.2,90,146
1,0.2,90,609
2,0.2,90,283
3,0.2,90,69
1,0.2,90,382
2,0.2,90,136
3,0.2,90,35
1,0.2,90,809
2,0.2,90,512
3,0.2,90,229
1,0.2,90,289
2,0.2,90,93
3,0.2,90,32
1,0.2,90,55
2,0.2,90,3
3,0.2,90,0
1,0.2,90,277
2,0.2,90,73
3,0.2,90,19
1,0.2,90,693
2,0.2,90,590
3,0.2,90,461
1,0.2,90,760
2,0.2,90,489
3,0.2,90,153
1,0.2,90,485
2,0.2,90,171
3,0.2,90,63
1,0.2,90,419
2,0.2,90,295
3,0.2,90,197
1,0.2,90,623
2,0.2,90,246
3,0.2,90,69
1,0.2,90,278
2,0.2,90,88
3,0.2,90,33
1,0.2,90,697
2,0.2,90,256
3,0.2,90,41
1,0.2,90,806
2,0.2,90,630
3,0.2,90,342
1,0.2,90,858
2,0.2,90,348
3,0.2,90,72
1,0.2,90,773
2,0.2,90,374
3,0.2,90,105
1,0.2,90,500
2,0.2,90,250
3,0.2,90,76
1,0.2,90,334
2,0.2,90,93
3,0.2,90,27
1,0.2,90,713
2,0.2,90,209
3,0.2,90,34
1,0.2,90,641
2,0.2,90,238
3,0.2,90,45
1,0.2,90,665
2,0.2,90,519
3,0.2,90,332
1,0.2,90,414
2,0.2,90,129
3,0.2,90,32
1,0.2,90,483
2,0.2,90,175
3,0.2,90,44
1,0.2,90,587
2,0.2,90,330
3,0.2,90,180
1,0.2,90,852
2,0.2,90,461
3,0.2,90,166
1,0.2,90,764
2,0.2,90,543
3,0.2,90,283
1,0.2,90,410
2,0.2,90,178
3,0.2,90,51
1,0.2,90,544
2,0.2,90,229
3,0.2,90,150
1,0.2,90,555
2,0.2,90,288
3,0.2,90,91
1,0.2,90,869
2,0.2,90,589
3,0.2,90,441
1,0.2,90,493
2,0.2,90,94
3,0.2,90,7
1,0.2,90,340
2,0.2,90,168
3,0.2,90,54
1,0.2,90,791
2,0.2,90,334
3,0.2,90,81
1,0.2,90,541
2,0.2,90,287
3,0.2,90,118
1,0.2,90,477
2,0.2,90,327
3,0.2,90,237
1,0.2,90,378
2,0.2,90,255
3,0.2,90,113
1,0.2,90,559
2,0.2,90,246
3,0.2,90,75
1,0.2,90,899
2,0.2,90,800
3,0.2,90,350
1,0.2,90,523
2,0.2,90,213
3,0.2,90,32
1,0.2,90,507
2,0.2,90,392
3,0.2,90,269
1,0.2,90,297
2,0.2,90,208
3,0.2,90,110
1,0.2,90,474
2,0.2,90,285
3,0.2,90,108
1,0.2,90,568
2,0.2,90,361
3,0.2,90,145
1,0.2,90,629
2,0.2,90,405
3,0.2,90,166
1,0.2,90,664
2,0.2,90,610
3,0.2,90,503
1,0.2,90,600
2,0.2,90,269
3,0.2,90,78
1,0.2,90,794
2,0.2,90,557
3,0.2,90,237
1,0.2,90,738
2,0.2,90,277
3,0.2,90,60
1,0.2,90,449
2,0.2,90,357
3,0.2,90,247
1,0.2,90,225
2,0.2,90,70
3,0.2,90,15
1,0.2,90,648
2,0.2,90,327
3,0.2,90,91
1,0.2,90,644
2,0.2,90,342
3,0.2,90,135
1,0.2,90,258
2,0.2,90,77
3,0.2,90,15
1,0.2,90,804
2,0.2,90,406
3,0.2,90,103
1,0.2,90,306
2,0.2,90,84
3,0.2,90,25
1,0.2,90,389
2,0.2,90,144
3,0.2,90,33
1,0.2,90,583
2,0.2,90,337
3,0.2,90,122
1,0.2,90,296
2,0.2,90,177
3,0.2,90,85
1,0.2,90,759
2,0.2,90,484
3,0.2,90,212
1,0.2,90,527
2,0.2,90,200
3,0.2,90,51
1,0.2,90,361
2,0.2,90,69
3,0.2,90,18
1,0.2,90,766
2,0.2,90,466
3,0.2,90,156
1,0.2,90,536
2,0.2,90,197
3,0.2,90,59
1,0.2,90,963
2,0.2,90,543
3,0.2,90,168
1,0.2,90,779
2,0.2,90,475
3,0.2,90,185
1,0.2,90,554
2,0.2,90,325
3,0.2,90,199
1,0.2,90,515
2,0.2,90,188
3,0.2,90,58
1,0.2,90,740
2,0.2,90,350
3,0.2,90,82
1,0.2,90,346
2,0.2,90,117
3,0.2,90,42
1,0.2,90,788
2,0.2,90,472
3,0.2,90,215
1,0.2,90,487
2,0.2,90,183
3,0.2,90,170
1,0.2,90,585
2,0.2,90,279
3,0.2,90,87
1,0.2,90,644
2,0.2,90,354
3,0.2,90,112
1,0.2,90,716
2,0.2,90,236
3,0.2,90,57
1,0.2,90,466
2,0.2,90,148
3,0.2,90,276
1,0.2,90,383
2,0.2,90,169
3,0.2,90,50
1,0.2,90,523
2,0.2,90,287
3,0.2,90,95
1,0.2,90,160
2,0.2,90,46
3,0.2,90,6
1,0.2,90,318
2,0.2,90,171
3,0.2,90,69
1,0.2,90,611
2,0.2,90,244
3,0.2,90,41
1,0.2,90,529
2,0.2,90,272
3,0.2,90,108
1,0.2,90,531
2,0.2,90,253
3,0.2,90,57
1,0.2,90,568
2,0.2,90,189
3,0.2,90,43
1,0.2,90,412
2,0.2,90,119
3,0.2,90,34
1,0.2,100,464
2,0.2,100,170
3,0.2,100,19
1,0.2,100,122
2,0.2,100,53
3,0.2,100,22
1,0.2,100,597
2,0.2,100,137
3,0.2,100,5
1,0.2,100,709
2,0.2,100,479
3,0.2,100,89
1,0.2,100,865
2,0.2,100,416
3,0.2,100,343
1,0.2,100,192
2,0.2,100,57
3,0.2,100,10
1,0.2,100,665
2,0.2,100,356
3,0.2,100,73
1,0.2,100,201
2,0.2,100,64
3,0.2,100,64
1,0.2,100,677
2,0.2,100,369
3,0.2,100,144
1,0.2,100,832
2,0.2,100,771
3,0.2,100,682
1,0.2,100,259
2,0.2,100,159
3,0.2,100,117
1,0.2,100,608
2,0.2,100,187
3,0.2,100,11
1,0.2,100,946
2,0.2,100,662
3,0.2,100,239
1,0.2,100,179
2,0.2,100,62
3,0.2,100,20
1,0.2,100,240
2,0.2,100,137
3,0.2,100,44
1,0.2,100,734
2,0.2,100,313
3,0.2,100,31
1,0.2,100,625
2,0.2,100,247
3,0.2,100,50
1,0.2,100,398
2,0.2,100,61
3,0.2,100,6
1,0.2,100,657
2,0.2,100,310
3,0.2,100,89
1,0.2,100,279
2,0.2,100,98
3,0.2,100,37
1,0.2,100,111
2,0.2,100,22
3,0.2,100,1
1,0.2,100,376
2,0.2,100,142
3,0.2,100,54
1,0.2,100,376
2,0.2,100,279
3,0.2,100,215
1,0.2,100,670
2,0.2,100,282
3,0.2,100,61
1,0.2,100,636
2,0.2,100,376
3,0.2,100,132
1,0.2,100,182
2,0.2,100,55
3,0.2,100,8
1,0.2,100,707
2,0.2,100,373
3,0.2,100,95
1,0.2,100,331
2,0.2,100,100
3,0.2,100,21
1,0.2,100,829
2,0.2,100,371
3,0.2,100,73
1,0.2,100,546
2,0.2,100,462
3,0.2,100,418
1,0.2,100,938
2,0.2,100,456
3,0.2,100,90
1,0.2,100,731
2,0.2,100,460
3,0.2,100,167
1,0.2,100,680
2,0.2,100,355
3,0.2,100,96
1,0.2,100,304
2,0.2,100,86
3,0.2,100,16
1,0.2,100,769
2,0.2,100,374
3,0.2,100,84
1,0.2,100,446
2,0.2,100,97
3,0.2,100,0
1,0.2,100,445
2,0.2,100,145
3,0.2,100,58
1,0.2,100,388
2,0.2,100,104
3,0.2,100,10
1,0.2,100,339
2,0.2,100,67
3,0.2,100,7
1,0.2,100,748
2,0.2,100,410
3,0.2,100,119
1,0.2,100,793
2,0.2,100,321
3,0.2,100,159
1,0.2,100,797
2,0.2,100,452
3,0.2,100,114
1,0.2,100,366
2,0.2,100,164
3,0.2,100,58
1,0.2,100,707
2,0.2,100,204
3,0.2,100,191
1,0.2,100,625
2,0.2,100,447
3,0.2,100,244
1,0.2,100,780
2,0.2,100,497
3,0.2,100,347
1,0.2,100,355
2,0.2,100,111
3,0.2,100,7
1,0.2,100,417
2,0.2,100,335
3,0.2,100,297
1,0.2,100,731
2,0.2,100,198
3,0.2,100,6
1,0.2,100,775
2,0.2,100,573
3,0.2,100,310
1,0.2,100,335
2,0.2,100,157
3,0.2,100,69
1,0.2,100,233
2,0.2,100,157
3,0.2,100,102
1,0.2,100,582
2,0.2,100,242
3,0.2,100,33
1,0.2,100,916
2,0.2,100,603
3,0.2,100,53
1,0.2,100,480
2,0.2,100,105
3,0.2,100,16
1,0.2,100,664
2,0.2,100,501
3,0.2,100,237
1,0.2,100,247
2,0.2,100,201
3,0.2,100,128
1,0.2,100,473
2,0.2,100,196
3,0.2,100,74
1,0.2,100,648
2,0.2,100,335
3,0.2,100,117
1,0.2,100,453
2,0.2,100,164
3,0.2,100,36
1,0.2,100,260
2,0.2,100,161
3,0.2,100,78
1,0.2,100,533
2,0.2,100,245
3,0.2,100,71
1,0.2,100,722
2,0.2,100,365
3,0.2,100,84
1,0.2,100,825
2,0.2,100,425
3,0.2,100,111
1,0.2,100,271
2,0.2,100,117
3,0.2,100,43
1,0.2,100,238
2,0.2,100,62
3,0.2,100,12
1,0.2,100,669
2,0.2,100,332
3,0.2,100,113
1,0.2,100,656
2,0.2,100,342
3,0.2,100,63
1,0.2,100,291
2,0.2,100,105
3,0.2,100,24
1,0.2,100,827
2,0.2,100,473
3,0.2,100,44
1,0.2,100,295
2,0.2,100,145
3,0.2,100,49
1,0.2,100,290
2,0.2,100,65
3,0.2,100,15
1,0.2,100,390
2,0.2,100,236
3,0.2,100,111
1,0.2,100,600
2,0.2,100,547
3,0.2,100,519
1,0.2,100,842
2,0.2,100,613
3,0.2,100,331
1,0.2,100,708
2,0.2,100,469
3,0.2,100,228
1,0.2,100,297
2,0.2,100,23
3,0.2,100,2
1,0.2,100,804
2,0.2,100,464
3,0.2,100,117
1,0.2,100,692
2,0.2,100,427
3,0.2,100,182
1,0.2,100,961
2,0.2,100,430
3,0.2,100,21
1,0.2,100,694
2,0.2,100,399
3,0.2,100,137
1,0.2,100,330
2,0.2,100,183
3,0.2,100,139
1,0.2,100,535
2,0.2,100,151
3,0.2,100,45
1,0.2,100,808
2,0.2,100,559
3,0.2,100,174
1,0.2,100,483
2,0.2,100,309
3,0.2,100,165
1,0.2,100,847
2,0.2,100,562
3,0.2,100,193
1,0.2,100,592
2,0.2,100,345
3,0.2,100,286
1,0.2,100,718
2,0.2,100,423
3,0.2,100,144
1,0.2,100,595
2,0.2,100,408
3,0.2,100,165
1,0.2,100,709
2,0.2,100,211
3,0.2,100,1
1,0.2,100,547
2,0.2,100,220
3,0.2,100,256
1,0.2,100,316
2,0.2,100,88
3,0.2,100,12
1,0.2,100,501
2,0.2,100,259
3,0.2,100,90
1,0.2,100,174
2,0.2,100,49
3,0.2,100,15
1,0.2,100,293
2,0.2,100,132
3,0.2,100,53
1,0.2,100,601
2,0.2,100,233
3,0.2,100,54
1,0.2,100,600
2,0.2,100,252
3,0.2,100,30
1,0.2,100,594
2,0.2,100,300
3,0.2,100,81
1,0.2,100,466
2,0.2,100,97
3,0.2,100,18
1,0.2,100,442
2,0.2,100,139
3,0.2,100,40
