1,0.01,90,997
2,0.01,90,429
3,0.01,90,73
1,0.01,90,1000
2,0.01,90,29
3,0.01,90,0
1,0.01,90,1000
2,0.01,90,813
3,0.01,90,13
1,0.01,90,979
2,0.01,90,487
3,0.01,90,31
1,0.01,90,1000
2,0.01,90,1000
3,0.01,90,617
1,0.01,90,623
2,0.01,90,106
3,0.01,90,28
1,0.01,90,976
2,0.01,90,91
3,0.01,90,0
1,0.01,90,1000
2,0.01,90,984
3,0.01,90,15
1,0.01,90,1000
2,0.01,90,759
3,0.01,90,118
1,0.01,90,437
2,0.01,90,376
3,0.01,90,285
1,0.01,90,370
2,0.01,90,175
3,0.01,90,80
1,0.01,90,95
2,0.01,90,7
3,0.01,90,1
1,0.01,90,1000
2,0.01,90,995
3,0.01,90,335
1,0.01,90,1000
2,0.01,90,782
3,0.01,90,4
1,0.01,90,1000
2,0.01,90,993
3,0.01,90,82
1,0.01,90,1000
2,0.01,90,442
3,0.01,90,1
1,0.01,90,1000
2,0.01,90,653
3,0.01,90,0
1,0.01,90,1000
2,0.01,90,858
3,0.01,90,87
1,0.01,90,606
2,0.01,90,57
3,0.01,90,7
1,0.01,90,1000
2,0.01,90,985
3,0.01,90,55
1,0.01,90,878
2,0.01,90,290
3,0.01,90,56
1,0.01,90,19
2,0.01,90,14
3,0.01,90,5
1,0.01,90,995
2,0.01,90,977
3,0.01,90,356
1,0.01,90,996
2,0.01,90,319
3,0.01,90,13
1,0.01,90,845
2,0.01,90,128
3,0.01,90,16
1,0.01,90,1000
2,0.01,90,354
3,0.01,90,0
1,0.01,90,998
2,0.01,90,365
3,0.01,90,34
1,0.01,90,1000
2,0.01,90,984
3,0.01,90,414
1,0.01,90,996
2,0.01,90,90
3,0.01,90,0
1,0.01,90,165
2,0.01,90,21
3,0.01,90,5
1,0.01,90,993
2,0.01,90,875
3,0.01,90,57
1,0.01,90,1000
2,0.01,90,822
3,0.01,90,130
1,0.01,90,580
2,0.01,90,115
3,0.01,90,45
1,0.01,90,880
2,0.01,90,75
3,0.01,90,7
1,0.01,90,287
2,0.01,90,102
3,0.01,90,42
1,0.01,90,466
2,0.01,90,57
3,0.01,90,10
1,0.01,90,901
2,0.01,90,16
3,0.01,90,0
1,0.01,90,1000
2,0.01,90,976
3,0.01,90,140
1,0.01,90,361
2,0.01,90,89
3,0.01,90,42
1,0.01,90,1000
2,0.01,90,484
3,0.01,90,2
1,0.01,90,1000
2,0.01,90,1000
3,0.01,90,93
1,0.01,90,942
2,0.01,90,334
3,0.01,90,24
1,0.01,90,1000
2,0.01,90,136
3,0.01,90,0
1,0.01,90,981
2,0.01,90,964
3,0.01,90,376
1,0.01,90,1000
2,0.01,90,188
3,0.01,90,1
1,0.01,90,819
2,0.01,90,558
3,0.01,90,268
1,0.01,90,1000
2,0.01,90,995
3,0.01,90,444
1,0.01,90,1000
2,0.01,90,766
3,0.01,90,6
1,0.01,90,1000
2,0.01,90,693
3,0.01,90,1
1,0.01,90,118
2,0.01,90,36
3,0.01,90,16
1,0.01,90,925
2,0.01,90,141
3,0.01,90,19
1,0.01,90,1000
2,0.01,90,52
3,0.01,90,0
1,0.01,90,989
2,0.01,90,833
3,0.01,90,188
1,0.01,90,698
2,0.01,90,331
3,0.01,90,167
1,0.01,90,1000
2,0.01,90,988
3,0.01,90,92
1,0.01,90,1000
2,0.01,90,692
3,0.01,90,43
1,0.01,90,1000
2,0.01,90,908
3,0.01,90,0
1,0.01,90,932
2,0.01,90,341
3,0.01,90,54
1,0.01,90,196
2,0.01,90,40
3,0.01,90,9
1,0.01,90,190
2,0.01,90,80
3,0.01,90,34
1,0.01,90,1000
2,0.01,90,878
3,0.01,90,175
1,0.01,90,958
2,0.01,90,204
3,0.01,90,11
1,0.01,90,694
2,0.01,90,52
3,0.01,90,10
1,0.01,90,1000
2,0.01,90,972
3,0.01,90,306
1,0.01,90,928
2,0.01,90,386
3,0.01,90,28
1,0.01,90,996
2,0.01,90,951
3,0.01,90,243
1,0.01,90,902
2,0.01,90,400
3,0.01,90,25
1,0.01,90,303
2,0.01,90,74
3,0.01,90,24
1,0.01,90,1000
2,0.01,90,208
3,0.01,90,0
1,0.01,90,1000
2,0.01,90,999
3,0.01,90,624
1,0.01,90,1000
2,0.01,90,648
3,0.01,90,11
1,0.01,90,1000
2,0.01,90,528
3,0.01,90,1
1,0.01,90,1000
2,0.01,90,974
3,0.01,90,304
1,0.01,90,1000
2,0.01,90,826
3,0.01,90,36
1,0.01,90,912
2,0.01,90,524
3,0.01,90,94
1,0.01,90,928
2,0.01,90,699
3,0.01,90,319
1,0.01,90,908
2,0.01,90,295
3,0.01,90,74
1,0.01,90,991
2,0.01,90,125
3,0.01,90,0
1,0.01,90,995
2,0.01,90,56
3,0.01,90,0
1,0.01,90,1000
2,0.01,90,868
3,0.01,90,0
1,0.01,90,1000
2,0.01,90,946
3,0.01,90,40
1,0.01,90,716
2,0.01,90,147
3,0.01,90,41
1,0.01,90,289
2,0.01,90,156
3,0.01,90,79
1,0.01,90,873
2,0.01,90,157
3,0.01,90,35
1,0.01,90,1000
2,0.01,90,577
3,0.01,90,0
1,0.01,90,1000
2,0.01,90,984
3,0.01,90,26
1,0.01,90,686
2,0.01,90,479
3,0.01,90,304
1,0.01,90,612
2,0.01,90,160
3,0.01,90,55
1,0.01,90,326
2,0.01,90,71
3,0.01,90,31
1,0.01,90,389
2,0.01,90,98
3,0.01,90,41
1,0.01,90,1000
2,0.01,90,678
3,0.01,90,26
1,0.01,90,690
2,0.01,90,104
3,0.01,90,24
1,0.01,90,28
2,0.01,90,5
3,0.01,90,0
1,0.01,90,1000
2,0.01,90,137
3,0.01,90,0
1,0.01,90,882
2,0.01,90,271
3,0.01,90,74
1,0.01,90,995
2,0.01,90,265
3,0.01,90,0
1,0.01,90,1000
2,0.01,90,947
3,0.01,90,145
1,0.01,90,998
2,0.01,90,594
3,0.01,90,50
1,0.01,90,1000
2,0.01,90,470
3,0.01,90,9
1,0.01,90,1000
2,0.01,90,214
3,0.01,90,0
1,0.01,80,870
2,0.01,80,62
3,0.01,80,5
1,0.01,80,1000
2,0.01,80,18
3,0.01,80,0
1,0.01,80,981
2,0.01,80,690
3,0.01,80,232
1,0.01,80,943
2,0.01,80,726
3,0.01,80,280
1,0.01,80,1000
2,0.01,80,998
3,0.01,80,603
1,0.01,80,627
2,0.01,80,230
3,0.01,80,129
1,0.01,80,948
2,0.01,80,231
3,0.01,80,29
1,0.01,80,1000
2,0.01,80,206
3,0.01,80,0
1,0.01,80,1000
2,0.01,80,435
3,0.01,80,50
1,0.01,80,327
2,0.01,80,159
3,0.01,80,57
1,0.01,80,520
2,0.01,80,241
3,0.01,80,133
1,0.01,80,105
2,0.01,80,10
3,0.01,80,2
1,0.01,80,987
2,0.01,80,368
3,0.01,80,39
1,0.01,80,1000
2,0.01,80,551
3,0.01,80,14
1,0.01,80,1000
2,0.01,80,891
3,0.01,80,50
1,0.01,80,983
2,0.01,80,324
3,0.01,80,46
1,0.01,80,1000
2,0.01,80,661
3,0.01,80,2
1,0.01,80,986
2,0.01,80,277
3,0.01,80,16
1,0.01,80,612
2,0.01,80,103
3,0.01,80,19
1,0.01,80,1000
2,0.01,80,579
3,0.01,80,9
1,0.01,80,857
2,0.01,80,253
3,0.01,80,45
1,0.01,80,142
2,0.01,80,112
3,0.01,80,76
1,0.01,80,901
2,0.01,80,652
3,0.01,80,290
1,0.01,80,592
2,0.01,80,57
3,0.01,80,7
1,0.01,80,735
2,0.01,80,173
3,0.01,80,54
1,0.01,80,995
2,0.01,80,245
3,0.01,80,19
1,0.01,80,873
2,0.01,80,194
3,0.01,80,35
1,0.01,80,1000
2,0.01,80,950
3,0.01,80,516
1,0.01,80,884
2,0.01,80,110
3,0.01,80,13
1,0.01,80,400
2,0.01,80,90
3,0.01,80,42
1,0.01,80,915
2,0.01,80,342
3,0.01,80,20
1,0.01,80,1000
2,0.01,80,534
3,0.01,80,59
1,0.01,80,607
2,0.01,80,148
3,0.01,80,49
1,0.01,80,715
2,0.01,80,188
3,0.01,80,50
1,0.01,80,160
2,0.01,80,108
3,0.01,80,60
1,0.01,80,371
2,0.01,80,50
3,0.01,80,12
1,0.01,80,212
2,0.01,80,5
3,0.01,80,0
1,0.01,80,994
2,0.01,80,298
3,0.01,80,3
1,0.01,80,266
2,0.01,80,55
3,0.01,80,27
1,0.01,80,943
2,0.01,80,313
3,0.01,80,37
1,0.01,80,1000
2,0.01,80,987
3,0.01,80,221
1,0.01,80,876
2,0.01,80,357
3,0.01,80,94
1,0.01,80,999
2,0.01,80,74
3,0.01,80,0
1,0.01,80,994
2,0.01,80,981
3,0.01,80,898
1,0.01,80,1000
2,0.01,80,176
3,0.01,80,12
1,0.01,80,773
2,0.01,80,449
3,0.01,80,195
1,0.01,80,1000
2,0.01,80,909
3,0.01,80,180
1,0.01,80,1000
2,0.01,80,787
3,0.01,80,44
1,0.01,80,1000
2,0.01,80,60
3,0.01,80,0
1,0.01,80,255
2,0.01,80,81
3,0.01,80,27
1,0.01,80,446
2,0.01,80,35
3,0.01,80,3
1,0.01,80,928
2,0.01,80,337
3,0.01,80,100
1,0.01,80,929
2,0.01,80,264
3,0.01,80,30
1,0.01,80,593
2,0.01,80,178
3,0.01,80,63
1,0.01,80,1000
2,0.01,80,981
3,0.01,80,364
1,0.01,80,948
2,0.01,80,96
3,0.01,80,2
1,0.01,80,998
2,0.01,80,215
3,0.01,80,0
1,0.01,80,916
2,0.01,80,422
3,0.01,80,154
1,0.01,80,176
2,0.01,80,44
3,0.01,80,21
1,0.01,80,561
2,0.01,80,126
3,0.01,80,55
1,0.01,80,864
2,0.01,80,66
3,0.01,80,3
1,0.01,80,825
2,0.01,80,112
3,0.01,80,9
1,0.01,80,874
2,0.01,80,618
3,0.01,80,415
1,0.01,80,999
2,0.01,80,490
3,0.01,80,75
1,0.01,80,739
2,0.01,80,231
3,0.01,80,48
1,0.01,80,920
2,0.01,80,205
3,0.01,80,13
1,0.01,80,813
2,0.01,80,171
3,0.01,80,27
1,0.01,80,454
2,0.01,80,269
3,0.01,80,144
1,0.01,80,1000
2,0.01,80,339
3,0.01,80,1
1,0.01,80,1000
2,0.01,80,876
3,0.01,80,197
1,0.01,80,1000
2,0.01,80,710
3,0.01,80,219
1,0.01,80,1000
2,0.01,80,415
3,0.01,80,0
1,0.01,80,1000
2,0.01,80,925
3,0.01,80,479
1,0.01,80,1000
2,0.01,80,711
3,0.01,80,73
1,0.01,80,817
2,0.01,80,498
3,0.01,80,236
1,0.01,80,955
2,0.01,80,419
3,0.01,80,92
1,0.01,80,685
2,0.01,80,95
3,0.01,80,17
1,0.01,80,615
2,0.01,80,9
3,0.01,80,0
1,0.01,80,977
2,0.01,80,218
3,0.01,80,27
1,0.01,80,1000
2,0.01,80,514
3,0.01,80,1
1,0.01,80,997
2,0.01,80,922
3,0.01,80,279
1,0.01,80,530
2,0.01,80,165
3,0.01,80,70
1,0.01,80,392
2,0.01,80,61
3,0.01,80,15
1,0.01,80,970
2,0.01,80,520
3,0.01,80,150
1,0.01,80,1000
2,0.01,80,600
3,0.01,80,19
1,0.01,80,999
2,0.01,80,184
3,0.01,80,0
1,0.01,80,813
2,0.01,80,157
3,0.01,80,28
1,0.01,80,694
2,0.01,80,185
3,0.01,80,67
1,0.01,80,598
2,0.01,80,171
3,0.01,80,78
1,0.01,80,439
2,0.01,80,285
3,0.01,80,183
1,0.01,80,967
2,0.01,80,239
3,0.01,80,3
1,0.01,80,713
2,0.01,80,186
3,0.01,80,68
1,0.01,80,273
2,0.01,80,37
3,0.01,80,16
1,0.01,80,1000
2,0.01,80,274
3,0.01,80,0
1,0.01,80,785
2,0.01,80,106
3,0.01,80,21
1,0.01,80,983
2,0.01,80,668
3,0.01,80,146
1,0.01,80,1000
2,0.01,80,957
3,0.01,80,340
1,0.01,80,970
2,0.01,80,245
3,0.01,80,22
1,0.01,80,982
2,0.01,80,105
3,0.01,80,3
1,0.01,80,1000
2,0.01,80,566
3,0.01,80,10
1,0.01,70,875
2,0.01,70,104
3,0.01,70,24
1,0.01,70,1000
2,0.01,70,34
3,0.01,70,0
1,0.01,70,879
2,0.01,70,401
3,0.01,70,141
1,0.01,70,922
2,0.01,70,632
3,0.01,70,260
1,0.01,70,999
2,0.01,70,908
3,0.01,70,356
1,0.01,70,353
2,0.01,70,76
3,0.01,70,35
1,0.01,70,694
2,0.01,70,41
3,0.01,70,2
1,0.01,70,991
2,0.01,70,108
3,0.01,70,7
1,0.01,70,990
2,0.01,70,574
3,0.01,70,189
1,0.01,70,419
2,0.01,70,190
3,0.01,70,60
1,0.01,70,401
2,0.01,70,67
3,0.01,70,23
1,0.01,70,477
2,0.01,70,194
3,0.01,70,92
1,0.01,70,927
2,0.01,70,217
3,0.01,70,20
1,0.01,70,848
2,0.01,70,146
3,0.01,70,11
1,0.01,70,1000
2,0.01,70,521
3,0.01,70,16
1,0.01,70,893
2,0.01,70,168
3,0.01,70,37
1,0.01,70,1000
2,0.01,70,438
3,0.01,70,10
1,0.01,70,957
2,0.01,70,240
3,0.01,70,44
1,0.01,70,498
2,0.01,70,126
3,0.01,70,42
1,0.01,70,996
2,0.01,70,632
3,0.01,70,93
1,0.01,70,482
2,0.01,70,65
3,0.01,70,12
1,0.01,70,91
2,0.01,70,57
3,0.01,70,32
1,0.01,70,857
2,0.01,70,497
3,0.01,70,192
1,0.01,70,324
2,0.01,70,38
3,0.01,70,6
1,0.01,70,642
2,0.01,70,111
3,0.01,70,21
1,0.01,70,987
2,0.01,70,359
3,0.01,70,73
1,0.01,70,651
2,0.01,70,77
3,0.01,70,18
1,0.01,70,1000
2,0.01,70,880
3,0.01,70,410
1,0.01,70,633
2,0.01,70,80
3,0.01,70,14
1,0.01,70,422
2,0.01,70,85
3,0.01,70,33
1,0.01,70,916
2,0.01,70,400
3,0.01,70,36
1,0.01,70,993
2,0.01,70,827
3,0.01,70,401
1,0.01,70,272
2,0.01,70,39
3,0.01,70,8
1,0.01,70,702
2,0.01,70,113
3,0.01,70,22
1,0.01,70,273
2,0.01,70,86
3,0.01,70,40
1,0.01,70,509
2,0.01,70,186
3,0.01,70,76
1,0.01,70,23
2,0.01,70,0
3,0.01,70,0
1,0.01,70,883
2,0.01,70,151
3,0.01,70,21
1,0.01,70,259
2,0.01,70,48
3,0.01,70,19
1,0.01,70,610
2,0.01,70,56
3,0.01,70,6
1,0.01,70,987
2,0.01,70,913
3,0.01,70,388
1,0.01,70,934
2,0.01,70,495
3,0.01,70,202
1,0.01,70,896
2,0.01,70,59
3,0.01,70,1
1,0.01,70,967
2,0.01,70,775
3,0.01,70,506
1,0.01,70,1000
2,0.01,70,757
3,0.01,70,255
1,0.01,70,615
2,0.01,70,379
3,0.01,70,201
1,0.01,70,1000
2,0.01,70,976
3,0.01,70,789
1,0.01,70,1000
2,0.01,70,413
3,0.01,70,18
1,0.01,70,999
2,0.01,70,283
3,0.01,70,1
1,0.01,70,536
2,0.01,70,270
3,0.01,70,145
1,0.01,70,195
2,0.01,70,27
3,0.01,70,8
1,0.01,70,936
2,0.01,70,267
3,0.01,70,65
1,0.01,70,913
2,0.01,70,365
3,0.01,70,105
1,0.01,70,773
2,0.01,70,249
3,0.01,70,83
1,0.01,70,926
2,0.01,70,654
3,0.01,70,278
1,0.01,70,939
2,0.01,70,84
3,0.01,70,4
1,0.01,70,973
2,0.01,70,71
3,0.01,70,0
1,0.01,70,802
2,0.01,70,279
3,0.01,70,81
1,0.01,70,511
2,0.01,70,296
3,0.01,70,179
1,0.01,70,676
2,0.01,70,46
3,0.01,70,5
1,0.01,70,847
2,0.01,70,223
3,0.01,70,73
1,0.01,70,168
2,0.01,70,7
3,0.01,70,1
1,0.01,70,344
2,0.01,70,62
3,0.01,70,27
1,0.01,70,946
2,0.01,70,104
3,0.01,70,1
1,0.01,70,517
2,0.01,70,65
3,0.01,70,7
1,0.01,70,804
2,0.01,70,230
3,0.01,70,58
1,0.01,70,727
2,0.01,70,187
3,0.01,70,57
1,0.01,70,559
2,0.01,70,330
3,0.01,70,177
1,0.01,70,1000
2,0.01,70,571
3,0.01,70,31
1,0.01,70,1000
2,0.01,70,740
3,0.01,70,266
1,0.01,70,1000
2,0.01,70,308
3,0.01,70,42
1,0.01,70,990
2,0.01,70,358
3,0.01,70,21
1,0.01,70,978
2,0.01,70,667
3,0.01,70,236
1,0.01,70,958
2,0.01,70,527
3,0.01,70,134
1,0.01,70,709
2,0.01,70,239
3,0.01,70,70
1,0.01,70,942
2,0.01,70,286
3,0.01,70,44
1,0.01,70,807
2,0.01,70,427
3,0.01,70,207
1,0.01,70,626
2,0.01,70,16
3,0.01,70,1
1,0.01,70,271
2,0.01,70,15
3,0.01,70,3
1,0.01,70,999
2,0.01,70,167
3,0.01,70,0
1,0.01,70,956
2,0.01,70,650
3,0.01,70,265
1,0.01,70,425
2,0.01,70,128
3,0.01,70,54
1,0.01,70,347
2,0.01,70,36
3,0.01,70,4
1,0.01,70,609
2,0.01,70,97
3,0.01,70,27
1,0.01,70,758
2,0.01,70,28
3,0.01,70,0
1,0.01,70,978
2,0.01,70,25
3,0.01,70,0
1,0.01,70,729
2,0.01,70,240
3,0.01,70,71
1,0.01,70,556
2,0.01,70,122
3,0.01,70,43
1,0.01,70,261
2,0.01,70,60
3,0.01,70,17
1,0.01,70,658
2,0.01,70,195
3,0.01,70,74
1,0.01,70,873
2,0.01,70,178
3,0.01,70,14
1,0.01,70,882
2,0.01,70,281
3,0.01,70,85
1,0.01,70,172
2,0.01,70,21
3,0.01,70,7
1,0.01,70,833
2,0.01,70,24
3,0.01,70,1
1,0.01,70,759
2,0.01,70,169
3,0.01,70,41
1,0.01,70,897
2,0.01,70,461
3,0.01,70,138
1,0.01,70,1000
2,0.01,70,921
3,0.01,70,409
1,0.01,70,893
2,0.01,70,157
3,0.01,70,17
1,0.01,70,959
2,0.01,70,191
3,0.01,70,8
1,0.01,70,967
2,0.01,70,91
3,0.01,70,23
1,0.025,90,305
2,0.025,90,113
3,0.025,90,54
1,0.025,90,418
2,0.025,90,30
3,0.025,90,6
1,0.025,90,999
2,0.025,90,862
3,0.025,90,397
1,0.025,90,34
2,0.025,90,4
3,0.025,90,2
1,0.025,90,1000
2,0.025,90,983
3,0.025,90,645
1,0.025,90,537
2,0.025,90,50
3,0.025,90,7
1,0.025,90,387
2,0.025,90,111
3,0.025,90,48
1,0.025,90,966
2,0.025,90,273
3,0.025,90,43
1,0.025,90,484
2,0.025,90,185
3,0.025,90,93
1,0.025,90,691
2,0.025,90,546
3,0.025,90,378
1,0.025,90,406
2,0.025,90,95
3,0.025,90,32
1,0.025,90,191
2,0.025,90,39
3,0.025,90,11
1,0.025,90,917
2,0.025,90,430
3,0.025,90,158
1,0.025,90,557
2,0.025,90,84
3,0.025,90,19
1,0.025,90,848
2,0.025,90,409
3,0.025,90,188
1,0.025,90,884
2,0.025,90,404
3,0.025,90,182
1,0.025,90,933
2,0.025,90,265
3,0.025,90,56
1,0.025,90,930
2,0.025,90,598
3,0.025,90,233
1,0.025,90,92
2,0.025,90,20
3,0.025,90,5
1,0.025,90,763
2,0.025,90,338
3,0.025,90,184
1,0.025,90,432
2,0.025,90,200
3,0.025,90,100
1,0.025,90,690
2,0.025,90,545
3,0.025,90,379
1,0.025,90,620
2,0.025,90,376
3,0.025,90,216
1,0.025,90,400
2,0.025,90,101
3,0.025,90,51
1,0.025,90,44
2,0.025,90,32
3,0.025,90,14
1,0.025,90,618
2,0.025,90,202
3,0.025,90,107
1,0.025,90,822
2,0.025,90,345
3,0.025,90,161
1,0.025,90,1000
2,0.025,90,719
3,0.025,90,283
1,0.025,90,515
2,0.025,90,180
3,0.025,90,102
1,0.025,90,87
2,0.025,90,10
3,0.025,90,1
1,0.025,90,915
2,0.025,90,374
3,0.025,90,123
1,0.025,90,462
2,0.025,90,239
3,0.025,90,128
1,0.025,90,764
2,0.025,90,457
3,0.025,90,147
1,0.025,90,327
2,0.025,90,51
3,0.025,90,15
1,0.025,90,638
2,0.025,90,201
3,0.025,90,66
1,0.025,90,204
2,0.025,90,79
3,0.025,90,26
1,0.025,90,562
2,0.025,90,371
3,0.025,90,266
1,0.025,90,713
2,0.025,90,423
3,0.025,90,283
1,0.025,90,213
2,0.025,90,70
3,0.025,90,35
1,0.025,90,966
2,0.025,90,745
3,0.025,90,282
1,0.025,90,990
2,0.025,90,731
3,0.025,90,254
1,0.025,90,664
2,0.025,90,108
3,0.025,90,22
1,0.025,90,185
2,0.025,90,50
3,0.025,90,22
1,0.025,90,400
2,0.025,90,195
3,0.025,90,122
1,0.025,90,623
2,0.025,90,99
3,0.025,90,8
1,0.025,90,821
2,0.025,90,592
3,0.025,90,383
1,0.025,90,995
2,0.025,90,812
3,0.025,90,354
1,0.025,90,79
2,0.025,90,11
3,0.025,90,2
1,0.025,90,986
2,0.025,90,295
3,0.025,90,86
1,0.025,90,495
2,0.025,90,157
3,0.025,90,85
1,0.025,90,479
2,0.025,90,147
3,0.025,90,67
1,0.025,90,127
2,0.025,90,37
3,0.025,90,19
1,0.025,90,535
2,0.025,90,205
3,0.025,90,102
1,0.025,90,703
2,0.025,90,398
3,0.025,90,229
1,0.025,90,763
2,0.025,90,340
3,0.025,90,159
1,0.025,90,754
2,0.025,90,284
3,0.025,90,113
1,0.025,90,929
2,0.025,90,500
3,0.025,90,177
1,0.025,90,645
2,0.025,90,176
3,0.025,90,77
1,0.025,90,148
2,0.025,90,38
3,0.025,90,20
1,0.025,90,231
2,0.025,90,129
3,0.025,90,88
1,0.025,90,807
2,0.025,90,533
3,0.025,90,359
1,0.025,90,792
2,0.025,90,279
3,0.025,90,112
1,0.025,90,324
2,0.025,90,106
3,0.025,90,49
1,0.025,90,807
2,0.025,90,376
3,0.025,90,144
1,0.025,90,444
2,0.025,90,140
3,0.025,90,53
1,0.025,90,974
2,0.025,90,596
3,0.025,90,234
1,0.025,90,147
2,0.025,90,18
3,0.025,90,5
1,0.025,90,57
2,0.025,90,8
3,0.025,90,1
1,0.025,90,806
2,0.025,90,83
3,0.025,90,7
1,0.025,90,591
2,0.025,90,438
3,0.025,90,316
1,0.025,90,334
2,0.025,90,139
3,0.025,90,68
1,0.025,90,293
2,0.025,90,44
3,0.025,90,17
1,0.025,90,792
2,0.025,90,358
3,0.025,90,141
1,0.025,90,640
2,0.025,90,234
3,0.025,90,115
1,0.025,90,628
2,0.025,90,241
3,0.025,90,121
1,0.025,90,453
2,0.025,90,301
3,0.025,90,200
1,0.025,90,524
2,0.025,90,220
3,0.025,90,114
1,0.025,90,747
2,0.025,90,342
3,0.025,90,172
1,0.025,90,986
2,0.025,90,411
3,0.025,90,77
1,0.025,90,235
2,0.025,90,120
3,0.025,90,76
1,0.025,90,679
2,0.025,90,368
3,0.025,90,217
1,0.025,90,993
2,0.025,90,369
3,0.025,90,41
1,0.025,90,663
2,0.025,90,394
3,0.025,90,268
1,0.025,90,996
2,0.025,90,368
3,0.025,90,29
1,0.025,90,464
2,0.025,90,91
3,0.025,90,40
1,0.025,90,941
2,0.025,90,800
3,0.025,90,594
1,0.025,90,922
2,0.025,90,542
3,0.025,90,283
1,0.025,90,983
2,0.025,90,936
3,0.025,90,550
1,0.025,90,197
2,0.025,90,33
3,0.025,90,17
1,0.025,90,245
2,0.025,90,82
3,0.025,90,35
1,0.025,90,646
2,0.025,90,202
3,0.025,90,70
1,0.025,90,165
2,0.025,90,37
3,0.025,90,21
1,0.025,90,217
2,0.025,90,61
3,0.025,90,19
1,0.025,90,435
2,0.025,90,104
3,0.025,90,46
1,0.025,90,538
2,0.025,90,130
3,0.025,90,40
1,0.025,90,318
2,0.025,90,38
3,0.025,90,9
1,0.025,90,293
2,0.025,90,78
3,0.025,90,46
1,0.025,90,558
2,0.025,90,100
3,0.025,90,36
1,0.025,90,979
2,0.025,90,347
3,0.025,90,45
1,0.025,90,859
2,0.025,90,240
3,0.025,90,92
1,0.025,80,140
2,0.025,80,24
3,0.025,80,10
1,0.025,80,558
2,0.025,80,77
3,0.025,80,19
1,0.025,80,926
2,0.025,80,651
3,0.025,80,381
1,0.025,80,148
2,0.025,80,36
3,0.025,80,18
1,0.025,80,1000
2,0.025,80,959
3,0.025,80,627
1,0.025,80,607
2,0.025,80,168
3,0.025,80,65
1,0.025,80,723
2,0.025,80,421
3,0.025,80,252
1,0.025,80,504
2,0.025,80,87
3,0.025,80,28
1,0.025,80,345
2,0.025,80,78
3,0.025,80,23
1,0.025,80,414
2,0.025,80,131
3,0.025,80,56
1,0.025,80,531
2,0.025,80,168
3,0.025,80,87
1,0.025,80,304
2,0.025,80,113
3,0.025,80,52
1,0.025,80,573
2,0.025,80,143
3,0.025,80,62
1,0.025,80,581
2,0.025,80,112
3,0.025,80,26
1,0.025,80,792
2,0.025,80,406
3,0.025,80,195
1,0.025,80,638
2,0.025,80,242
3,0.025,80,124
1,0.025,80,912
2,0.025,80,327
3,0.025,80,117
1,0.025,80,692
2,0.025,80,216
3,0.025,80,75
1,0.025,80,192
2,0.025,80,66
3,0.025,80,31
1,0.025,80,565
2,0.025,80,165
3,0.025,80,54
1,0.025,80,629
2,0.025,80,299
3,0.025,80,170
1,0.025,80,923
2,0.025,80,901
3,0.025,80,783
1,0.025,80,342
2,0.025,80,177
3,0.025,80,100
1,0.025,80,66
2,0.025,80,3
3,0.025,80,0
1,0.025,80,25
2,0.025,80,21
3,0.025,80,18
1,0.025,80,798
2,0.025,80,324
3,0.025,80,150
1,0.025,80,602
2,0.025,80,232
3,0.025,80,90
1,0.025,80,1000
2,0.025,80,825
3,0.025,80,469
1,0.025,80,501
2,0.025,80,159
3,0.025,80,83
1,0.025,80,200
2,0.025,80,39
3,0.025,80,21
1,0.025,80,776
2,0.025,80,303
3,0.025,80,109
1,0.025,80,401
2,0.025,80,127
3,0.025,80,62
1,0.025,80,783
2,0.025,80,464
3,0.025,80,209
1,0.025,80,511
2,0.025,80,193
3,0.025,80,95
1,0.025,80,567
2,0.025,80,239
3,0.025,80,122
1,0.025,80,359
2,0.025,80,154
3,0.025,80,76
1,0.025,80,219
2,0.025,80,39
3,0.025,80,12
1,0.025,80,315
2,0.025,80,72
3,0.025,80,35
1,0.025,80,156
2,0.025,80,51
3,0.025,80,25
1,0.025,80,944
2,0.025,80,591
3,0.025,80,269
1,0.025,80,992
2,0.025,80,910
3,0.025,80,699
1,0.025,80,642
2,0.025,80,180
3,0.025,80,77
1,0.025,80,267
2,0.025,80,70
3,0.025,80,39
1,0.025,80,654
2,0.025,80,585
3,0.025,80,520
1,0.025,80,719
2,0.025,80,283
3,0.025,80,130
1,0.025,80,769
2,0.025,80,427
3,0.025,80,233
1,0.025,80,846
2,0.025,80,355
3,0.025,80,117
1,0.025,80,138
2,0.025,80,100
3,0.025,80,76
1,0.025,80,684
2,0.025,80,26
3,0.025,80,1
1,0.025,80,350
2,0.025,80,57
3,0.025,80,23
1,0.025,80,161
2,0.025,80,23
3,0.025,80,3
1,0.025,80,313
2,0.025,80,150
3,0.025,80,97
1,0.025,80,131
2,0.025,80,21
3,0.025,80,10
1,0.025,80,658
2,0.025,80,336
3,0.025,80,180
1,0.025,80,893
2,0.025,80,677
3,0.025,80,405
1,0.025,80,452
2,0.025,80,177
3,0.025,80,104
1,0.025,80,556
2,0.025,80,193
3,0.025,80,89
1,0.025,80,839
2,0.025,80,356
3,0.025,80,166
1,0.025,80,210
2,0.025,80,55
3,0.025,80,33
1,0.025,80,375
2,0.025,80,132
3,0.025,80,86
1,0.025,80,75
2,0.025,80,3
3,0.025,80,0
1,0.025,80,784
2,0.025,80,244
3,0.025,80,92
1,0.025,80,730
2,0.025,80,668
3,0.025,80,611
1,0.025,80,678
2,0.025,80,253
3,0.025,80,102
1,0.025,80,430
2,0.025,80,189
3,0.025,80,95
1,0.025,80,438
2,0.025,80,40
3,0.025,80,3
1,0.025,80,56
2,0.025,80,12
3,0.025,80,4
1,0.025,80,190
2,0.025,80,94
3,0.025,80,55
1,0.025,80,921
2,0.025,80,286
3,0.025,80,36
1,0.025,80,617
2,0.025,80,381
3,0.025,80,245
1,0.025,80,591
2,0.025,80,408
3,0.025,80,282
1,0.025,80,663
2,0.025,80,263
3,0.025,80,133
1,0.025,80,814
2,0.025,80,620
3,0.025,80,421
1,0.025,80,743
2,0.025,80,310
3,0.025,80,127
1,0.025,80,648
2,0.025,80,363
3,0.025,80,243
1,0.025,80,420
2,0.025,80,160
3,0.025,80,73
1,0.025,80,523
2,0.025,80,101
3,0.025,80,32
1,0.025,80,441
2,0.025,80,110
3,0.025,80,45
1,0.025,80,760
2,0.025,80,261
3,0.025,80,114
1,0.025,80,230
2,0.025,80,95
3,0.025,80,55
1,0.025,80,487
2,0.025,80,230
3,0.025,80,132
1,0.025,80,800
2,0.025,80,307
3,0.025,80,115
1,0.025,80,498
2,0.025,80,135
3,0.025,80,55
1,0.025,80,983
2,0.025,80,698
3,0.025,80,360
1,0.025,80,729
2,0.025,80,433
3,0.025,80,257
1,0.025,80,749
2,0.025,80,408
3,0.025,80,216
1,0.025,80,384
2,0.025,80,28
3,0.025,80,3
1,0.025,80,826
2,0.025,80,266
3,0.025,80,81
1,0.025,80,200
2,0.025,80,34
3,0.025,80,13
1,0.025,80,244
2,0.025,80,167
3,0.025,80,125
1,0.025,80,320
2,0.025,80,42
3,0.025,80,8
1,0.025,80,395
2,0.025,80,182
3,0.025,80,128
1,0.025,80,285
2,0.025,80,68
3,0.025,80,35
1,0.025,80,661
2,0.025,80,319
3,0.025,80,188
1,0.025,80,321
2,0.025,80,53
3,0.025,80,23
1,0.025,80,731
2,0.025,80,362
3,0.025,80,193
1,0.025,80,682
2,0.025,80,349
3,0.025,80,204
1,0.025,80,246
2,0.025,80,35
3,0.025,80,9
1,0.025,80,911
2,0.025,80,142
3,0.025,80,14
1,0.025,80,964
2,0.025,80,742
3,0.025,80,481
1,0.025,70,178
2,0.025,70,41
3,0.025,70,18
1,0.025,70,616
2,0.025,70,160
3,0.025,70,55
1,0.025,70,810
2,0.025,70,452
3,0.025,70,242
1,0.025,70,214
2,0.025,70,84
3,0.025,70,45
1,0.025,70,987
2,0.025,70,713
3,0.025,70,357
1,0.025,70,605
2,0.025,70,175
3,0.025,70,63
1,0.025,70,406
2,0.025,70,147
3,0.025,70,62
1,0.025,70,313
2,0.025,70,27
3,0.025,70,3
1,0.025,70,660
2,0.025,70,309
3,0.025,70,147
1,0.025,70,487
2,0.025,70,189
3,0.025,70,97
1,0.025,70,148
2,0.025,70,12
3,0.025,70,3
1,0.025,70,550
2,0.025,70,371
3,0.025,70,247
1,0.025,70,480
2,0.025,70,126
3,0.025,70,55
1,0.025,70,135
2,0.025,70,7
3,0.025,70,1
1,0.025,70,490
2,0.025,70,145
3,0.025,70,70
1,0.025,70,271
2,0.025,70,76
3,0.025,70,30
1,0.025,70,911
2,0.025,70,405
3,0.025,70,134
1,0.025,70,624
2,0.025,70,191
3,0.025,70,81
1,0.025,70,261
2,0.025,70,156
3,0.025,70,97
1,0.025,70,673
2,0.025,70,378
3,0.025,70,236
1,0.025,70,447
2,0.025,70,114
3,0.025,70,50
1,0.025,70,793
2,0.025,70,650
3,0.025,70,458
1,0.025,70,215
2,0.025,70,92
3,0.025,70,55
1,0.025,70,102
2,0.025,70,5
3,0.025,70,1
1,0.025,70,80
2,0.025,70,39
3,0.025,70,23
1,0.025,70,794
2,0.025,70,413
3,0.025,70,226
1,0.025,70,523
2,0.025,70,140
3,0.025,70,47
1,0.025,70,987
2,0.025,70,719
3,0.025,70,426
1,0.025,70,464
2,0.025,70,132
3,0.025,70,64
1,0.025,70,269
2,0.025,70,73
3,0.025,70,42
1,0.025,70,722
2,0.025,70,152
3,0.025,70,44
1,0.025,70,626
2,0.025,70,429
3,0.025,70,297
1,0.025,70,460
2,0.025,70,132
3,0.025,70,50
1,0.025,70,460
2,0.025,70,158
3,0.025,70,91
1,0.025,70,280
2,0.025,70,39
3,0.025,70,15
1,0.025,70,674
2,0.025,70,513
3,0.025,70,366
1,0.025,70,172
2,0.025,70,19
3,0.025,70,8
1,0.025,70,265
2,0.025,70,75
3,0.025,70,32
1,0.025,70,262
2,0.025,70,140
3,0.025,70,86
1,0.025,70,797
2,0.025,70,366
3,0.025,70,151
1,0.025,70,913
2,0.025,70,744
3,0.025,70,596
1,0.025,70,735
2,0.025,70,372
3,0.025,70,215
1,0.025,70,211
2,0.025,70,51
3,0.025,70,26
1,0.025,70,667
2,0.025,70,445
3,0.025,70,299
1,0.025,70,889
2,0.025,70,684
3,0.025,70,423
1,0.025,70,488
2,0.025,70,311
3,0.025,70,220
1,0.025,70,970
2,0.025,70,785
3,0.025,70,528
1,0.025,70,282
2,0.025,70,133
3,0.025,70,83
1,0.025,70,799
2,0.025,70,262
3,0.025,70,94
1,0.025,70,513
2,0.025,70,195
3,0.025,70,98
1,0.025,70,154
2,0.025,70,38
3,0.025,70,17
1,0.025,70,389
2,0.025,70,204
3,0.025,70,154
1,0.025,70,292
2,0.025,70,168
3,0.025,70,106
1,0.025,70,646
2,0.025,70,337
3,0.025,70,181
1,0.025,70,637
2,0.025,70,283
3,0.025,70,148
1,0.025,70,532
2,0.025,70,275
3,0.025,70,168
1,0.025,70,330
2,0.025,70,26
3,0.025,70,6
1,0.025,70,322
2,0.025,70,81
3,0.025,70,28
1,0.025,70,604
2,0.025,70,331
3,0.025,70,220
1,0.025,70,577
2,0.025,70,219
3,0.025,70,120
1,0.025,70,233
2,0.025,70,52
3,0.025,70,20
1,0.025,70,250
2,0.025,70,21
3,0.025,70,1
1,0.025,70,290
2,0.025,70,181
3,0.025,70,136
1,0.025,70,180
2,0.025,70,29
3,0.025,70,7
1,0.025,70,394
2,0.025,70,119
3,0.025,70,36
1,0.025,70,479
2,0.025,70,81
3,0.025,70,27
1,0.025,70,124
2,0.025,70,21
3,0.025,70,9
1,0.025,70,142
2,0.025,70,108
3,0.025,70,79
1,0.025,70,990
2,0.025,70,854
3,0.025,70,686
1,0.025,70,776
2,0.025,70,430
3,0.025,70,235
1,0.025,70,499
2,0.025,70,270
3,0.025,70,154
1,0.025,70,591
2,0.025,70,284
3,0.025,70,166
1,0.025,70,690
2,0.025,70,384
3,0.025,70,219
1,0.025,70,580
2,0.025,70,220
3,0.025,70,109
1,0.025,70,310
2,0.025,70,115
3,0.025,70,47
1,0.025,70,407
2,0.025,70,142
3,0.025,70,56
1,0.025,70,796
2,0.025,70,564
3,0.025,70,405
1,0.025,70,489
2,0.025,70,251
3,0.025,70,164
1,0.025,70,347
2,0.025,70,54
3,0.025,70,19
1,0.025,70,210
2,0.025,70,50
3,0.025,70,19
1,0.025,70,638
2,0.025,70,403
3,0.025,70,273
1,0.025,70,270
2,0.025,70,56
3,0.025,70,15
1,0.025,70,114
2,0.025,70,12
3,0.025,70,2
1,0.025,70,583
2,0.025,70,125
3,0.025,70,47
1,0.025,70,137
2,0.025,70,30
3,0.025,70,18
1,0.025,70,543
2,0.025,70,147
3,0.025,70,61
1,0.025,70,279
2,0.025,70,52
3,0.025,70,18
1,0.025,70,672
2,0.025,70,169
3,0.025,70,32
1,0.025,70,146
2,0.025,70,37
3,0.025,70,20
1,0.025,70,508
2,0.025,70,324
3,0.025,70,202
1,0.025,70,326
2,0.025,70,93
3,0.025,70,41
1,0.025,70,709
2,0.025,70,439
3,0.025,70,303
1,0.025,70,72
2,0.025,70,18
3,0.025,70,3
1,0.025,70,185
2,0.025,70,28
3,0.025,70,13
1,0.025,70,462
2,0.025,70,186
3,0.025,70,112
1,0.025,70,407
2,0.025,70,149
3,0.025,70,76
1,0.025,70,651
2,0.025,70,215
3,0.025,70,112
1,0.025,70,220
2,0.025,70,20
3,0.025,70,4
1,0.025,70,932
2,0.025,70,447
3,0.025,70,192
1,0.025,70,319
2,0.025,70,87
3,0.025,70,54
1,0.05,90,414
2,0.05,90,168
3,0.05,90,85
1,0.05,90,118
2,0.05,90,20
3,0.05,90,11
1,0.05,90,531
2,0.05,90,388
3,0.05,90,311
1,0.05,90,134
2,0.05,90,24
3,0.05,90,9
1,0.05,90,62
2,0.05,90,46
3,0.05,90,31
1,0.05,90,210
2,0.05,90,29
3,0.05,90,14
1,0.05,90,393
2,0.05,90,86
3,0.05,90,41
1,0.05,90,551
2,0.05,90,181
3,0.05,90,65
1,0.05,90,302
2,0.05,90,116
3,0.05,90,59
1,0.05,90,853
2,0.05,90,374
3,0.05,90,170
1,0.05,90,335
2,0.05,90,83
3,0.05,90,35
1,0.05,90,183
2,0.05,90,26
3,0.05,90,10
1,0.05,90,639
2,0.05,90,319
3,0.05,90,192
1,0.05,90,270
2,0.05,90,67
3,0.05,90,21
1,0.05,90,528
2,0.05,90,259
3,0.05,90,144
1,0.05,90,405
2,0.05,90,169
3,0.05,90,96
1,0.05,90,293
2,0.05,90,65
3,0.05,90,29
1,0.05,90,560
2,0.05,90,279
3,0.05,90,174
1,0.05,90,361
2,0.05,90,50
3,0.05,90,20
1,0.05,90,788
2,0.05,90,452
3,0.05,90,269
1,0.05,90,522
2,0.05,90,170
3,0.05,90,72
1,0.05,90,243
2,0.05,90,148
3,0.05,90,92
1,0.05,90,359
2,0.05,90,163
3,0.05,90,99
1,0.05,90,246
2,0.05,90,60
3,0.05,90,31
1,0.05,90,209
2,0.05,90,49
3,0.05,90,14
1,0.05,90,475
2,0.05,90,221
3,0.05,90,115
1,0.05,90,174
2,0.05,90,63
3,0.05,90,32
1,0.05,90,479
2,0.05,90,304
3,0.05,90,225
1,0.05,90,433
2,0.05,90,166
3,0.05,90,79
1,0.05,90,115
2,0.05,90,27
3,0.05,90,16
1,0.05,90,223
2,0.05,90,85
3,0.05,90,51
1,0.05,90,479
2,0.05,90,229
3,0.05,90,126
1,0.05,90,108
2,0.05,90,48
3,0.05,90,27
1,0.05,90,160
2,0.05,90,23
3,0.05,90,4
1,0.05,90,158
2,0.05,90,63
3,0.05,90,37
1,0.05,90,434
2,0.05,90,201
3,0.05,90,120
1,0.05,90,439
2,0.05,90,286
3,0.05,90,185
1,0.05,90,930
2,0.05,90,775
3,0.05,90,600
1,0.05,90,324
2,0.05,90,122
3,0.05,90,68
1,0.05,90,601
2,0.05,90,208
3,0.05,90,84
1,0.05,90,579
2,0.05,90,291
3,0.05,90,176
1,0.05,90,457
2,0.05,90,67
3,0.05,90,17
1,0.05,90,160
2,0.05,90,25
3,0.05,90,10
1,0.05,90,881
2,0.05,90,459
3,0.05,90,217
1,0.05,90,580
2,0.05,90,134
3,0.05,90,20
1,0.05,90,610
2,0.05,90,320
3,0.05,90,190
1,0.05,90,714
2,0.05,90,416
3,0.05,90,275
1,0.05,90,580
2,0.05,90,265
3,0.05,90,168
1,0.05,90,442
2,0.05,90,196
3,0.05,90,123
1,0.05,90,241
2,0.05,90,117
3,0.05,90,74
1,0.05,90,634
2,0.05,90,245
3,0.05,90,117
1,0.05,90,128
2,0.05,90,39
3,0.05,90,18
1,0.05,90,251
2,0.05,90,153
3,0.05,90,110
1,0.05,90,876
2,0.05,90,509
3,0.05,90,242
1,0.05,90,703
2,0.05,90,331
3,0.05,90,147
1,0.05,90,629
2,0.05,90,249
3,0.05,90,137
1,0.05,90,805
2,0.05,90,492
3,0.05,90,275
1,0.05,90,250
2,0.05,90,43
3,0.05,90,15
1,0.05,90,315
2,0.05,90,99
3,0.05,90,45
1,0.05,90,82
2,0.05,90,57
3,0.05,90,39
1,0.05,90,600
2,0.05,90,375
3,0.05,90,285
1,0.05,90,125
2,0.05,90,38
3,0.05,90,16
1,0.05,90,168
2,0.05,90,77
3,0.05,90,45
1,0.05,90,749
2,0.05,90,355
3,0.05,90,212
1,0.05,90,386
2,0.05,90,93
3,0.05,90,28
1,0.05,90,489
2,0.05,90,318
3,0.05,90,233
1,0.05,90,310
2,0.05,90,114
3,0.05,90,61
1,0.05,90,129
2,0.05,90,16
3,0.05,90,4
1,0.05,90,847
2,0.05,90,273
3,0.05,90,96
1,0.05,90,905
2,0.05,90,710
3,0.05,90,545
1,0.05,90,151
2,0.05,90,95
3,0.05,90,61
1,0.05,90,305
2,0.05,90,82
3,0.05,90,37
1,0.05,90,130
2,0.05,90,57
3,0.05,90,31
1,0.05,90,327
2,0.05,90,45
3,0.05,90,16
1,0.05,90,803
2,0.05,90,501
3,0.05,90,263
1,0.05,90,440
2,0.05,90,222
3,0.05,90,146
1,0.05,90,312
2,0.05,90,110
3,0.05,90,53
1,0.05,90,248
2,0.05,90,97
3,0.05,90,53
1,0.05,90,737
2,0.05,90,175
3,0.05,90,35
1,0.05,90,377
2,0.05,90,180
3,0.05,90,111
1,0.05,90,711
2,0.05,90,399
3,0.05,90,250
1,0.05,90,319
2,0.05,90,116
3,0.05,90,64
1,0.05,90,814
2,0.05,90,633
3,0.05,90,473
1,0.05,90,309
2,0.05,90,86
3,0.05,90,28
1,0.05,90,395
2,0.05,90,131
3,0.05,90,76
1,0.05,90,988
2,0.05,90,887
3,0.05,90,683
1,0.05,90,191
2,0.05,90,65
3,0.05,90,52
1,0.05,90,844
2,0.05,90,490
3,0.05,90,255
1,0.05,90,88
2,0.05,90,7
3,0.05,90,2
1,0.05,90,406
2,0.05,90,178
3,0.05,90,120
1,0.05,90,495
2,0.05,90,180
3,0.05,90,92
1,0.05,90,769
2,0.05,90,344
3,0.05,90,175
1,0.05,90,341
2,0.05,90,125
3,0.05,90,81
1,0.05,90,162
2,0.05,90,33
3,0.05,90,15
1,0.05,90,134
2,0.05,90,57
3,0.05,90,35
1,0.05,90,889
2,0.05,90,522
3,0.05,90,240
1,0.05,90,692
2,0.05,90,166
3,0.05,90,61
1,0.05,90,317
2,0.05,90,160
3,0.05,90,96
1,0.05,90,392
2,0.05,90,134
3,0.05,90,68
1,0.05,90,780
2,0.05,90,341
3,0.05,90,143
1,0.05,80,328
2,0.05,80,65
3,0.05,80,21
1,0.05,80,201
2,0.05,80,73
3,0.05,80,41
1,0.05,80,486
2,0.05,80,307
3,0.05,80,237
1,0.05,80,205
2,0.05,80,97
3,0.05,80,75
1,0.05,80,330
2,0.05,80,296
3,0.05,80,267
1,0.05,80,443
2,0.05,80,156
3,0.05,80,85
1,0.05,80,615
2,0.05,80,327
3,0.05,80,206
1,0.05,80,218
2,0.05,80,45
3,0.05,80,14
1,0.05,80,286
2,0.05,80,76
3,0.05,80,40
1,0.05,80,526
2,0.05,80,91
3,0.05,80,29
1,0.05,80,302
2,0.05,80,68
3,0.05,80,29
1,0.05,80,276
2,0.05,80,73
3,0.05,80,35
1,0.05,80,355
2,0.05,80,122
3,0.05,80,60
1,0.05,80,274
2,0.05,80,72
3,0.05,80,33
1,0.05,80,511
2,0.05,80,268
3,0.05,80,171
1,0.05,80,325
2,0.05,80,166
3,0.05,80,105
1,0.05,80,358
2,0.05,80,130
3,0.05,80,75
1,0.05,80,227
2,0.05,80,61
3,0.05,80,27
1,0.05,80,415
2,0.05,80,124
3,0.05,80,63
1,0.05,80,462
2,0.05,80,174
3,0.05,80,97
1,0.05,80,524
2,0.05,80,230
3,0.05,80,127
1,0.05,80,547
2,0.05,80,469
3,0.05,80,398
1,0.05,80,383
2,0.05,80,191
3,0.05,80,122
1,0.05,80,45
2,0.05,80,5
3,0.05,80,0
1,0.05,80,239
2,0.05,80,67
3,0.05,80,36
1,0.05,80,706
2,0.05,80,406
3,0.05,80,259
1,0.05,80,160
2,0.05,80,68
3,0.05,80,49
1,0.05,80,647
2,0.05,80,424
3,0.05,80,304
1,0.05,80,235
2,0.05,80,82
3,0.05,80,44
1,0.05,80,356
2,0.05,80,167
3,0.05,80,103
1,0.05,80,284
2,0.05,80,106
3,0.05,80,54
1,0.05,80,357
2,0.05,80,115
3,0.05,80,52
1,0.05,80,274
2,0.05,80,147
3,0.05,80,99
1,0.05,80,229
2,0.05,80,85
3,0.05,80,47
1,0.05,80,118
2,0.05,80,66
3,0.05,80,42
1,0.05,80,557
2,0.05,80,284
3,0.05,80,178
1,0.05,80,196
2,0.05,80,63
3,0.05,80,38
1,0.05,80,427
2,0.05,80,128
3,0.05,80,66
1,0.05,80,226
2,0.05,80,63
3,0.05,80,31
1,0.05,80,398
2,0.05,80,138
3,0.05,80,55
1,0.05,80,743
2,0.05,80,637
3,0.05,80,546
1,0.05,80,506
2,0.05,80,168
3,0.05,80,73
1,0.05,80,232
2,0.05,80,80
3,0.05,80,50
1,0.05,80,934
2,0.05,80,900
3,0.05,80,841
1,0.05,80,769
2,0.05,80,467
3,0.05,80,221
1,0.05,80,664
2,0.05,80,339
3,0.05,80,201
1,0.05,80,479
2,0.05,80,173
3,0.05,80,83
1,0.05,80,891
2,0.05,80,776
3,0.05,80,635
1,0.05,80,132
2,0.05,80,16
3,0.05,80,7
1,0.05,80,241
2,0.05,80,75
3,0.05,80,52
1,0.05,80,196
2,0.05,80,35
3,0.05,80,13
1,0.05,80,209
2,0.05,80,123
3,0.05,80,86
1,0.05,80,100
2,0.05,80,22
3,0.05,80,11
1,0.05,80,719
2,0.05,80,277
3,0.05,80,147
1,0.05,80,724
2,0.05,80,531
3,0.05,80,387
1,0.05,80,307
2,0.05,80,111
3,0.05,80,64
1,0.05,80,284
2,0.05,80,69
3,0.05,80,18
1,0.05,80,496
2,0.05,80,236
3,0.05,80,137
1,0.05,80,317
2,0.05,80,101
3,0.05,80,56
1,0.05,80,97
2,0.05,80,57
3,0.05,80,42
1,0.05,80,91
2,0.05,80,7
3,0.05,80,6
1,0.05,80,239
2,0.05,80,91
3,0.05,80,48
1,0.05,80,598
2,0.05,80,540
3,0.05,80,478
1,0.05,80,638
2,0.05,80,360
3,0.05,80,246
1,0.05,80,451
2,0.05,80,159
3,0.05,80,72
1,0.05,80,260
2,0.05,80,69
3,0.05,80,18
1,0.05,80,232
2,0.05,80,53
3,0.05,80,27
1,0.05,80,271
2,0.05,80,125
3,0.05,80,76
1,0.05,80,973
2,0.05,80,689
3,0.05,80,534
1,0.05,80,606
2,0.05,80,285
3,0.05,80,168
1,0.05,80,428
2,0.05,80,328
3,0.05,80,274
1,0.05,80,593
2,0.05,80,291
3,0.05,80,181
1,0.05,80,270
2,0.05,80,180
3,0.05,80,139
1,0.05,80,346
2,0.05,80,84
3,0.05,80,39
1,0.05,80,622
2,0.05,80,438
3,0.05,80,300
1,0.05,80,255
2,0.05,80,93
3,0.05,80,54
1,0.05,80,334
2,0.05,80,115
3,0.05,80,49
1,0.05,80,159
2,0.05,80,78
3,0.05,80,49
1,0.05,80,128
2,0.05,80,16
3,0.05,80,6
1,0.05,80,362
2,0.05,80,194
3,0.05,80,122
1,0.05,80,540
2,0.05,80,306
3,0.05,80,198
1,0.05,80,336
2,0.05,80,193
3,0.05,80,139
1,0.05,80,477
2,0.05,80,227
3,0.05,80,128
1,0.05,80,473
2,0.05,80,236
3,0.05,80,163
1,0.05,80,681
2,0.05,80,481
3,0.05,80,372
1,0.05,80,722
2,0.05,80,349
3,0.05,80,208
1,0.05,80,62
2,0.05,80,8
3,0.05,80,3
1,0.05,80,440
2,0.05,80,95
3,0.05,80,30
1,0.05,80,133
2,0.05,80,16
3,0.05,80,4
1,0.05,80,272
2,0.05,80,156
3,0.05,80,106
1,0.05,80,297
2,0.05,80,56
3,0.05,80,18
1,0.05,80,737
2,0.05,80,420
3,0.05,80,285
1,0.05,80,146
2,0.05,80,32
3,0.05,80,12
1,0.05,80,341
2,0.05,80,211
3,0.05,80,170
1,0.05,80,188
2,0.05,80,68
3,0.05,80,34
1,0.05,80,954
2,0.05,80,854
3,0.05,80,705
1,0.05,80,819
2,0.05,80,436
3,0.05,80,253
1,0.05,80,244
2,0.05,80,113
3,0.05,80,59
1,0.05,80,374
2,0.05,80,87
3,0.05,80,36
1,0.05,80,938
2,0.05,80,897
3,0.05,80,795
1,0.05,70,425
2,0.05,70,183
3,0.05,70,100
1,0.05,70,319
2,0.05,70,178
3,0.05,70,113
1,0.05,70,367
2,0.05,70,244
3,0.05,70,171
1,0.05,70,332
2,0.05,70,201
3,0.05,70,143
1,0.05,70,330
2,0.05,70,203
3,0.05,70,151
1,0.05,70,471
2,0.05,70,223
3,0.05,70,151
1,0.05,70,124
2,0.05,70,32
3,0.05,70,21
1,0.05,70,178
2,0.05,70,39
3,0.05,70,18
1,0.05,70,459
2,0.05,70,210
3,0.05,70,119
1,0.05,70,713
2,0.05,70,272
3,0.05,70,131
1,0.05,70,49
2,0.05,70,3
3,0.05,70,1
1,0.05,70,430
2,0.05,70,164
3,0.05,70,112
1,0.05,70,325
2,0.05,70,111
3,0.05,70,65
1,0.05,70,172
2,0.05,70,41
3,0.05,70,14
1,0.05,70,415
2,0.05,70,161
3,0.05,70,88
1,0.05,70,198
2,0.05,70,96
3,0.05,70,71
1,0.05,70,410
2,0.05,70,158
3,0.05,70,97
1,0.05,70,194
2,0.05,70,58
3,0.05,70,26
1,0.05,70,463
2,0.05,70,222
3,0.05,70,143
1,0.05,70,571
2,0.05,70,399
3,0.05,70,293
1,0.05,70,353
2,0.05,70,107
3,0.05,70,54
1,0.05,70,441
2,0.05,70,296
3,0.05,70,216
1,0.05,70,238
2,0.05,70,85
3,0.05,70,43
1,0.05,70,65
2,0.05,70,3
3,0.05,70,2
1,0.05,70,179
2,0.05,70,42
3,0.05,70,29
1,0.05,70,715
2,0.05,70,551
3,0.05,70,430
1,0.05,70,184
2,0.05,70,85
3,0.05,70,52
1,0.05,70,811
2,0.05,70,644
3,0.05,70,510
1,0.05,70,279
2,0.05,70,139
3,0.05,70,82
1,0.05,70,265
2,0.05,70,87
3,0.05,70,46
1,0.05,70,363
2,0.05,70,131
3,0.05,70,69
1,0.05,70,511
2,0.05,70,327
3,0.05,70,246
1,0.05,70,274
2,0.05,70,119
3,0.05,70,74
1,0.05,70,167
2,0.05,70,49
3,0.05,70,25
1,0.05,70,250
2,0.05,70,101
3,0.05,70,61
1,0.05,70,843
2,0.05,70,675
3,0.05,70,544
1,0.05,70,205
2,0.05,70,52
3,0.05,70,25
1,0.05,70,323
2,0.05,70,84
3,0.05,70,45
1,0.05,70,513
2,0.05,70,258
3,0.05,70,155
1,0.05,70,160
2,0.05,70,34
3,0.05,70,15
1,0.05,70,517
2,0.05,70,417
3,0.05,70,347
1,0.05,70,668
2,0.05,70,346
3,0.05,70,205
1,0.05,70,234
2,0.05,70,74
3,0.05,70,39
1,0.05,70,783
2,0.05,70,582
3,0.05,70,455
1,0.05,70,929
2,0.05,70,863
3,0.05,70,729
1,0.05,70,486
2,0.05,70,254
3,0.05,70,168
1,0.05,70,755
2,0.05,70,554
3,0.05,70,402
1,0.05,70,682
2,0.05,70,376
3,0.05,70,230
1,0.05,70,377
2,0.05,70,183
3,0.05,70,120
1,0.05,70,301
2,0.05,70,144
3,0.05,70,114
1,0.05,70,160
2,0.05,70,34
3,0.05,70,18
1,0.05,70,371
2,0.05,70,284
3,0.05,70,240
1,0.05,70,188
2,0.05,70,113
3,0.05,70,74
1,0.05,70,527
2,0.05,70,221
3,0.05,70,121
1,0.05,70,289
2,0.05,70,104
3,0.05,70,60
1,0.05,70,363
2,0.05,70,175
3,0.05,70,118
1,0.05,70,245
2,0.05,70,25
3,0.05,70,8
1,0.05,70,103
2,0.05,70,21
3,0.05,70,12
1,0.05,70,549
2,0.05,70,345
3,0.05,70,264
1,0.05,70,224
2,0.05,70,122
3,0.05,70,84
1,0.05,70,326
2,0.05,70,118
3,0.05,70,64
1,0.05,70,65
2,0.05,70,24
3,0.05,70,11
1,0.05,70,281
2,0.05,70,222
3,0.05,70,175
1,0.05,70,260
2,0.05,70,67
3,0.05,70,24
1,0.05,70,303
2,0.05,70,71
3,0.05,70,27
1,0.05,70,312
2,0.05,70,141
3,0.05,70,81
1,0.05,70,361
2,0.05,70,178
3,0.05,70,106
1,0.05,70,293
2,0.05,70,170
3,0.05,70,122
1,0.05,70,996
2,0.05,70,968
3,0.05,70,915
1,0.05,70,606
2,0.05,70,286
3,0.05,70,172
1,0.05,70,620
2,0.05,70,498
3,0.05,70,409
1,0.05,70,558
2,0.05,70,358
3,0.05,70,260
1,0.05,70,427
2,0.05,70,217
3,0.05,70,138
1,0.05,70,200
2,0.05,70,81
3,0.05,70,41
1,0.05,70,218
2,0.05,70,43
3,0.05,70,12
1,0.05,70,253
2,0.05,70,101
3,0.05,70,73
1,0.05,70,649
2,0.05,70,480
3,0.05,70,397
1,0.05,70,253
2,0.05,70,171
3,0.05,70,133
1,0.05,70,38
2,0.05,70,0
3,0.05,70,0
1,0.05,70,258
2,0.05,70,91
3,0.05,70,55
1,0.05,70,351
2,0.05,70,179
3,0.05,70,116
1,0.05,70,123
2,0.05,70,51
3,0.05,70,19
1,0.05,70,347
2,0.05,70,110
3,0.05,70,57
1,0.05,70,198
2,0.05,70,47
3,0.05,70,25
1,0.05,70,211
2,0.05,70,53
3,0.05,70,28
1,0.05,70,487
2,0.05,70,155
3,0.05,70,76
1,0.05,70,105
2,0.05,70,25
3,0.05,70,7
1,0.05,70,425
2,0.05,70,101
3,0.05,70,40
1,0.05,70,255
2,0.05,70,82
3,0.05,70,33
1,0.05,70,364
2,0.05,70,189
3,0.05,70,121
1,0.05,70,312
2,0.05,70,89
3,0.05,70,39
1,0.05,70,722
2,0.05,70,555
3,0.05,70,432
1,0.05,70,23
2,0.05,70,6
3,0.05,70,4
1,0.05,70,97
2,0.05,70,27
3,0.05,70,13
1,0.05,70,250
2,0.05,70,120
3,0.05,70,81
1,0.05,70,813
2,0.05,70,628
3,0.05,70,431
1,0.05,70,766
2,0.05,70,343
3,0.05,70,185
1,0.05,70,287
2,0.05,70,123
3,0.05,70,81
1,0.05,70,578
2,0.05,70,281
3,0.05,70,164
1,0.05,70,410
2,0.05,70,144
3,0.05,70,84
