1,0.025,11,122
2,0.025,11,530
3,0.025,11,54
1,0.025,11,31
2,0.025,11,187
3,0.025,11,10
1,0.025,11,352
2,0.025,11,705
3,0.025,11,181
1,0.025,11,276
2,0.025,11,683
3,0.025,11,134
1,0.025,11,259
2,0.025,11,838
3,0.025,11,94
1,0.025,11,275
2,0.025,11,693
3,0.025,11,136
1,0.025,11,61
2,0.025,11,263
3,0.025,11,28
1,0.025,11,211
2,0.025,11,611
3,0.025,11,97
1,0.025,11,559
2,0.025,11,918
3,0.025,11,294
1,0.025,11,966
2,0.025,11,996
3,0.025,11,642
1,0.025,11,640
2,0.025,11,834
3,0.025,11,403
1,0.025,11,141
2,0.025,11,656
3,0.025,11,58
1,0.025,11,389
2,0.025,11,858
3,0.025,11,166
1,0.025,11,918
2,0.025,11,984
3,0.025,11,637
1,0.025,11,452
2,0.025,11,968
3,0.025,11,81
1,0.025,11,937
2,0.025,11,999
3,0.025,11,635
1,0.025,11,728
2,0.025,11,945
3,0.025,11,437
1,0.025,11,380
2,0.025,11,681
3,0.025,11,224
1,0.025,11,110
2,0.025,11,466
3,0.025,11,51
1,0.025,11,122
2,0.025,11,549
3,0.025,11,45
1,0.025,11,930
2,0.025,11,1000
3,0.025,11,613
1,0.025,11,169
2,0.025,11,686
3,0.025,11,60
1,0.025,11,130
2,0.025,11,627
3,0.025,11,45
1,0.025,11,30
2,0.025,11,202
3,0.025,11,9
1,0.025,11,602
2,0.025,11,812
3,0.025,11,396
1,0.025,11,287
2,0.025,11,632
3,0.025,11,123
1,0.025,11,83
2,0.025,11,357
3,0.025,11,43
1,0.025,11,337
2,0.025,11,597
3,0.025,11,215
1,0.025,11,329
2,0.025,11,914
3,0.025,11,125
1,0.025,11,365
2,0.025,11,834
3,0.025,11,145
1,0.025,11,624
2,0.025,11,881
3,0.025,11,359
1,0.025,11,113
2,0.025,11,629
3,0.025,11,40
1,0.025,11,98
2,0.025,11,558
3,0.025,11,28
1,0.025,11,214
2,0.025,11,620
3,0.025,11,101
1,0.025,11,334
2,0.025,11,642
3,0.025,11,191
1,0.025,11,686
2,0.025,11,886
3,0.025,11,468
1,0.025,11,96
2,0.025,11,493
3,0.025,11,36
1,0.025,11,462
2,0.025,11,877
3,0.025,11,191
1,0.025,11,148
2,0.025,11,415
3,0.025,11,30
1,0.025,11,288
2,0.025,11,762
3,0.025,11,160
1,0.025,11,470
2,0.025,11,793
3,0.025,11,303
1,0.025,11,419
2,0.025,11,734
3,0.025,11,227
1,0.025,11,958
2,0.025,11,996
3,0.025,11,567
1,0.025,11,397
2,0.025,11,848
3,0.025,11,199
1,0.025,11,743
2,0.025,11,955
3,0.025,11,445
1,0.025,11,132
2,0.025,11,616
3,0.025,11,62
1,0.025,11,278
2,0.025,11,665
3,0.025,11,119
1,0.025,11,658
2,0.025,11,934
3,0.025,11,327
1,0.025,11,28
2,0.025,11,235
3,0.025,11,10
1,0.025,11,369
2,0.025,11,858
3,0.025,11,156
1,0.025,11,246
2,0.025,11,732
3,0.025,11,107
1,0.025,11,220
2,0.025,11,610
3,0.025,11,116
1,0.025,11,132
2,0.025,11,524
3,0.025,11,67
1,0.025,11,477
2,0.025,11,827
3,0.025,11,216
1,0.025,11,670
2,0.025,11,980
3,0.025,11,265
1,0.025,11,350
2,0.025,11,712
3,0.025,11,145
1,0.025,11,248
2,0.025,11,524
3,0.025,11,133
1,0.025,11,354
2,0.025,11,910
3,0.025,11,119
1,0.025,11,215
2,0.025,11,693
3,0.025,11,68
1,0.025,11,485
2,0.025,11,909
3,0.025,11,188
1,0.025,11,497
2,0.025,11,834
3,0.025,11,281
1,0.025,11,391
2,0.025,11,778
3,0.025,11,189
1,0.025,11,670
2,0.025,11,908
3,0.025,11,305
1,0.025,11,859
2,0.025,11,978
3,0.025,11,490
1,0.025,11,118
2,0.025,11,576
3,0.025,11,46
1,0.025,11,793
2,0.025,11,977
3,0.025,11,346
1,0.025,11,122
2,0.025,11,401
3,0.025,11,66
1,0.025,11,819
2,0.025,11,966
3,0.025,11,457
1,0.025,11,209
2,0.025,11,786
3,0.025,11,54
1,0.025,11,902
2,0.025,11,991
3,0.025,11,561
1,0.025,11,961
2,0.025,11,992
3,0.025,11,649
1,0.025,11,118
2,0.025,11,589
3,0.025,11,59
1,0.025,11,571
2,0.025,11,878
3,0.025,11,308
1,0.025,11,307
2,0.025,11,803
3,0.025,11,108
1,0.025,11,359
2,0.025,11,800
3,0.025,11,173
1,0.025,11,458
2,0.025,11,812
3,0.025,11,269
1,0.025,11,137
2,0.025,11,587
3,0.025,11,62
1,0.025,11,367
2,0.025,11,817
3,0.025,11,157
1,0.025,11,758
2,0.025,11,942
3,0.025,11,416
1,0.025,11,285
2,0.025,11,707
3,0.025,11,154
1,0.025,11,163
2,0.025,11,683
3,0.025,11,56
1,0.025,11,27
2,0.025,11,317
3,0.025,11,4
1,0.025,11,189
2,0.025,11,641
3,0.025,11,94
1,0.025,11,28
2,0.025,11,314
3,0.025,11,9
1,0.025,11,521
2,0.025,11,825
3,0.025,11,293
1,0.025,11,435
2,0.025,11,779
3,0.025,11,262
1,0.025,11,515
2,0.025,11,812
3,0.025,11,244
1,0.025,11,117
2,0.025,11,511
3,0.025,11,46
1,0.025,11,134
2,0.025,11,538
3,0.025,11,51
1,0.025,11,191
2,0.025,11,620
3,0.025,11,76
1,0.025,11,660
2,0.025,11,932
3,0.025,11,335
1,0.025,11,144
2,0.025,11,559
3,0.025,11,70
1,0.025,11,410
2,0.025,11,705
3,0.025,11,230
1,0.025,11,538
2,0.025,11,930
3,0.025,11,227
1,0.025,11,169
2,0.025,11,488
3,0.025,11,73
1,0.025,11,542
2,0.025,11,832
3,0.025,11,347
1,0.025,11,380
2,0.025,11,870
3,0.025,11,169
1,0.025,11,759
2,0.025,11,977
3,0.025,11,342
1,0.025,11,235
2,0.025,11,751
3,0.025,11,99
1,0.025,11,354
2,0.025,11,771
3,0.025,11,169
1,0.025,21,199
2,0.025,21,653
3,0.025,21,100
1,0.025,21,58
2,0.025,21,490
3,0.025,21,22
1,0.025,21,243
2,0.025,21,675
3,0.025,21,131
1,0.025,21,302
2,0.025,21,638
3,0.025,21,187
1,0.025,21,218
2,0.025,21,771
3,0.025,21,84
1,0.025,21,198
2,0.025,21,600
3,0.025,21,109
1,0.025,21,117
2,0.025,21,434
3,0.025,21,55
1,0.025,21,280
2,0.025,21,810
3,0.025,21,121
1,0.025,21,269
2,0.025,21,545
3,0.025,21,174
1,0.025,21,633
2,0.025,21,964
3,0.025,21,322
1,0.025,21,377
2,0.025,21,572
3,0.025,21,291
1,0.025,21,238
2,0.025,21,694
3,0.025,21,119
1,0.025,21,153
2,0.025,21,357
3,0.025,21,82
1,0.025,21,366
2,0.025,21,643
3,0.025,21,264
1,0.025,21,632
2,0.025,21,974
3,0.025,21,236
1,0.025,21,851
2,0.025,21,991
3,0.025,21,492
1,0.025,21,329
2,0.025,21,618
3,0.025,21,223
1,0.025,21,491
2,0.025,21,878
3,0.025,21,258
1,0.025,21,18
2,0.025,21,167
3,0.025,21,5
1,0.025,21,119
2,0.025,21,541
3,0.025,21,52
1,0.025,21,457
2,0.025,21,821
3,0.025,21,278
1,0.025,21,90
2,0.025,21,358
3,0.025,21,35
1,0.025,21,61
2,0.025,21,594
3,0.025,21,18
1,0.025,21,110
2,0.025,21,666
3,0.025,21,26
1,0.025,21,476
2,0.025,21,792
3,0.025,21,281
1,0.025,21,459
2,0.025,21,961
3,0.025,21,148
1,0.025,21,151
2,0.025,21,540
3,0.025,21,83
1,0.025,21,317
2,0.025,21,701
3,0.025,21,174
1,0.025,21,291
2,0.025,21,592
3,0.025,21,179
1,0.025,21,150
2,0.025,21,512
3,0.025,21,85
1,0.025,21,454
2,0.025,21,666
3,0.025,21,296
1,0.025,21,16
2,0.025,21,307
3,0.025,21,3
1,0.025,21,290
2,0.025,21,822
3,0.025,21,133
1,0.025,21,215
2,0.025,21,784
3,0.025,21,82
1,0.025,21,298
2,0.025,21,594
3,0.025,21,189
1,0.025,21,761
2,0.025,21,943
3,0.025,21,526
1,0.025,21,192
2,0.025,21,526
3,0.025,21,98
1,0.025,21,346
2,0.025,21,910
3,0.025,21,85
1,0.025,21,6
2,0.025,21,232
3,0.025,21,0
1,0.025,21,201
2,0.025,21,511
3,0.025,21,119
1,0.025,21,370
2,0.025,21,714
3,0.025,21,235
1,0.025,21,295
2,0.025,21,593
3,0.025,21,150
1,0.025,21,359
2,0.025,21,808
3,0.025,21,186
1,0.025,21,180
2,0.025,21,561
3,0.025,21,101
1,0.025,21,594
2,0.025,21,878
3,0.025,21,382
1,0.025,21,38
2,0.025,21,253
3,0.025,21,16
1,0.025,21,247
2,0.025,21,633
3,0.025,21,107
1,0.025,21,329
2,0.025,21,732
3,0.025,21,171
1,0.025,21,34
2,0.025,21,365
3,0.025,21,11
1,0.025,21,327
2,0.025,21,814
3,0.025,21,167
1,0.025,21,206
2,0.025,21,720
3,0.025,21,97
1,0.025,21,30
2,0.025,21,141
3,0.025,21,11
1,0.025,21,67
2,0.025,21,590
3,0.025,21,19
1,0.025,21,394
2,0.025,21,726
3,0.025,21,233
1,0.025,21,299
2,0.025,21,738
3,0.025,21,157
1,0.025,21,281
2,0.025,21,808
3,0.025,21,149
1,0.025,21,324
2,0.025,21,755
3,0.025,21,147
1,0.025,21,319
2,0.025,21,878
3,0.025,21,137
1,0.025,21,72
2,0.025,21,492
3,0.025,21,30
1,0.025,21,289
2,0.025,21,563
3,0.025,21,155
1,0.025,21,242
2,0.025,21,588
3,0.025,21,124
1,0.025,21,636
2,0.025,21,907
3,0.025,21,365
1,0.025,21,467
2,0.025,21,755
3,0.025,21,244
1,0.025,21,469
2,0.025,21,905
3,0.025,21,241
1,0.025,21,79
2,0.025,21,419
3,0.025,21,27
1,0.025,21,596
2,0.025,21,937
3,0.025,21,265
1,0.025,21,148
2,0.025,21,598
3,0.025,21,66
1,0.025,21,328
2,0.025,21,505
3,0.025,21,234
1,0.025,21,72
2,0.025,21,437
3,0.025,21,28
1,0.025,21,592
2,0.025,21,872
3,0.025,21,387
1,0.025,21,933
2,0.025,21,986
3,0.025,21,621
1,0.025,21,234
2,0.025,21,568
3,0.025,21,124
1,0.025,21,480
2,0.025,21,854
3,0.025,21,245
1,0.025,21,234
2,0.025,21,822
3,0.025,21,88
1,0.025,21,503
2,0.025,21,969
3,0.025,21,135
1,0.025,21,439
2,0.025,21,948
3,0.025,21,161
1,0.025,21,224
2,0.025,21,445
3,0.025,21,138
1,0.025,21,90
2,0.025,21,322
3,0.025,21,35
1,0.025,21,795
2,0.025,21,975
3,0.025,21,455
1,0.025,21,330
2,0.025,21,689
3,0.025,21,218
1,0.025,21,449
2,0.025,21,984
3,0.025,21,83
1,0.025,21,39
2,0.025,21,436
3,0.025,21,13
1,0.025,21,95
2,0.025,21,413
3,0.025,21,42
1,0.025,21,6
2,0.025,21,223
3,0.025,21,1
1,0.025,21,574
2,0.025,21,906
3,0.025,21,278
1,0.025,21,206
2,0.025,21,356
3,0.025,21,161
1,0.025,21,406
2,0.025,21,914
3,0.025,21,171
1,0.025,21,119
2,0.025,21,508
3,0.025,21,50
1,0.025,21,84
2,0.025,21,558
3,0.025,21,36
1,0.025,21,97
2,0.025,21,417
3,0.025,21,52
1,0.025,21,650
2,0.025,21,949
3,0.025,21,322
1,0.025,21,38
2,0.025,21,209
3,0.025,21,20
1,0.025,21,209
2,0.025,21,652
3,0.025,21,117
1,0.025,21,221
2,0.025,21,661
3,0.025,21,97
1,0.025,21,155
2,0.025,21,514
3,0.025,21,85
1,0.025,21,431
2,0.025,21,730
3,0.025,21,282
1,0.025,21,271
2,0.025,21,785
3,0.025,21,137
1,0.025,21,537
2,0.025,21,851
3,0.025,21,271
1,0.025,21,77
2,0.025,21,596
3,0.025,21,23
1,0.025,21,496
2,0.025,21,975
3,0.025,21,88
1,0.025,41,140
2,0.025,41,534
3,0.025,41,73
1,0.025,41,4
2,0.025,41,87
3,0.025,41,2
1,0.025,41,71
2,0.025,41,509
3,0.025,41,25
1,0.025,41,47
2,0.025,41,170
3,0.025,41,28
1,0.025,41,10
2,0.025,41,76
3,0.025,41,5
1,0.025,41,431
2,0.025,41,844
3,0.025,41,255
1,0.025,41,82
2,0.025,41,265
3,0.025,41,43
1,0.025,41,103
2,0.025,41,557
3,0.025,41,50
1,0.025,41,145
2,0.025,41,394
3,0.025,41,91
1,0.025,41,467
2,0.025,41,967
3,0.025,41,213
1,0.025,41,117
2,0.025,41,193
3,0.025,41,77
1,0.025,41,80
2,0.025,41,343
3,0.025,41,40
1,0.025,41,87
2,0.025,41,261
3,0.025,41,56
1,0.025,41,413
2,0.025,41,717
3,0.025,41,278
1,0.025,41,730
2,0.025,41,978
3,0.025,41,322
1,0.025,41,687
2,0.025,41,873
3,0.025,41,507
1,0.025,41,117
2,0.025,41,271
3,0.025,41,83
1,0.025,41,210
2,0.025,41,588
3,0.025,41,131
1,0.025,41,51
2,0.025,41,258
3,0.025,41,20
1,0.025,41,150
2,0.025,41,693
3,0.025,41,63
1,0.025,41,417
2,0.025,41,674
3,0.025,41,321
1,0.025,41,134
2,0.025,41,479
3,0.025,41,71
1,0.025,41,27
2,0.025,41,443
3,0.025,41,8
1,0.025,41,26
2,0.025,41,163
3,0.025,41,17
1,0.025,41,494
2,0.025,41,808
3,0.025,41,320
1,0.025,41,30
2,0.025,41,102
3,0.025,41,14
1,0.025,41,158
2,0.025,41,413
3,0.025,41,98
1,0.025,41,194
2,0.025,41,762
3,0.025,41,81
1,0.025,41,186
2,0.025,41,671
3,0.025,41,82
1,0.025,41,61
2,0.025,41,764
3,0.025,41,16
1,0.025,41,115
2,0.025,41,193
3,0.025,41,74
1,0.025,41,20
2,0.025,41,348
3,0.025,41,1
1,0.025,41,177
2,0.025,41,711
3,0.025,41,73
1,0.025,41,168
2,0.025,41,431
3,0.025,41,110
1,0.025,41,144
2,0.025,41,372
3,0.025,41,89
1,0.025,41,427
2,0.025,41,595
3,0.025,41,326
1,0.025,41,87
2,0.025,41,372
3,0.025,41,49
1,0.025,41,109
2,0.025,41,446
3,0.025,41,45
1,0.025,41,0
2,0.025,41,243
3,0.025,41,0
1,0.025,41,158
2,0.025,41,492
3,0.025,41,87
1,0.025,41,135
2,0.025,41,485
3,0.025,41,78
1,0.025,41,273
2,0.025,41,609
3,0.025,41,161
1,0.025,41,161
2,0.025,41,304
3,0.025,41,107
1,0.025,41,80
2,0.025,41,242
3,0.025,41,35
1,0.025,41,756
2,0.025,41,976
3,0.025,41,457
1,0.025,41,86
2,0.025,41,326
3,0.025,41,41
1,0.025,41,27
2,0.025,41,191
3,0.025,41,13
1,0.025,41,333
2,0.025,41,822
3,0.025,41,161
1,0.025,41,43
2,0.025,41,458
3,0.025,41,16
1,0.025,41,468
2,0.025,41,952
3,0.025,41,166
1,0.025,41,68
2,0.025,41,371
3,0.025,41,28
1,0.025,41,10
2,0.025,41,74
3,0.025,41,4
1,0.025,41,111
2,0.025,41,650
3,0.025,41,38
1,0.025,41,392
2,0.025,41,768
3,0.025,41,223
1,0.025,41,202
2,0.025,41,515
3,0.025,41,120
1,0.025,41,122
2,0.025,41,357
3,0.025,41,78
1,0.025,41,3
2,0.025,41,71
3,0.025,41,1
1,0.025,41,129
2,0.025,41,399
3,0.025,41,77
1,0.025,41,48
2,0.025,41,417
3,0.025,41,18
1,0.025,41,158
2,0.025,41,392
3,0.025,41,88
1,0.025,41,251
2,0.025,41,754
3,0.025,41,125
1,0.025,41,456
2,0.025,41,792
3,0.025,41,301
1,0.025,41,214
2,0.025,41,524
3,0.025,41,145
1,0.025,41,303
2,0.025,41,723
3,0.025,41,186
1,0.025,41,90
2,0.025,41,633
3,0.025,41,27
1,0.025,41,152
2,0.025,41,382
3,0.025,41,97
1,0.025,41,54
2,0.025,41,479
3,0.025,41,28
1,0.025,41,145
2,0.025,41,434
3,0.025,41,78
1,0.025,41,13
2,0.025,41,171
3,0.025,41,4
1,0.025,41,424
2,0.025,41,602
3,0.025,41,332
1,0.025,41,76
2,0.025,41,226
3,0.025,41,45
1,0.025,41,307
2,0.025,41,630
3,0.025,41,188
1,0.025,41,137
2,0.025,41,291
3,0.025,41,84
1,0.025,41,68
2,0.025,41,221
3,0.025,41,37
1,0.025,41,91
2,0.025,41,369
3,0.025,41,42
1,0.025,41,418
2,0.025,41,908
3,0.025,41,204
1,0.025,41,49
2,0.025,41,214
3,0.025,41,21
1,0.025,41,66
2,0.025,41,363
3,0.025,41,32
1,0.025,41,686
2,0.025,41,939
3,0.025,41,417
1,0.025,41,253
2,0.025,41,671
3,0.025,41,145
1,0.025,41,95
2,0.025,41,234
3,0.025,41,54
1,0.025,41,27
2,0.025,41,224
3,0.025,41,9
1,0.025,41,27
2,0.025,41,275
3,0.025,41,10
1,0.025,41,30
2,0.025,41,283
3,0.025,41,8
1,0.025,41,347
2,0.025,41,593
3,0.025,41,216
1,0.025,41,135
2,0.025,41,428
3,0.025,41,74
1,0.025,41,29
2,0.025,41,55
3,0.025,41,18
1,0.025,41,17
2,0.025,41,156
3,0.025,41,9
1,0.025,41,103
2,0.025,41,763
3,0.025,41,28
1,0.025,41,67
2,0.025,41,325
3,0.025,41,17
1,0.025,41,362
2,0.025,41,569
3,0.025,41,272
1,0.025,41,20
2,0.025,41,302
3,0.025,41,7
1,0.025,41,320
2,0.025,41,587
3,0.025,41,221
1,0.025,41,243
2,0.025,41,782
3,0.025,41,84
1,0.025,41,99
2,0.025,41,549
3,0.025,41,35
1,0.025,41,176
2,0.025,41,543
3,0.025,41,96
1,0.025,41,90
2,0.025,41,286
3,0.025,41,52
1,0.025,41,149
2,0.025,41,470
3,0.025,41,88
1,0.025,41,53
2,0.025,41,482
3,0.025,41,31
1,0.025,41,86
2,0.025,41,177
3,0.025,41,42
1,0.025,81,28
2,0.025,81,252
3,0.025,81,10
1,0.025,81,32
2,0.025,81,239
3,0.025,81,16
1,0.025,81,28
2,0.025,81,186
3,0.025,81,13
1,0.025,81,32
2,0.025,81,146
3,0.025,81,16
1,0.025,81,6
2,0.025,81,74
3,0.025,81,3
1,0.025,81,526
2,0.025,81,912
3,0.025,81,313
1,0.025,81,38
2,0.025,81,137
3,0.025,81,18
1,0.025,81,60
2,0.025,81,175
3,0.025,81,23
1,0.025,81,159
2,0.025,81,432
3,0.025,81,99
1,0.025,81,98
2,0.025,81,249
3,0.025,81,60
1,0.025,81,53
2,0.025,81,102
3,0.025,81,39
1,0.025,81,57
2,0.025,81,458
3,0.025,81,21
1,0.025,81,126
2,0.025,81,327
3,0.025,81,76
1,0.025,81,182
2,0.025,81,524
3,0.025,81,124
1,0.025,81,179
2,0.025,81,567
3,0.025,81,94
1,0.025,81,495
2,0.025,81,690
3,0.025,81,398
1,0.025,81,54
2,0.025,81,106
3,0.025,81,38
1,0.025,81,59
2,0.025,81,215
3,0.025,81,32
1,0.025,81,17
2,0.025,81,128
3,0.025,81,5
1,0.025,81,27
2,0.025,81,102
3,0.025,81,9
1,0.025,81,38
2,0.025,81,68
3,0.025,81,20
1,0.025,81,43
2,0.025,81,138
3,0.025,81,23
1,0.025,81,11
2,0.025,81,313
3,0.025,81,5
1,0.025,81,43
2,0.025,81,238
3,0.025,81,25
1,0.025,81,186
2,0.025,81,431
3,0.025,81,119
1,0.025,81,102
2,0.025,81,877
3,0.025,81,28
1,0.025,81,262
2,0.025,81,595
3,0.025,81,149
1,0.025,81,135
2,0.025,81,427
3,0.025,81,85
1,0.025,81,73
2,0.025,81,272
3,0.025,81,46
1,0.025,81,40
2,0.025,81,206
3,0.025,81,18
1,0.025,81,32
2,0.025,81,214
3,0.025,81,17
1,0.025,81,4
2,0.025,81,294
3,0.025,81,0
1,0.025,81,69
2,0.025,81,428
3,0.025,81,33
1,0.025,81,14
2,0.025,81,108
3,0.025,81,6
1,0.025,81,17
2,0.025,81,97
3,0.025,81,7
1,0.025,81,166
2,0.025,81,308
3,0.025,81,129
1,0.025,81,63
2,0.025,81,356
3,0.025,81,33
1,0.025,81,144
2,0.025,81,368
3,0.025,81,84
1,0.025,81,18
2,0.025,81,322
3,0.025,81,8
1,0.025,81,56
2,0.025,81,259
3,0.025,81,36
1,0.025,81,169
2,0.025,81,421
3,0.025,81,111
1,0.025,81,195
2,0.025,81,497
3,0.025,81,120
1,0.025,81,10
2,0.025,81,73
3,0.025,81,6
1,0.025,81,12
2,0.025,81,208
3,0.025,81,4
1,0.025,81,257
2,0.025,81,429
3,0.025,81,191
1,0.025,81,149
2,0.025,81,484
3,0.025,81,89
1,0.025,81,44
2,0.025,81,232
3,0.025,81,22
1,0.025,81,97
2,0.025,81,290
3,0.025,81,51
1,0.025,81,21
2,0.025,81,249
3,0.025,81,7
1,0.025,81,140
2,0.025,81,492
3,0.025,81,80
1,0.025,81,7
2,0.025,81,17
3,0.025,81,3
1,0.025,81,10
2,0.025,81,76
3,0.025,81,3
1,0.025,81,34
2,0.025,81,216
3,0.025,81,9
1,0.025,81,229
2,0.025,81,670
3,0.025,81,141
1,0.025,81,227
2,0.025,81,732
3,0.025,81,112
1,0.025,81,259
2,0.025,81,632
3,0.025,81,187
1,0.025,81,21
2,0.025,81,222
3,0.025,81,11
1,0.025,81,137
2,0.025,81,376
3,0.025,81,74
1,0.025,81,20
2,0.025,81,204
3,0.025,81,7
1,0.025,81,88
2,0.025,81,319
3,0.025,81,31
1,0.025,81,141
2,0.025,81,646
3,0.025,81,56
1,0.025,81,364
2,0.025,81,773
3,0.025,81,261
1,0.025,81,153
2,0.025,81,453
3,0.025,81,80
1,0.025,81,41
2,0.025,81,150
3,0.025,81,14
1,0.025,81,110
2,0.025,81,435
3,0.025,81,59
1,0.025,81,145
2,0.025,81,637
3,0.025,81,75
1,0.025,81,46
2,0.025,81,357
3,0.025,81,13
1,0.025,81,53
2,0.025,81,188
3,0.025,81,34
1,0.025,81,11
2,0.025,81,156
3,0.025,81,2
1,0.025,81,370
2,0.025,81,803
3,0.025,81,214
1,0.025,81,24
2,0.025,81,72
3,0.025,81,17
1,0.025,81,126
2,0.025,81,493
3,0.025,81,62
1,0.025,81,29
2,0.025,81,205
3,0.025,81,14
1,0.025,81,9
2,0.025,81,94
3,0.025,81,4
1,0.025,81,150
2,0.025,81,404
3,0.025,81,99
1,0.025,81,118
2,0.025,81,412
3,0.025,81,63
1,0.025,81,120
2,0.025,81,420
3,0.025,81,57
1,0.025,81,238
2,0.025,81,796
3,0.025,81,94
1,0.025,81,205
2,0.025,81,482
3,0.025,81,135
1,0.025,81,9
2,0.025,81,105
3,0.025,81,4
1,0.025,81,11
2,0.025,81,59
3,0.025,81,1
1,0.025,81,11
2,0.025,81,168
3,0.025,81,3
1,0.025,81,3
2,0.025,81,90
3,0.025,81,0
1,0.025,81,0
2,0.025,81,21
3,0.025,81,0
1,0.025,81,42
2,0.025,81,285
3,0.025,81,18
1,0.025,81,54
2,0.025,81,155
3,0.025,81,30
1,0.025,81,4
2,0.025,81,58
3,0.025,81,3
1,0.025,81,84
2,0.025,81,474
3,0.025,81,34
1,0.025,81,264
2,0.025,81,573
3,0.025,81,163
1,0.025,81,25
2,0.025,81,181
3,0.025,81,12
1,0.025,81,95
2,0.025,81,271
3,0.025,81,54
1,0.025,81,7
2,0.025,81,104
3,0.025,81,3
1,0.025,81,155
2,0.025,81,389
3,0.025,81,106
1,0.025,81,123
2,0.025,81,460
3,0.025,81,62
1,0.025,81,101
2,0.025,81,385
3,0.025,81,53
1,0.025,81,144
2,0.025,81,255
3,0.025,81,86
1,0.025,81,175
2,0.025,81,529
3,0.025,81,84
1,0.025,81,82
2,0.025,81,218
3,0.025,81,56
1,0.025,81,2
2,0.025,81,45
3,0.025,81,0
1,0.025,81,79
2,0.025,81,293
3,0.025,81,42
1,0.025,101,30
2,0.025,101,180
3,0.025,101,14
1,0.025,101,7
2,0.025,101,79
3,0.025,101,4
1,0.025,101,24
2,0.025,101,154
3,0.025,101,10
1,0.025,101,17
2,0.025,101,75
3,0.025,101,9
1,0.025,101,99
2,0.025,101,421
3,0.025,101,52
1,0.025,101,173
2,0.025,101,571
3,0.025,101,98
1,0.025,101,24
2,0.025,101,157
3,0.025,101,12
1,0.025,101,12
2,0.025,101,120
3,0.025,101,7
1,0.025,101,96
2,0.025,101,201
3,0.025,101,61
1,0.025,101,130
2,0.025,101,264
3,0.025,101,85
1,0.025,101,16
2,0.025,101,95
3,0.025,101,5
1,0.025,101,0
2,0.025,101,26
3,0.025,101,0
1,0.025,101,41
2,0.025,101,260
3,0.025,101,19
1,0.025,101,192
2,0.025,101,406
3,0.025,101,147
1,0.025,101,44
2,0.025,101,273
3,0.025,101,21
1,0.025,101,135
2,0.025,101,237
3,0.025,101,108
1,0.025,101,154
2,0.025,101,231
3,0.025,101,103
1,0.025,101,74
2,0.025,101,237
3,0.025,101,47
1,0.025,101,0
2,0.025,101,33
3,0.025,101,0
1,0.025,101,9
2,0.025,101,79
3,0.025,101,4
1,0.025,101,97
2,0.025,101,178
3,0.025,101,68
1,0.025,101,42
2,0.025,101,217
3,0.025,101,16
1,0.025,101,59
2,0.025,101,346
3,0.025,101,29
1,0.025,101,23
2,0.025,101,428
3,0.025,101,9
1,0.025,101,161
2,0.025,101,398
3,0.025,101,112
1,0.025,101,51
2,0.025,101,285
3,0.025,101,23
1,0.025,101,116
2,0.025,101,287
3,0.025,101,73
1,0.025,101,273
2,0.025,101,560
3,0.025,101,149
1,0.025,101,132
2,0.025,101,370
3,0.025,101,90
1,0.025,101,18
2,0.025,101,253
3,0.025,101,5
1,0.025,101,16
2,0.025,101,265
3,0.025,101,3
1,0.025,101,9
2,0.025,101,136
3,0.025,101,3
1,0.025,101,3
2,0.025,101,45
3,0.025,101,1
1,0.025,101,29
2,0.025,101,249
3,0.025,101,17
1,0.025,101,71
2,0.025,101,392
3,0.025,101,36
1,0.025,101,478
2,0.025,101,745
3,0.025,101,347
1,0.025,101,29
2,0.025,101,75
3,0.025,101,17
1,0.025,101,62
2,0.025,101,247
3,0.025,101,37
1,0.025,101,133
2,0.025,101,1000
3,0.025,101,2
1,0.025,101,20
2,0.025,101,113
3,0.025,101,9
1,0.025,101,20
2,0.025,101,52
3,0.025,101,14
1,0.025,101,41
2,0.025,101,114
3,0.025,101,26
1,0.025,101,172
2,0.025,101,387
3,0.025,101,121
1,0.025,101,51
2,0.025,101,198
3,0.025,101,23
1,0.025,101,513
2,0.025,101,985
3,0.025,101,209
1,0.025,101,86
2,0.025,101,454
3,0.025,101,48
1,0.025,101,75
2,0.025,101,356
3,0.025,101,31
1,0.025,101,26
2,0.025,101,128
3,0.025,101,12
1,0.025,101,11
2,0.025,101,280
3,0.025,101,4
1,0.025,101,59
2,0.025,101,306
3,0.025,101,24
1,0.025,101,16
2,0.025,101,156
3,0.025,101,5
1,0.025,101,32
2,0.025,101,280
3,0.025,101,17
1,0.025,101,11
2,0.025,101,113
3,0.025,101,3
1,0.025,101,123
2,0.025,101,339
3,0.025,101,79
1,0.025,101,42
2,0.025,101,264
3,0.025,101,26
1,0.025,101,97
2,0.025,101,293
3,0.025,101,65
1,0.025,101,73
2,0.025,101,342
3,0.025,101,34
1,0.025,101,105
2,0.025,101,305
3,0.025,101,63
1,0.025,101,10
2,0.025,101,178
3,0.025,101,0
1,0.025,101,37
2,0.025,101,265
3,0.025,101,13
1,0.025,101,112
2,0.025,101,394
3,0.025,101,67
1,0.025,101,148
2,0.025,101,350
3,0.025,101,95
1,0.025,101,224
2,0.025,101,456
3,0.025,101,156
1,0.025,101,112
2,0.025,101,424
3,0.025,101,59
1,0.025,101,35
2,0.025,101,213
3,0.025,101,23
1,0.025,101,113
2,0.025,101,440
3,0.025,101,64
1,0.025,101,29
2,0.025,101,428
3,0.025,101,18
1,0.025,101,139
2,0.025,101,559
3,0.025,101,86
1,0.025,101,156
2,0.025,101,811
3,0.025,101,39
1,0.025,101,150
2,0.025,101,257
3,0.025,101,101
1,0.025,101,9
2,0.025,101,81
3,0.025,101,3
1,0.025,101,53
2,0.025,101,214
3,0.025,101,36
1,0.025,101,36
2,0.025,101,112
3,0.025,101,27
1,0.025,101,16
2,0.025,101,703
3,0.025,101,2
1,0.025,101,84
2,0.025,101,440
3,0.025,101,38
1,0.025,101,266
2,0.025,101,477
3,0.025,101,200
1,0.025,101,5
2,0.025,101,59
3,0.025,101,0
1,0.025,101,143
2,0.025,101,399
3,0.025,101,99
1,0.025,101,263
2,0.025,101,608
3,0.025,101,185
1,0.025,101,13
2,0.025,101,65
3,0.025,101,5
1,0.025,101,48
2,0.025,101,85
3,0.025,101,25
1,0.025,101,47
2,0.025,101,276
3,0.025,101,20
1,0.025,101,19
2,0.025,101,259
3,0.025,101,5
1,0.025,101,14
2,0.025,101,172
3,0.025,101,8
1,0.025,101,0
2,0.025,101,971
3,0.025,101,0
1,0.025,101,50
2,0.025,101,131
3,0.025,101,31
1,0.025,101,92
2,0.025,101,369
3,0.025,101,61
1,0.025,101,27
2,0.025,101,121
3,0.025,101,13
1,0.025,101,61
2,0.025,101,356
3,0.025,101,33
1,0.025,101,69
2,0.025,101,319
3,0.025,101,26
1,0.025,101,312
2,0.025,101,851
3,0.025,101,180
1,0.025,101,11
2,0.025,101,73
3,0.025,101,4
1,0.025,101,296
2,0.025,101,572
3,0.025,101,206
1,0.025,101,57
2,0.025,101,218
3,0.025,101,40
1,0.025,101,48
2,0.025,101,196
3,0.025,101,20
1,0.025,101,45
2,0.025,101,130
3,0.025,101,33
1,0.025,101,52
2,0.025,101,126
3,0.025,101,25
1,0.025,101,9
2,0.025,101,69
3,0.025,101,2
1,0.025,101,11
2,0.025,101,92
3,0.025,101,4
1,0.025,101,67
2,0.025,101,218
3,0.025,101,39
1,0.025,201,2
2,0.025,201,33
3,0.025,201,1
1,0.025,201,14
2,0.025,201,236
3,0.025,201,3
1,0.025,201,0
2,0.025,201,0
3,0.025,201,0
1,0.025,201,11
2,0.025,201,153
3,0.025,201,5
1,0.025,201,22
2,0.025,201,87
3,0.025,201,7
1,0.025,201,130
2,0.025,201,289
3,0.025,201,85
1,0.025,201,0
2,0.025,201,17
3,0.025,201,0
1,0.025,201,2
2,0.025,201,35
3,0.025,201,1
1,0.025,201,239
2,0.025,201,610
3,0.025,201,159
1,0.025,201,9
2,0.025,201,108
3,0.025,201,4
1,0.025,201,5
2,0.025,201,36
3,0.025,201,1
1,0.025,201,3
2,0.025,201,18
3,0.025,201,3
1,0.025,201,19
2,0.025,201,142
3,0.025,201,9
1,0.025,201,177
2,0.025,201,319
3,0.025,201,130
1,0.025,201,4
2,0.025,201,85
3,0.025,201,2
1,0.025,201,18
2,0.025,201,43
3,0.025,201,11
1,0.025,201,75
2,0.025,201,173
3,0.025,201,48
1,0.025,201,0
2,0.025,201,6
3,0.025,201,0
1,0.025,201,0
2,0.025,201,27
3,0.025,201,0
1,0.025,201,46
2,0.025,201,395
3,0.025,201,19
1,0.025,201,8
2,0.025,201,63
3,0.025,201,4
1,0.025,201,10
2,0.025,201,104
3,0.025,201,5
1,0.025,201,8
2,0.025,201,31
3,0.025,201,1
1,0.025,201,2
2,0.025,201,40
3,0.025,201,2
1,0.025,201,0
2,0.025,201,56
3,0.025,201,0
1,0.025,201,4
2,0.025,201,42
3,0.025,201,1
1,0.025,201,0
2,0.025,201,19
3,0.025,201,0
1,0.025,201,6
2,0.025,201,36
3,0.025,201,1
1,0.025,201,101
2,0.025,201,267
3,0.025,201,63
1,0.025,201,30
2,0.025,201,196
3,0.025,201,14
1,0.025,201,0
2,0.025,201,34
3,0.025,201,0
1,0.025,201,2
2,0.025,201,27
3,0.025,201,0
1,0.025,201,1
2,0.025,201,14
3,0.025,201,0
1,0.025,201,24
2,0.025,201,187
3,0.025,201,9
1,0.025,201,39
2,0.025,201,173
3,0.025,201,24
1,0.025,201,435
2,0.025,201,614
3,0.025,201,328
1,0.025,201,35
2,0.025,201,166
3,0.025,201,18
1,0.025,201,122
2,0.025,201,350
3,0.025,201,76
1,0.025,201,4
2,0.025,201,67
3,0.025,201,0
1,0.025,201,27
2,0.025,201,72
3,0.025,201,14
1,0.025,201,0
2,0.025,201,0
3,0.025,201,0
1,0.025,201,64
2,0.025,201,245
3,0.025,201,40
1,0.025,201,46
2,0.025,201,160
3,0.025,201,23
1,0.025,201,46
2,0.025,201,303
3,0.025,201,17
1,0.025,201,45
2,0.025,201,138
3,0.025,201,28
1,0.025,201,47
2,0.025,201,238
3,0.025,201,18
1,0.025,201,45
2,0.025,201,224
3,0.025,201,26
1,0.025,201,14
2,0.025,201,114
3,0.025,201,7
1,0.025,201,1
2,0.025,201,89
3,0.025,201,1
1,0.025,201,7
2,0.025,201,73
3,0.025,201,3
1,0.025,201,0
2,0.025,201,6
3,0.025,201,0
1,0.025,201,0
2,0.025,201,0
3,0.025,201,0
1,0.025,201,5
2,0.025,201,72
3,0.025,201,2
1,0.025,201,34
2,0.025,201,118
3,0.025,201,18
1,0.025,201,139
2,0.025,201,394
3,0.025,201,73
1,0.025,201,119
2,0.025,201,399
3,0.025,201,62
1,0.025,201,3
2,0.025,201,69
3,0.025,201,1
1,0.025,201,35
2,0.025,201,208
3,0.025,201,26
1,0.025,201,154
2,0.025,201,863
3,0.025,201,61
1,0.025,201,14
2,0.025,201,65
3,0.025,201,9
1,0.025,201,2
2,0.025,201,39
3,0.025,201,0
1,0.025,201,122
2,0.025,201,272
3,0.025,201,89
1,0.025,201,41
2,0.025,201,226
3,0.025,201,21
1,0.025,201,0
2,0.025,201,959
3,0.025,201,0
1,0.025,201,2
2,0.025,201,32
3,0.025,201,2
1,0.025,201,2
2,0.025,201,2
3,0.025,201,1
1,0.025,201,13
2,0.025,201,64
3,0.025,201,7
1,0.025,201,9
2,0.025,201,24
3,0.025,201,5
1,0.025,201,17
2,0.025,201,166
3,0.025,201,9
1,0.025,201,23
2,0.025,201,51
3,0.025,201,16
1,0.025,201,2
2,0.025,201,14
3,0.025,201,0
1,0.025,201,31
2,0.025,201,131
3,0.025,201,18
1,0.025,201,11
2,0.025,201,75
3,0.025,201,4
1,0.025,201,8
2,0.025,201,40
3,0.025,201,6
1,0.025,201,5
2,0.025,201,49
3,0.025,201,1
1,0.025,201,227
2,0.025,201,439
3,0.025,201,177
1,0.025,201,0
2,0.025,201,54
3,0.025,201,0
1,0.025,201,24
2,0.025,201,182
3,0.025,201,11
1,0.025,201,104
2,0.025,201,258
3,0.025,201,63
1,0.025,201,47
2,0.025,201,159
3,0.025,201,31
1,0.025,201,31
2,0.025,201,151
3,0.025,201,17
1,0.025,201,14
2,0.025,201,53
3,0.025,201,4
1,0.025,201,29
2,0.025,201,199
3,0.025,201,13
1,0.025,201,4
2,0.025,201,89
3,0.025,201,1
1,0.025,201,284
2,0.025,201,960
3,0.025,201,80
1,0.025,201,204
2,0.025,201,459
3,0.025,201,146
1,0.025,201,41
2,0.025,201,300
3,0.025,201,14
1,0.025,201,14
2,0.025,201,153
3,0.025,201,11
1,0.025,201,46
2,0.025,201,623
3,0.025,201,19
1,0.025,201,0
2,0.025,201,39
3,0.025,201,0
1,0.025,201,227
2,0.025,201,419
3,0.025,201,175
1,0.025,201,9
2,0.025,201,59
3,0.025,201,5
1,0.025,201,0
2,0.025,201,972
3,0.025,201,0
1,0.025,201,52
2,0.025,201,313
3,0.025,201,29
1,0.025,201,5
2,0.025,201,36
3,0.025,201,2
1,0.025,201,54
2,0.025,201,187
3,0.025,201,31
1,0.025,201,2
2,0.025,201,79
3,0.025,201,2
1,0.025,201,54
2,0.025,201,393
3,0.025,201,25
1,0.025,201,3
2,0.025,201,12
3,0.025,201,0
1,0.025,201,2
2,0.025,201,34
3,0.025,201,0
1,0.05,11,92
2,0.05,11,382
3,0.05,11,50
1,0.05,11,11
2,0.05,11,106
3,0.05,11,2
1,0.05,11,239
2,0.05,11,648
3,0.05,11,120
1,0.05,11,162
2,0.05,11,488
3,0.05,11,78
1,0.05,11,124
2,0.05,11,395
3,0.05,11,54
1,0.05,11,186
2,0.05,11,432
3,0.05,11,98
1,0.05,11,55
2,0.05,11,229
3,0.05,11,26
1,0.05,11,78
2,0.05,11,359
3,0.05,11,31
1,0.05,11,423
2,0.05,11,684
3,0.05,11,262
1,0.05,11,690
2,0.05,11,900
3,0.05,11,460
1,0.05,11,438
2,0.05,11,637
3,0.05,11,297
1,0.05,11,60
2,0.05,11,265
3,0.05,11,23
1,0.05,11,230
2,0.05,11,636
3,0.05,11,99
1,0.05,11,424
2,0.05,11,689
3,0.05,11,253
1,0.05,11,195
2,0.05,11,646
3,0.05,11,91
1,0.05,11,819
2,0.05,11,910
3,0.05,11,599
1,0.05,11,545
2,0.05,11,861
3,0.05,11,328
1,0.05,11,201
2,0.05,11,378
3,0.05,11,129
1,0.05,11,83
2,0.05,11,278
3,0.05,11,47
1,0.05,11,86
2,0.05,11,385
3,0.05,11,40
1,0.05,11,972
2,0.05,11,998
3,0.05,11,850
1,0.05,11,95
2,0.05,11,406
3,0.05,11,46
1,0.05,11,123
2,0.05,11,448
3,0.05,11,45
1,0.05,11,12
2,0.05,11,96
3,0.05,11,3
1,0.05,11,515
2,0.05,11,839
3,0.05,11,317
1,0.05,11,163
2,0.05,11,445
3,0.05,11,94
1,0.05,11,75
2,0.05,11,293
3,0.05,11,28
1,0.05,11,294
2,0.05,11,627
3,0.05,11,176
1,0.05,11,143
2,0.05,11,523
3,0.05,11,48
1,0.05,11,227
2,0.05,11,506
3,0.05,11,111
1,0.05,11,343
2,0.05,11,703
3,0.05,11,211
1,0.05,11,31
2,0.05,11,177
3,0.05,11,10
1,0.05,11,47
2,0.05,11,273
3,0.05,11,28
1,0.05,11,122
2,0.05,11,384
3,0.05,11,66
1,0.05,11,91
2,0.05,11,325
3,0.05,11,49
1,0.05,11,531
2,0.05,11,709
3,0.05,11,403
1,0.05,11,52
2,0.05,11,197
3,0.05,11,25
1,0.05,11,231
2,0.05,11,598
3,0.05,11,94
1,0.05,11,76
2,0.05,11,537
3,0.05,11,23
1,0.05,11,107
2,0.05,11,367
3,0.05,11,50
1,0.05,11,189
2,0.05,11,439
3,0.05,11,105
1,0.05,11,150
2,0.05,11,339
3,0.05,11,77
1,0.05,11,500
2,0.05,11,775
3,0.05,11,294
1,0.05,11,200
2,0.05,11,511
3,0.05,11,99
1,0.05,11,259
2,0.05,11,517
3,0.05,11,195
1,0.05,11,83
2,0.05,11,367
3,0.05,11,38
1,0.05,11,131
2,0.05,11,406
3,0.05,11,73
1,0.05,11,265
2,0.05,11,490
3,0.05,11,135
1,0.05,11,32
2,0.05,11,243
3,0.05,11,9
1,0.05,11,156
2,0.05,11,445
3,0.05,11,81
1,0.05,11,43
2,0.05,11,310
3,0.05,11,21
1,0.05,11,125
2,0.05,11,429
3,0.05,11,42
1,0.05,11,52
2,0.05,11,315
3,0.05,11,19
1,0.05,11,208
2,0.05,11,480
3,0.05,11,125
1,0.05,11,252
2,0.05,11,542
3,0.05,11,145
1,0.05,11,90
2,0.05,11,282
3,0.05,11,43
1,0.05,11,104
2,0.05,11,340
3,0.05,11,49
1,0.05,11,128
2,0.05,11,440
3,0.05,11,59
1,0.05,11,67
2,0.05,11,294
3,0.05,11,26
1,0.05,11,269
2,0.05,11,561
3,0.05,11,142
1,0.05,11,196
2,0.05,11,447
3,0.05,11,106
1,0.05,11,127
2,0.05,11,294
3,0.05,11,80
1,0.05,11,570
2,0.05,11,786
3,0.05,11,358
1,0.05,11,469
2,0.05,11,765
3,0.05,11,285
1,0.05,11,67
2,0.05,11,295
3,0.05,11,28
1,0.05,11,312
2,0.05,11,700
3,0.05,11,156
1,0.05,11,62
2,0.05,11,299
3,0.05,11,33
1,0.05,11,549
2,0.05,11,853
3,0.05,11,352
1,0.05,11,82
2,0.05,11,378
3,0.05,11,36
1,0.05,11,720
2,0.05,11,864
3,0.05,11,535
1,0.05,11,791
2,0.05,11,987
3,0.05,11,562
1,0.05,11,52
2,0.05,11,260
3,0.05,11,17
1,0.05,11,303
2,0.05,11,616
3,0.05,11,185
1,0.05,11,95
2,0.05,11,347
3,0.05,11,47
1,0.05,11,98
2,0.05,11,442
3,0.05,11,42
1,0.05,11,287
2,0.05,11,694
3,0.05,11,171
1,0.05,11,69
2,0.05,11,391
3,0.05,11,32
1,0.05,11,230
2,0.05,11,505
3,0.05,11,129
1,0.05,11,374
2,0.05,11,694
3,0.05,11,228
1,0.05,11,98
2,0.05,11,373
3,0.05,11,42
1,0.05,11,54
2,0.05,11,308
3,0.05,11,27
1,0.05,11,30
2,0.05,11,140
3,0.05,11,12
1,0.05,11,64
2,0.05,11,253
3,0.05,11,20
1,0.05,11,20
2,0.05,11,215
3,0.05,11,3
1,0.05,11,175
2,0.05,11,384
3,0.05,11,106
1,0.05,11,428
2,0.05,11,746
3,0.05,11,238
1,0.05,11,118
2,0.05,11,396
3,0.05,11,54
1,0.05,11,79
2,0.05,11,362
3,0.05,11,37
1,0.05,11,43
2,0.05,11,200
3,0.05,11,25
1,0.05,11,120
2,0.05,11,379
3,0.05,11,65
1,0.05,11,337
2,0.05,11,625
3,0.05,11,202
1,0.05,11,55
2,0.05,11,296
3,0.05,11,25
1,0.05,11,177
2,0.05,11,541
3,0.05,11,94
1,0.05,11,137
2,0.05,11,606
3,0.05,11,44
1,0.05,11,62
2,0.05,11,314
3,0.05,11,30
1,0.05,11,229
2,0.05,11,504
3,0.05,11,151
1,0.05,11,140
2,0.05,11,396
3,0.05,11,73
1,0.05,11,545
2,0.05,11,840
3,0.05,11,290
1,0.05,11,72
2,0.05,11,303
3,0.05,11,34
1,0.05,11,127
2,0.05,11,389
3,0.05,11,58
1,0.05,21,92
2,0.05,21,423
3,0.05,21,34
1,0.05,21,34
2,0.05,21,274
3,0.05,21,12
1,0.05,21,99
2,0.05,21,417
3,0.05,21,53
1,0.05,21,200
2,0.05,21,625
3,0.05,21,117
1,0.05,21,108
2,0.05,21,342
3,0.05,21,69
1,0.05,21,90
2,0.05,21,281
3,0.05,21,47
1,0.05,21,128
2,0.05,21,354
3,0.05,21,61
1,0.05,21,166
2,0.05,21,420
3,0.05,21,83
1,0.05,21,132
2,0.05,21,361
3,0.05,21,84
1,0.05,21,618
2,0.05,21,833
3,0.05,21,410
1,0.05,21,426
2,0.05,21,701
3,0.05,21,316
1,0.05,21,129
2,0.05,21,417
3,0.05,21,67
1,0.05,21,151
2,0.05,21,441
3,0.05,21,77
1,0.05,21,536
2,0.05,21,762
3,0.05,21,363
1,0.05,21,286
2,0.05,21,795
3,0.05,21,142
1,0.05,21,757
2,0.05,21,899
3,0.05,21,584
1,0.05,21,457
2,0.05,21,756
3,0.05,21,306
1,0.05,21,246
2,0.05,21,501
3,0.05,21,155
1,0.05,21,29
2,0.05,21,181
3,0.05,21,3
1,0.05,21,129
2,0.05,21,511
3,0.05,21,51
1,0.05,21,225
2,0.05,21,481
3,0.05,21,150
1,0.05,21,108
2,0.05,21,376
3,0.05,21,48
1,0.05,21,55
2,0.05,21,368
3,0.05,21,19
1,0.05,21,59
2,0.05,21,329
3,0.05,21,20
1,0.05,21,232
2,0.05,21,591
3,0.05,21,141
1,0.05,21,207
2,0.05,21,503
3,0.05,21,110
1,0.05,21,3
2,0.05,21,95
3,0.05,21,0
1,0.05,21,103
2,0.05,21,331
3,0.05,21,63
1,0.05,21,121
2,0.05,21,471
3,0.05,21,63
1,0.05,21,98
2,0.05,21,311
3,0.05,21,47
1,0.05,21,362
2,0.05,21,611
3,0.05,21,213
1,0.05,21,12
2,0.05,21,176
3,0.05,21,3
1,0.05,21,93
2,0.05,21,314
3,0.05,21,56
1,0.05,21,148
2,0.05,21,463
3,0.05,21,74
1,0.05,21,124
2,0.05,21,447
3,0.05,21,58
1,0.05,21,470
2,0.05,21,697
3,0.05,21,357
1,0.05,21,121
2,0.05,21,377
3,0.05,21,72
1,0.05,21,259
2,0.05,21,670
3,0.05,21,151
1,0.05,21,4
2,0.05,21,77
3,0.05,21,0
1,0.05,21,165
2,0.05,21,468
3,0.05,21,95
1,0.05,21,103
2,0.05,21,259
3,0.05,21,67
1,0.05,21,49
2,0.05,21,299
3,0.05,21,22
1,0.05,21,328
2,0.05,21,628
3,0.05,21,211
1,0.05,21,229
2,0.05,21,719
3,0.05,21,90
1,0.05,21,210
2,0.05,21,407
3,0.05,21,127
1,0.05,21,57
2,0.05,21,278
3,0.05,21,19
1,0.05,21,124
2,0.05,21,334
3,0.05,21,50
1,0.05,21,267
2,0.05,21,537
3,0.05,21,140
1,0.05,21,37
2,0.05,21,158
3,0.05,21,12
1,0.05,21,112
2,0.05,21,403
3,0.05,21,48
1,0.05,21,179
2,0.05,21,559
3,0.05,21,65
1,0.05,21,73
2,0.05,21,393
3,0.05,21,32
1,0.05,21,16
2,0.05,21,177
3,0.05,21,8
1,0.05,21,154
2,0.05,21,343
3,0.05,21,94
1,0.05,21,84
2,0.05,21,353
3,0.05,21,41
1,0.05,21,187
2,0.05,21,354
3,0.05,21,130
1,0.05,21,140
2,0.05,21,437
3,0.05,21,69
1,0.05,21,110
2,0.05,21,428
3,0.05,21,43
1,0.05,21,16
2,0.05,21,212
3,0.05,21,4
1,0.05,21,111
2,0.05,21,472
3,0.05,21,56
1,0.05,21,123
2,0.05,21,441
3,0.05,21,57
1,0.05,21,281
2,0.05,21,444
3,0.05,21,200
1,0.05,21,400
2,0.05,21,890
3,0.05,21,179
1,0.05,21,300
2,0.05,21,567
3,0.05,21,217
1,0.05,21,70
2,0.05,21,452
3,0.05,21,27
1,0.05,21,127
2,0.05,21,375
3,0.05,21,73
1,0.05,21,118
2,0.05,21,401
3,0.05,21,54
1,0.05,21,368
2,0.05,21,723
3,0.05,21,222
1,0.05,21,62
2,0.05,21,348
3,0.05,21,22
1,0.05,21,696
2,0.05,21,914
3,0.05,21,501
1,0.05,21,973
2,0.05,21,998
3,0.05,21,731
1,0.05,21,117
2,0.05,21,392
3,0.05,21,52
1,0.05,21,257
2,0.05,21,523
3,0.05,21,167
1,0.05,21,120
2,0.05,21,336
3,0.05,21,64
1,0.05,21,581
2,0.05,21,960
3,0.05,21,239
1,0.05,21,307
2,0.05,21,672
3,0.05,21,188
1,0.05,21,206
2,0.05,21,544
3,0.05,21,110
1,0.05,21,72
2,0.05,21,290
3,0.05,21,33
1,0.05,21,640
2,0.05,21,862
3,0.05,21,471
1,0.05,21,334
2,0.05,21,708
3,0.05,21,192
1,0.05,21,283
2,0.05,21,665
3,0.05,21,149
1,0.05,21,18
2,0.05,21,170
3,0.05,21,5
1,0.05,21,44
2,0.05,21,276
3,0.05,21,11
1,0.05,21,15
2,0.05,21,211
3,0.05,21,7
1,0.05,21,448
2,0.05,21,640
3,0.05,21,276
1,0.05,21,318
2,0.05,21,535
3,0.05,21,234
1,0.05,21,192
2,0.05,21,452
3,0.05,21,109
1,0.05,21,51
2,0.05,21,325
3,0.05,21,25
1,0.05,21,43
2,0.05,21,226
3,0.05,21,17
1,0.05,21,56
2,0.05,21,244
3,0.05,21,27
1,0.05,21,423
2,0.05,21,687
3,0.05,21,264
1,0.05,21,58
2,0.05,21,300
3,0.05,21,28
1,0.05,21,180
2,0.05,21,456
3,0.05,21,100
1,0.05,21,30
2,0.05,21,210
3,0.05,21,10
1,0.05,21,78
2,0.05,21,362
3,0.05,21,37
1,0.05,21,328
2,0.05,21,615
3,0.05,21,228
1,0.05,21,76
2,0.05,21,263
3,0.05,21,36
1,0.05,21,632
2,0.05,21,913
3,0.05,21,381
1,0.05,21,79
2,0.05,21,420
3,0.05,21,26
1,0.05,21,361
2,0.05,21,839
3,0.05,21,159
1,0.05,41,77
2,0.05,41,343
3,0.05,41,41
1,0.05,41,11
2,0.05,41,62
3,0.05,41,3
1,0.05,41,19
2,0.05,41,148
3,0.05,41,6
1,0.05,41,43
2,0.05,41,129
3,0.05,41,28
1,0.05,41,144
2,0.05,41,736
3,0.05,41,63
1,0.05,41,334
2,0.05,41,676
3,0.05,41,199
1,0.05,41,209
2,0.05,41,579
3,0.05,41,124
1,0.05,41,75
2,0.05,41,450
3,0.05,41,32
1,0.05,41,182
2,0.05,41,307
3,0.05,41,129
1,0.05,41,543
2,0.05,41,942
3,0.05,41,289
1,0.05,41,203
2,0.05,41,481
3,0.05,41,133
1,0.05,41,15
2,0.05,41,113
3,0.05,41,6
1,0.05,41,254
2,0.05,41,570
3,0.05,41,157
1,0.05,41,368
2,0.05,41,533
3,0.05,41,274
1,0.05,41,707
2,0.05,41,971
3,0.05,41,370
1,0.05,41,679
2,0.05,41,847
3,0.05,41,555
1,0.05,41,316
2,0.05,41,613
3,0.05,41,218
1,0.05,41,263
2,0.05,41,493
3,0.05,41,179
1,0.05,41,90
2,0.05,41,517
3,0.05,41,39
1,0.05,41,106
2,0.05,41,424
3,0.05,41,62
1,0.05,41,300
2,0.05,41,429
3,0.05,41,242
1,0.05,41,137
2,0.05,41,375
3,0.05,41,86
1,0.05,41,8
2,0.05,41,251
3,0.05,41,0
1,0.05,41,29
2,0.05,41,134
3,0.05,41,16
1,0.05,41,325
2,0.05,41,491
3,0.05,41,261
1,0.05,41,63
2,0.05,41,210
3,0.05,41,36
1,0.05,41,146
2,0.05,41,447
3,0.05,41,85
1,0.05,41,88
2,0.05,41,425
3,0.05,41,46
1,0.05,41,183
2,0.05,41,561
3,0.05,41,102
1,0.05,41,131
2,0.05,41,454
3,0.05,41,70
1,0.05,41,354
2,0.05,41,506
3,0.05,41,241
1,0.05,41,17
2,0.05,41,180
3,0.05,41,6
1,0.05,41,181
2,0.05,41,620
3,0.05,41,97
1,0.05,41,67
2,0.05,41,291
3,0.05,41,37
1,0.05,41,81
2,0.05,41,253
3,0.05,41,56
1,0.05,41,630
2,0.05,41,782
3,0.05,41,507
1,0.05,41,71
2,0.05,41,384
3,0.05,41,39
1,0.05,41,185
2,0.05,41,439
3,0.05,41,114
1,0.05,41,6
2,0.05,41,176
3,0.05,41,3
1,0.05,41,50
2,0.05,41,289
3,0.05,41,27
1,0.05,41,85
2,0.05,41,220
3,0.05,41,57
1,0.05,41,278
2,0.05,41,571
3,0.05,41,201
1,0.05,41,145
2,0.05,41,258
3,0.05,41,90
1,0.05,41,85
2,0.05,41,267
3,0.05,41,41
1,0.05,41,927
2,0.05,41,972
3,0.05,41,774
1,0.05,41,133
2,0.05,41,368
3,0.05,41,91
1,0.05,41,6
2,0.05,41,100
3,0.05,41,2
1,0.05,41,196
2,0.05,41,506
3,0.05,41,126
1,0.05,41,35
2,0.05,41,277
3,0.05,41,19
1,0.05,41,197
2,0.05,41,623
3,0.05,41,106
1,0.05,41,120
2,0.05,41,565
3,0.05,41,33
1,0.05,41,36
2,0.05,41,145
3,0.05,41,21
1,0.05,41,78
2,0.05,41,295
3,0.05,41,37
1,0.05,41,288
2,0.05,41,629
3,0.05,41,183
1,0.05,41,240
2,0.05,41,605
3,0.05,41,133
1,0.05,41,54
2,0.05,41,307
3,0.05,41,26
1,0.05,41,24
2,0.05,41,133
3,0.05,41,12
1,0.05,41,238
2,0.05,41,514
3,0.05,41,132
1,0.05,41,1
2,0.05,41,76
3,0.05,41,0
1,0.05,41,247
2,0.05,41,578
3,0.05,41,154
1,0.05,41,196
2,0.05,41,496
3,0.05,41,122
1,0.05,41,87
2,0.05,41,191
3,0.05,41,57
1,0.05,41,220
2,0.05,41,421
3,0.05,41,156
1,0.05,41,187
2,0.05,41,303
3,0.05,41,139
1,0.05,41,75
2,0.05,41,444
3,0.05,41,33
1,0.05,41,152
2,0.05,41,441
3,0.05,41,87
1,0.05,41,21
2,0.05,41,222
3,0.05,41,8
1,0.05,41,63
2,0.05,41,165
3,0.05,41,34
1,0.05,41,38
2,0.05,41,361
3,0.05,41,8
1,0.05,41,881
2,0.05,41,979
3,0.05,41,657
1,0.05,41,86
2,0.05,41,176
3,0.05,41,65
1,0.05,41,80
2,0.05,41,224
3,0.05,41,50
1,0.05,41,155
2,0.05,41,387
3,0.05,41,113
1,0.05,41,43
2,0.05,41,197
3,0.05,41,22
1,0.05,41,96
2,0.05,41,419
3,0.05,41,53
1,0.05,41,357
2,0.05,41,678
3,0.05,41,231
1,0.05,41,62
2,0.05,41,257
3,0.05,41,26
1,0.05,41,13
2,0.05,41,77
3,0.05,41,8
1,0.05,41,570
2,0.05,41,832
3,0.05,41,424
1,0.05,41,91
2,0.05,41,199
3,0.05,41,59
1,0.05,41,85
2,0.05,41,264
3,0.05,41,54
1,0.05,41,18
2,0.05,41,220
3,0.05,41,8
1,0.05,41,17
2,0.05,41,154
3,0.05,41,8
1,0.05,41,29
2,0.05,41,519
3,0.05,41,6
1,0.05,41,284
2,0.05,41,589
3,0.05,41,184
1,0.05,41,89
2,0.05,41,292
3,0.05,41,46
1,0.05,41,45
2,0.05,41,136
3,0.05,41,25
1,0.05,41,19
2,0.05,41,174
3,0.05,41,9
1,0.05,41,76
2,0.05,41,294
3,0.05,41,38
1,0.05,41,31
2,0.05,41,268
3,0.05,41,13
1,0.05,41,428
2,0.05,41,712
3,0.05,41,320
1,0.05,41,17
2,0.05,41,110
3,0.05,41,11
1,0.05,41,344
2,0.05,41,689
3,0.05,41,229
1,0.05,41,66
2,0.05,41,322
3,0.05,41,20
1,0.05,41,33
2,0.05,41,155
3,0.05,41,14
1,0.05,41,186
2,0.05,41,431
3,0.05,41,119
1,0.05,41,100
2,0.05,41,460
3,0.05,41,38
1,0.05,41,228
2,0.05,41,572
3,0.05,41,136
1,0.05,41,27
2,0.05,41,181
3,0.05,41,13
1,0.05,41,285
2,0.05,41,774
3,0.05,41,127
1,0.05,81,89
2,0.05,81,616
3,0.05,81,32
1,0.05,81,43
2,0.05,81,215
3,0.05,81,23
1,0.05,81,19
2,0.05,81,132
3,0.05,81,12
1,0.05,81,29
2,0.05,81,90
3,0.05,81,18
1,0.05,81,12
2,0.05,81,106
3,0.05,81,4
1,0.05,81,375
2,0.05,81,709
3,0.05,81,241
1,0.05,81,48
2,0.05,81,157
3,0.05,81,29
1,0.05,81,157
2,0.05,81,487
3,0.05,81,94
1,0.05,81,413
2,0.05,81,878
3,0.05,81,185
1,0.05,81,171
2,0.05,81,507
3,0.05,81,104
1,0.05,81,79
2,0.05,81,123
3,0.05,81,53
1,0.05,81,51
2,0.05,81,217
3,0.05,81,25
1,0.05,81,115
2,0.05,81,291
3,0.05,81,86
1,0.05,81,162
2,0.05,81,705
3,0.05,81,67
1,0.05,81,158
2,0.05,81,400
3,0.05,81,99
1,0.05,81,188
2,0.05,81,257
3,0.05,81,159
1,0.05,81,214
2,0.05,81,405
3,0.05,81,163
1,0.05,81,375
2,0.05,81,830
3,0.05,81,234
1,0.05,81,22
2,0.05,81,221
3,0.05,81,10
1,0.05,81,132
2,0.05,81,447
3,0.05,81,65
1,0.05,81,42
2,0.05,81,123
3,0.05,81,33
1,0.05,81,194
2,0.05,81,397
3,0.05,81,125
1,0.05,81,3
2,0.05,81,129
3,0.05,81,0
1,0.05,81,45
2,0.05,81,212
3,0.05,81,21
1,0.05,81,38
2,0.05,81,203
3,0.05,81,26
1,0.05,81,40
2,0.05,81,184
3,0.05,81,20
1,0.05,81,137
2,0.05,81,390
3,0.05,81,79
1,0.05,81,153
2,0.05,81,466
3,0.05,81,88
1,0.05,81,132
2,0.05,81,404
3,0.05,81,80
1,0.05,81,36
2,0.05,81,117
3,0.05,81,22
1,0.05,81,403
2,0.05,81,744
3,0.05,81,279
1,0.05,81,13
2,0.05,81,226
3,0.05,81,4
1,0.05,81,57
2,0.05,81,357
3,0.05,81,32
1,0.05,81,33
2,0.05,81,139
3,0.05,81,18
1,0.05,81,18
2,0.05,81,198
3,0.05,81,8
1,0.05,81,127
2,0.05,81,392
3,0.05,81,70
1,0.05,81,2
2,0.05,81,20
3,0.05,81,0
1,0.05,81,72
2,0.05,81,192
3,0.05,81,50
1,0.05,81,7
2,0.05,81,142
3,0.05,81,2
1,0.05,81,30
2,0.05,81,71
3,0.05,81,18
1,0.05,81,100
2,0.05,81,191
3,0.05,81,73
1,0.05,81,211
2,0.05,81,501
3,0.05,81,119
1,0.05,81,85
2,0.05,81,208
3,0.05,81,66
1,0.05,81,12
2,0.05,81,116
3,0.05,81,7
1,0.05,81,272
2,0.05,81,547
3,0.05,81,162
1,0.05,81,133
2,0.05,81,325
3,0.05,81,92
1,0.05,81,41
2,0.05,81,268
3,0.05,81,16
1,0.05,81,105
2,0.05,81,322
3,0.05,81,69
1,0.05,81,40
2,0.05,81,534
3,0.05,81,18
1,0.05,81,29
2,0.05,81,177
3,0.05,81,21
1,0.05,81,1
2,0.05,81,39
3,0.05,81,0
1,0.05,81,34
2,0.05,81,123
3,0.05,81,15
1,0.05,81,43
2,0.05,81,265
3,0.05,81,20
1,0.05,81,50
2,0.05,81,122
3,0.05,81,34
1,0.05,81,281
2,0.05,81,808
3,0.05,81,140
1,0.05,81,183
2,0.05,81,409
3,0.05,81,130
1,0.05,81,26
2,0.05,81,181
3,0.05,81,9
1,0.05,81,112
2,0.05,81,481
3,0.05,81,51
1,0.05,81,23
2,0.05,81,276
3,0.05,81,7
1,0.05,81,182
2,0.05,81,463
3,0.05,81,123
1,0.05,81,66
2,0.05,81,209
3,0.05,81,39
1,0.05,81,206
2,0.05,81,642
3,0.05,81,109
1,0.05,81,88
2,0.05,81,201
3,0.05,81,62
1,0.05,81,79
2,0.05,81,239
3,0.05,81,52
1,0.05,81,127
2,0.05,81,449
3,0.05,81,65
1,0.05,81,45
2,0.05,81,164
3,0.05,81,32
1,0.05,81,25
2,0.05,81,202
3,0.05,81,3
1,0.05,81,97
2,0.05,81,269
3,0.05,81,54
1,0.05,81,27
2,0.05,81,123
3,0.05,81,15
1,0.05,81,280
2,0.05,81,456
3,0.05,81,228
1,0.05,81,42
2,0.05,81,167
3,0.05,81,32
1,0.05,81,106
2,0.05,81,329
3,0.05,81,67
1,0.05,81,84
2,0.05,81,301
3,0.05,81,57
1,0.05,81,44
2,0.05,81,307
3,0.05,81,30
1,0.05,81,41
2,0.05,81,154
3,0.05,81,21
1,0.05,81,148
2,0.05,81,333
3,0.05,81,102
1,0.05,81,8
2,0.05,81,68
3,0.05,81,6
1,0.05,81,41
2,0.05,81,211
3,0.05,81,25
1,0.05,81,179
2,0.05,81,349
3,0.05,81,133
1,0.05,81,101
2,0.05,81,481
3,0.05,81,40
1,0.05,81,49
2,0.05,81,149
3,0.05,81,36
1,0.05,81,95
2,0.05,81,419
3,0.05,81,45
1,0.05,81,9
2,0.05,81,112
3,0.05,81,4
1,0.05,81,28
2,0.05,81,213
3,0.05,81,11
1,0.05,81,24
2,0.05,81,174
3,0.05,81,16
1,0.05,81,130
2,0.05,81,584
3,0.05,81,50
1,0.05,81,21
2,0.05,81,116
3,0.05,81,12
1,0.05,81,93
2,0.05,81,400
3,0.05,81,47
1,0.05,81,118
2,0.05,81,348
3,0.05,81,69
1,0.05,81,57
2,0.05,81,262
3,0.05,81,35
1,0.05,81,247
2,0.05,81,523
3,0.05,81,177
1,0.05,81,31
2,0.05,81,162
3,0.05,81,16
1,0.05,81,11
2,0.05,81,71
3,0.05,81,7
1,0.05,81,43
2,0.05,81,366
3,0.05,81,18
1,0.05,81,61
2,0.05,81,171
3,0.05,81,36
1,0.05,81,266
2,0.05,81,439
3,0.05,81,212
1,0.05,81,91
2,0.05,81,324
3,0.05,81,47
1,0.05,81,68
2,0.05,81,182
3,0.05,81,48
1,0.05,81,35
2,0.05,81,220
3,0.05,81,18
1,0.05,81,169
2,0.05,81,607
3,0.05,81,82
1,0.05,101,41
2,0.05,101,270
3,0.05,101,19
1,0.05,101,3
2,0.05,101,66
3,0.05,101,3
1,0.05,101,15
2,0.05,101,142
3,0.05,101,8
1,0.05,101,38
2,0.05,101,177
3,0.05,101,27
1,0.05,101,49
2,0.05,101,173
3,0.05,101,38
1,0.05,101,88
2,0.05,101,201
3,0.05,101,57
1,0.05,101,69
2,0.05,101,282
3,0.05,101,45
1,0.05,101,47
2,0.05,101,248
3,0.05,101,19
1,0.05,101,165
2,0.05,101,363
3,0.05,101,117
1,0.05,101,54
2,0.05,101,176
3,0.05,101,33
1,0.05,101,57
2,0.05,101,207
3,0.05,101,28
1,0.05,101,0
2,0.05,101,19
3,0.05,101,0
1,0.05,101,51
2,0.05,101,156
3,0.05,101,30
1,0.05,101,234
2,0.05,101,458
3,0.05,101,179
1,0.05,101,53
2,0.05,101,188
3,0.05,101,36
1,0.05,101,363
2,0.05,101,535
3,0.05,101,302
1,0.05,101,317
2,0.05,101,568
3,0.05,101,247
1,0.05,101,27
2,0.05,101,61
3,0.05,101,17
1,0.05,101,0
2,0.05,101,4
3,0.05,101,0
1,0.05,101,13
2,0.05,101,178
3,0.05,101,4
1,0.05,101,80
2,0.05,101,296
3,0.05,101,39
1,0.05,101,22
2,0.05,101,87
3,0.05,101,13
1,0.05,101,76
2,0.05,101,343
3,0.05,101,31
1,0.05,101,33
2,0.05,101,229
3,0.05,101,14
1,0.05,101,88
2,0.05,101,159
3,0.05,101,68
1,0.05,101,8
2,0.05,101,24
3,0.05,101,2
1,0.05,101,43
2,0.05,101,258
3,0.05,101,24
1,0.05,101,178
2,0.05,101,351
3,0.05,101,119
1,0.05,101,177
2,0.05,101,362
3,0.05,101,120
1,0.05,101,16
2,0.05,101,140
3,0.05,101,4
1,0.05,101,5
2,0.05,101,35
3,0.05,101,1
1,0.05,101,28
2,0.05,101,330
3,0.05,101,8
1,0.05,101,11
2,0.05,101,81
3,0.05,101,3
1,0.05,101,46
2,0.05,101,332
3,0.05,101,27
1,0.05,101,286
2,0.05,101,831
3,0.05,101,122
1,0.05,101,278
2,0.05,101,436
3,0.05,101,222
1,0.05,101,27
2,0.05,101,76
3,0.05,101,16
1,0.05,101,130
2,0.05,101,396
3,0.05,101,72
1,0.05,101,18
2,0.05,101,197
3,0.05,101,9
1,0.05,101,21
2,0.05,101,76
3,0.05,101,12
1,0.05,101,293
2,0.05,101,617
3,0.05,101,215
1,0.05,101,288
2,0.05,101,607
3,0.05,101,200
1,0.05,101,174
2,0.05,101,386
3,0.05,101,109
1,0.05,101,16
2,0.05,101,89
3,0.05,101,10
1,0.05,101,545
2,0.05,101,813
3,0.05,101,394
1,0.05,101,139
2,0.05,101,377
3,0.05,101,79
1,0.05,101,137
2,0.05,101,524
3,0.05,101,81
1,0.05,101,88
2,0.05,101,233
3,0.05,101,57
1,0.05,101,143
2,0.05,101,887
3,0.05,101,38
1,0.05,101,35
2,0.05,101,138
3,0.05,101,17
1,0.05,101,5
2,0.05,101,121
3,0.05,101,1
1,0.05,101,4
2,0.05,101,27
3,0.05,101,1
1,0.05,101,14
2,0.05,101,59
3,0.05,101,7
1,0.05,101,222
2,0.05,101,420
3,0.05,101,169
1,0.05,101,91
2,0.05,101,252
3,0.05,101,64
1,0.05,101,33
2,0.05,101,118
3,0.05,101,17
1,0.05,101,28
2,0.05,101,138
3,0.05,101,13
1,0.05,101,68
2,0.05,101,297
3,0.05,101,36
1,0.05,101,61
2,0.05,101,246
3,0.05,101,38
1,0.05,101,135
2,0.05,101,567
3,0.05,101,66
1,0.05,101,44
2,0.05,101,191
3,0.05,101,27
1,0.05,101,306
2,0.05,101,681
3,0.05,101,194
1,0.05,101,114
2,0.05,101,263
3,0.05,101,79
1,0.05,101,54
2,0.05,101,249
3,0.05,101,29
1,0.05,101,47
2,0.05,101,172
3,0.05,101,18
1,0.05,101,63
2,0.05,101,182
3,0.05,101,38
1,0.05,101,12
2,0.05,101,170
3,0.05,101,3
1,0.05,101,83
2,0.05,101,194
3,0.05,101,56
1,0.05,101,68
2,0.05,101,307
3,0.05,101,40
1,0.05,101,158
2,0.05,101,202
3,0.05,101,128
1,0.05,101,56
2,0.05,101,198
3,0.05,101,36
1,0.05,101,72
2,0.05,101,135
3,0.05,101,53
1,0.05,101,202
2,0.05,101,554
3,0.05,101,119
1,0.05,101,19
2,0.05,101,157
3,0.05,101,11
1,0.05,101,26
2,0.05,101,137
3,0.05,101,14
1,0.05,101,287
2,0.05,101,508
3,0.05,101,213
1,0.05,101,6
2,0.05,101,45
3,0.05,101,2
1,0.05,101,151
2,0.05,101,396
3,0.05,101,102
1,0.05,101,190
2,0.05,101,417
3,0.05,101,148
1,0.05,101,44
2,0.05,101,206
3,0.05,101,28
1,0.05,101,138
2,0.05,101,274
3,0.05,101,89
1,0.05,101,56
2,0.05,101,200
3,0.05,101,33
1,0.05,101,73
2,0.05,101,573
3,0.05,101,29
1,0.05,101,68
2,0.05,101,300
3,0.05,101,29
1,0.05,101,435
2,0.05,101,981
3,0.05,101,188
1,0.05,101,184
2,0.05,101,309
3,0.05,101,136
1,0.05,101,249
2,0.05,101,891
3,0.05,101,97
1,0.05,101,96
2,0.05,101,372
3,0.05,101,51
1,0.05,101,31
2,0.05,101,177
3,0.05,101,18
1,0.05,101,46
2,0.05,101,260
3,0.05,101,27
1,0.05,101,360
2,0.05,101,714
3,0.05,101,243
1,0.05,101,2
2,0.05,101,31
3,0.05,101,1
1,0.05,101,98
2,0.05,101,223
3,0.05,101,73
1,0.05,101,26
2,0.05,101,189
3,0.05,101,11
1,0.05,101,84
2,0.05,101,269
3,0.05,101,62
1,0.05,101,214
2,0.05,101,366
3,0.05,101,165
1,0.05,101,18
2,0.05,101,112
3,0.05,101,9
1,0.05,101,63
2,0.05,101,222
3,0.05,101,38
1,0.05,101,18
2,0.05,101,113
3,0.05,101,9
1,0.05,101,20
2,0.05,101,109
3,0.05,101,11
1,0.05,201,46
2,0.05,201,226
3,0.05,201,24
1,0.05,201,4
2,0.05,201,35
3,0.05,201,2
1,0.05,201,36
2,0.05,201,188
3,0.05,201,15
1,0.05,201,0
2,0.05,201,0
3,0.05,201,0
1,0.05,201,1
2,0.05,201,5
3,0.05,201,0
1,0.05,201,120
2,0.05,201,194
3,0.05,201,106
1,0.05,201,21
2,0.05,201,74
3,0.05,201,13
1,0.05,201,1
2,0.05,201,34
3,0.05,201,0
1,0.05,201,8
2,0.05,201,62
3,0.05,201,2
1,0.05,201,31
2,0.05,201,74
3,0.05,201,24
1,0.05,201,30
2,0.05,201,56
3,0.05,201,18
1,0.05,201,11
2,0.05,201,199
3,0.05,201,4
1,0.05,201,34
2,0.05,201,130
3,0.05,201,18
1,0.05,201,303
2,0.05,201,472
3,0.05,201,246
1,0.05,201,94
2,0.05,201,291
3,0.05,201,55
1,0.05,201,80
2,0.05,201,236
3,0.05,201,53
1,0.05,201,164
2,0.05,201,386
3,0.05,201,116
1,0.05,201,0
2,0.05,201,3
3,0.05,201,0
1,0.05,201,0
2,0.05,201,17
3,0.05,201,0
1,0.05,201,20
2,0.05,201,201
3,0.05,201,10
1,0.05,201,31
2,0.05,201,85
3,0.05,201,21
1,0.05,201,14
2,0.05,201,63
3,0.05,201,12
1,0.05,201,26
2,0.05,201,70
3,0.05,201,16
1,0.05,201,61
2,0.05,201,331
3,0.05,201,33
1,0.05,201,27
2,0.05,201,95
3,0.05,201,19
1,0.05,201,0
2,0.05,201,2
3,0.05,201,0
1,0.05,201,158
2,0.05,201,592
3,0.05,201,91
1,0.05,201,149
2,0.05,201,225
3,0.05,201,123
1,0.05,201,199
2,0.05,201,384
3,0.05,201,172
1,0.05,201,5
2,0.05,201,49
3,0.05,201,3
1,0.05,201,16
2,0.05,201,102
3,0.05,201,10
1,0.05,201,22
2,0.05,201,164
3,0.05,201,9
1,0.05,201,1
2,0.05,201,17
3,0.05,201,0
1,0.05,201,21
2,0.05,201,125
3,0.05,201,8
1,0.05,201,1
2,0.05,201,17
3,0.05,201,1
1,0.05,201,0
2,0.05,201,4
3,0.05,201,0
1,0.05,201,42
2,0.05,201,99
3,0.05,201,31
1,0.05,201,22
2,0.05,201,59
3,0.05,201,14
1,0.05,201,6
2,0.05,201,57
3,0.05,201,4
1,0.05,201,219
2,0.05,201,476
3,0.05,201,160
1,0.05,201,7
2,0.05,201,11
3,0.05,201,6
1,0.05,201,141
2,0.05,201,500
3,0.05,201,85
1,0.05,201,73
2,0.05,201,237
3,0.05,201,44
1,0.05,201,29
2,0.05,201,122
3,0.05,201,16
1,0.05,201,15
2,0.05,201,47
3,0.05,201,12
1,0.05,201,150
2,0.05,201,382
3,0.05,201,102
1,0.05,201,13
2,0.05,201,136
3,0.05,201,6
1,0.05,201,6
2,0.05,201,42
3,0.05,201,4
1,0.05,201,11
2,0.05,201,186
3,0.05,201,7
1,0.05,201,14
2,0.05,201,115
3,0.05,201,7
1,0.05,201,18
2,0.05,201,291
3,0.05,201,8
1,0.05,201,0
2,0.05,201,25
3,0.05,201,0
1,0.05,201,14
2,0.05,201,95
3,0.05,201,10
1,0.05,201,74
2,0.05,201,319
3,0.05,201,48
1,0.05,201,380
2,0.05,201,889
3,0.05,201,184
1,0.05,201,33
2,0.05,201,70
3,0.05,201,24
1,0.05,201,34
2,0.05,201,126
3,0.05,201,22
1,0.05,201,342
2,0.05,201,966
3,0.05,201,143
1,0.05,201,69
2,0.05,201,248
3,0.05,201,48
1,0.05,201,16
2,0.05,201,122
3,0.05,201,8
1,0.05,201,171
2,0.05,201,610
3,0.05,201,114
1,0.05,201,112
2,0.05,201,319
3,0.05,201,70
1,0.05,201,24
2,0.05,201,118
3,0.05,201,13
1,0.05,201,129
2,0.05,201,620
3,0.05,201,59
1,0.05,201,22
2,0.05,201,130
3,0.05,201,16
1,0.05,201,12
2,0.05,201,62
3,0.05,201,8
1,0.05,201,47
2,0.05,201,217
3,0.05,201,29
1,0.05,201,171
2,0.05,201,445
3,0.05,201,111
1,0.05,201,27
2,0.05,201,144
3,0.05,201,19
1,0.05,201,314
2,0.05,201,408
3,0.05,201,277
1,0.05,201,27
2,0.05,201,254
3,0.05,201,12
1,0.05,201,108
2,0.05,201,300
3,0.05,201,77
1,0.05,201,28
2,0.05,201,151
3,0.05,201,13
1,0.05,201,13
2,0.05,201,132
3,0.05,201,5
1,0.05,201,1
2,0.05,201,20
3,0.05,201,1
1,0.05,201,96
2,0.05,201,152
3,0.05,201,78
1,0.05,201,0
2,0.05,201,27
3,0.05,201,0
1,0.05,201,21
2,0.05,201,124
3,0.05,201,16
1,0.05,201,15
2,0.05,201,129
3,0.05,201,7
1,0.05,201,112
2,0.05,201,231
3,0.05,201,75
1,0.05,201,21
2,0.05,201,103
3,0.05,201,10
1,0.05,201,67
2,0.05,201,287
3,0.05,201,39
1,0.05,201,0
2,0.05,201,0
3,0.05,201,0
1,0.05,201,3
2,0.05,201,80
3,0.05,201,0
1,0.05,201,78
2,0.05,201,244
3,0.05,201,54
1,0.05,201,0
2,0.05,201,3
3,0.05,201,0
1,0.05,201,306
2,0.05,201,829
3,0.05,201,138
1,0.05,201,19
2,0.05,201,86
3,0.05,201,8
1,0.05,201,0
2,0.05,201,9
3,0.05,201,0
1,0.05,201,10
2,0.05,201,108
3,0.05,201,4
1,0.05,201,371
2,0.05,201,590
3,0.05,201,316
1,0.05,201,20
2,0.05,201,60
3,0.05,201,13
1,0.05,201,270
2,0.05,201,399
3,0.05,201,169
1,0.05,201,87
2,0.05,201,323
3,0.05,201,49
1,0.05,201,18
2,0.05,201,121
3,0.05,201,12
1,0.05,201,116
2,0.05,201,350
3,0.05,201,84
1,0.05,201,0
2,0.05,201,0
3,0.05,201,0
1,0.05,201,67
2,0.05,201,235
3,0.05,201,45
1,0.05,201,14
2,0.05,201,71
3,0.05,201,7
1,0.05,201,72
2,0.05,201,167
3,0.05,201,48
1,0.1,11,74
2,0.1,11,310
3,0.1,11,36
1,0.1,11,32
2,0.1,11,157
3,0.1,11,12
1,0.1,11,154
2,0.1,11,557
3,0.1,11,60
1,0.1,11,105
2,0.1,11,371
3,0.1,11,56
1,0.1,11,97
2,0.1,11,341
3,0.1,11,50
1,0.1,11,128
2,0.1,11,402
3,0.1,11,66
1,0.1,11,52
2,0.1,11,223
3,0.1,11,27
1,0.1,11,68
2,0.1,11,299
3,0.1,11,26
1,0.1,11,142
2,0.1,11,320
3,0.1,11,86
1,0.1,11,144
2,0.1,11,441
3,0.1,11,59
1,0.1,11,245
2,0.1,11,469
3,0.1,11,164
1,0.1,11,37
2,0.1,11,141
3,0.1,11,17
1,0.1,11,99
2,0.1,11,352
3,0.1,11,53
1,0.1,11,72
2,0.1,11,253
3,0.1,11,51
1,0.1,11,88
2,0.1,11,323
3,0.1,11,41
1,0.1,11,428
2,0.1,11,596
3,0.1,11,343
1,0.1,11,61
2,0.1,11,275
3,0.1,11,24
1,0.1,11,108
2,0.1,11,342
3,0.1,11,52
1,0.1,11,53
2,0.1,11,269
3,0.1,11,21
1,0.1,11,33
2,0.1,11,178
3,0.1,11,13
1,0.1,11,24
2,0.1,11,194
3,0.1,11,15
1,0.1,11,61
2,0.1,11,286
3,0.1,11,29
1,0.1,11,40
2,0.1,11,256
3,0.1,11,14
1,0.1,11,21
2,0.1,11,122
3,0.1,11,12
1,0.1,11,278
2,0.1,11,538
3,0.1,11,193
1,0.1,11,116
2,0.1,11,348
3,0.1,11,49
1,0.1,11,34
2,0.1,11,231
3,0.1,11,19
1,0.1,11,84
2,0.1,11,371
3,0.1,11,49
1,0.1,11,74
2,0.1,11,241
3,0.1,11,35
1,0.1,11,87
2,0.1,11,297
3,0.1,11,39
1,0.1,11,182
2,0.1,11,479
3,0.1,11,97
1,0.1,11,24
2,0.1,11,172
3,0.1,11,8
1,0.1,11,29
2,0.1,11,122
3,0.1,11,17
1,0.1,11,111
2,0.1,11,357
3,0.1,11,56
1,0.1,11,82
2,0.1,11,232
3,0.1,11,38
1,0.1,11,300
2,0.1,11,554
3,0.1,11,214
1,0.1,11,64
2,0.1,11,269
3,0.1,11,37
1,0.1,11,114
2,0.1,11,436
3,0.1,11,57
1,0.1,11,19
2,0.1,11,123
3,0.1,11,10
1,0.1,11,86
2,0.1,11,262
3,0.1,11,51
1,0.1,11,133
2,0.1,11,313
3,0.1,11,84
1,0.1,11,121
2,0.1,11,343
3,0.1,11,74
1,0.1,11,15
2,0.1,11,170
3,0.1,11,8
1,0.1,11,136
2,0.1,11,422
3,0.1,11,78
1,0.1,11,149
2,0.1,11,356
3,0.1,11,101
1,0.1,11,55
2,0.1,11,283
3,0.1,11,27
1,0.1,11,79
2,0.1,11,343
3,0.1,11,37
1,0.1,11,14
2,0.1,11,185
3,0.1,11,4
1,0.1,11,22
2,0.1,11,172
3,0.1,11,9
1,0.1,11,52
2,0.1,11,223
3,0.1,11,27
1,0.1,11,20
2,0.1,11,116
3,0.1,11,10
1,0.1,11,35
2,0.1,11,218
3,0.1,11,11
1,0.1,11,65
2,0.1,11,280
3,0.1,11,30
1,0.1,11,100
2,0.1,11,323
3,0.1,11,53
1,0.1,11,220
2,0.1,11,520
3,0.1,11,125
1,0.1,11,82
2,0.1,11,304
3,0.1,11,49
1,0.1,11,55
2,0.1,11,207
3,0.1,11,29
1,0.1,11,74
2,0.1,11,278
3,0.1,11,38
1,0.1,11,46
2,0.1,11,212
3,0.1,11,25
1,0.1,11,71
2,0.1,11,306
3,0.1,11,33
1,0.1,11,94
2,0.1,11,358
3,0.1,11,53
1,0.1,11,109
2,0.1,11,268
3,0.1,11,63
1,0.1,11,137
2,0.1,11,274
3,0.1,11,73
1,0.1,11,133
2,0.1,11,433
3,0.1,11,59
1,0.1,11,21
2,0.1,11,113
3,0.1,11,7
1,0.1,11,46
2,0.1,11,145
3,0.1,11,26
1,0.1,11,53
2,0.1,11,278
3,0.1,11,26
1,0.1,11,212
2,0.1,11,464
3,0.1,11,134
1,0.1,11,2
2,0.1,11,57
3,0.1,11,2
1,0.1,11,411
2,0.1,11,696
3,0.1,11,279
1,0.1,11,212
2,0.1,11,399
3,0.1,11,144
1,0.1,11,64
2,0.1,11,248
3,0.1,11,27
1,0.1,11,93
2,0.1,11,318
3,0.1,11,55
1,0.1,11,61
2,0.1,11,223
3,0.1,11,25
1,0.1,11,45
2,0.1,11,182
3,0.1,11,20
1,0.1,11,289
2,0.1,11,587
3,0.1,11,193
1,0.1,11,55
2,0.1,11,235
3,0.1,11,24
1,0.1,11,98
2,0.1,11,287
3,0.1,11,48
1,0.1,11,282
2,0.1,11,478
3,0.1,11,214
1,0.1,11,115
2,0.1,11,386
3,0.1,11,56
1,0.1,11,62
2,0.1,11,207
3,0.1,11,32
1,0.1,11,32
2,0.1,11,182
3,0.1,11,14
1,0.1,11,38
2,0.1,11,273
3,0.1,11,20
1,0.1,11,57
2,0.1,11,264
3,0.1,11,17
1,0.1,11,72
2,0.1,11,216
3,0.1,11,36
1,0.1,11,166
2,0.1,11,376
3,0.1,11,101
1,0.1,11,31
2,0.1,11,178
3,0.1,11,14
1,0.1,11,49
2,0.1,11,199
3,0.1,11,21
1,0.1,11,36
2,0.1,11,215
3,0.1,11,17
1,0.1,11,16
2,0.1,11,142
3,0.1,11,10
1,0.1,11,94
2,0.1,11,324
3,0.1,11,47
1,0.1,11,53
2,0.1,11,265
3,0.1,11,21
1,0.1,11,95
2,0.1,11,282
3,0.1,11,59
1,0.1,11,96
2,0.1,11,348
3,0.1,11,51
1,0.1,11,51
2,0.1,11,217
3,0.1,11,25
1,0.1,11,124
2,0.1,11,367
3,0.1,11,74
1,0.1,11,65
2,0.1,11,237
3,0.1,11,31
1,0.1,11,129
2,0.1,11,395
3,0.1,11,64
1,0.1,11,19
2,0.1,11,153
3,0.1,11,7
1,0.1,11,134
2,0.1,11,408
3,0.1,11,64
1,0.1,21,36
2,0.1,21,178
3,0.1,21,11
1,0.1,21,45
2,0.1,21,217
3,0.1,21,22
1,0.1,21,97
2,0.1,21,393
3,0.1,21,43
1,0.1,21,109
2,0.1,21,404
3,0.1,21,55
1,0.1,21,94
2,0.1,21,295
3,0.1,21,56
1,0.1,21,125
2,0.1,21,372
3,0.1,21,68
1,0.1,21,65
2,0.1,21,216
3,0.1,21,36
1,0.1,21,39
2,0.1,21,173
3,0.1,21,18
1,0.1,21,97
2,0.1,21,282
3,0.1,21,55
1,0.1,21,243
2,0.1,21,493
3,0.1,21,173
1,0.1,21,140
2,0.1,21,299
3,0.1,21,107
1,0.1,21,67
2,0.1,21,320
3,0.1,21,34
1,0.1,21,136
2,0.1,21,339
3,0.1,21,85
1,0.1,21,272
2,0.1,21,462
3,0.1,21,191
1,0.1,21,68
2,0.1,21,294
3,0.1,21,51
1,0.1,21,337
2,0.1,21,544
3,0.1,21,264
1,0.1,21,232
2,0.1,21,493
3,0.1,21,169
1,0.1,21,120
2,0.1,21,279
3,0.1,21,75
1,0.1,21,18
2,0.1,21,130
3,0.1,21,5
1,0.1,21,96
2,0.1,21,356
3,0.1,21,37
1,0.1,21,218
2,0.1,21,354
3,0.1,21,179
1,0.1,21,125
2,0.1,21,462
3,0.1,21,67
1,0.1,21,26
2,0.1,21,197
3,0.1,21,7
1,0.1,21,47
2,0.1,21,242
3,0.1,21,23
1,0.1,21,164
2,0.1,21,452
3,0.1,21,119
1,0.1,21,164
2,0.1,21,666
3,0.1,21,69
1,0.1,21,42
2,0.1,21,241
3,0.1,21,21
1,0.1,21,39
2,0.1,21,184
3,0.1,21,17
1,0.1,21,54
2,0.1,21,167
3,0.1,21,24
1,0.1,21,82
2,0.1,21,354
3,0.1,21,38
1,0.1,21,139
2,0.1,21,522
3,0.1,21,81
1,0.1,21,9
2,0.1,21,144
3,0.1,21,2
1,0.1,21,84
2,0.1,21,301
3,0.1,21,39
1,0.1,21,48
2,0.1,21,244
3,0.1,21,21
1,0.1,21,62
2,0.1,21,283
3,0.1,21,25
1,0.1,21,194
2,0.1,21,292
3,0.1,21,158
1,0.1,21,78
2,0.1,21,248
3,0.1,21,49
1,0.1,21,90
2,0.1,21,348
3,0.1,21,44
1,0.1,21,15
2,0.1,21,157
3,0.1,21,6
1,0.1,21,104
2,0.1,21,359
3,0.1,21,60
1,0.1,21,92
2,0.1,21,279
3,0.1,21,51
1,0.1,21,44
2,0.1,21,196
3,0.1,21,24
1,0.1,21,71
2,0.1,21,237
3,0.1,21,41
1,0.1,21,83
2,0.1,21,358
3,0.1,21,49
1,0.1,21,62
2,0.1,21,283
3,0.1,21,33
1,0.1,21,62
2,0.1,21,290
3,0.1,21,26
1,0.1,21,51
2,0.1,21,257
3,0.1,21,17
1,0.1,21,123
2,0.1,21,333
3,0.1,21,66
1,0.1,21,15
2,0.1,21,148
3,0.1,21,6
1,0.1,21,72
2,0.1,21,305
3,0.1,21,32
1,0.1,21,99
2,0.1,21,349
3,0.1,21,55
1,0.1,21,61
2,0.1,21,260
3,0.1,21,30
1,0.1,21,35
2,0.1,21,210
3,0.1,21,16
1,0.1,21,160
2,0.1,21,439
3,0.1,21,91
1,0.1,21,60
2,0.1,21,187
3,0.1,21,33
1,0.1,21,146
2,0.1,21,332
3,0.1,21,88
1,0.1,21,39
2,0.1,21,139
3,0.1,21,16
1,0.1,21,75
2,0.1,21,253
3,0.1,21,47
1,0.1,21,34
2,0.1,21,219
3,0.1,21,18
1,0.1,21,92
2,0.1,21,339
3,0.1,21,47
1,0.1,21,44
2,0.1,21,194
3,0.1,21,26
1,0.1,21,217
2,0.1,21,455
3,0.1,21,165
1,0.1,21,123
2,0.1,21,347
3,0.1,21,61
1,0.1,21,328
2,0.1,21,608
3,0.1,21,242
1,0.1,21,15
2,0.1,21,102
3,0.1,21,7
1,0.1,21,76
2,0.1,21,220
3,0.1,21,49
1,0.1,21,55
2,0.1,21,250
3,0.1,21,29
1,0.1,21,217
2,0.1,21,609
3,0.1,21,123
1,0.1,21,25
2,0.1,21,170
3,0.1,21,11
1,0.1,21,623
2,0.1,21,725
3,0.1,21,542
1,0.1,21,273
2,0.1,21,662
3,0.1,21,168
1,0.1,21,58
2,0.1,21,227
3,0.1,21,37
1,0.1,21,98
2,0.1,21,304
3,0.1,21,70
1,0.1,21,66
2,0.1,21,172
3,0.1,21,34
1,0.1,21,116
2,0.1,21,438
3,0.1,21,52
1,0.1,21,129
2,0.1,21,326
3,0.1,21,88
1,0.1,21,92
2,0.1,21,427
3,0.1,21,44
1,0.1,21,60
2,0.1,21,253
3,0.1,21,31
1,0.1,21,241
2,0.1,21,416
3,0.1,21,176
1,0.1,21,61
2,0.1,21,349
3,0.1,21,31
1,0.1,21,125
2,0.1,21,367
3,0.1,21,82
1,0.1,21,10
2,0.1,21,124
3,0.1,21,3
1,0.1,21,32
2,0.1,21,216
3,0.1,21,14
1,0.1,21,22
2,0.1,21,216
3,0.1,21,11
1,0.1,21,184
2,0.1,21,367
3,0.1,21,109
1,0.1,21,267
2,0.1,21,562
3,0.1,21,181
1,0.1,21,84
2,0.1,21,272
3,0.1,21,53
1,0.1,21,22
2,0.1,21,143
3,0.1,21,8
1,0.1,21,31
2,0.1,21,169
3,0.1,21,14
1,0.1,21,15
2,0.1,21,111
3,0.1,21,9
1,0.1,21,221
2,0.1,21,548
3,0.1,21,130
1,0.1,21,37
2,0.1,21,186
3,0.1,21,23
1,0.1,21,47
2,0.1,21,236
3,0.1,21,30
1,0.1,21,15
2,0.1,21,133
3,0.1,21,6
1,0.1,21,48
2,0.1,21,266
3,0.1,21,26
1,0.1,21,159
2,0.1,21,320
3,0.1,21,119
1,0.1,21,71
2,0.1,21,269
3,0.1,21,42
1,0.1,21,271
2,0.1,21,583
3,0.1,21,172
1,0.1,21,36
2,0.1,21,215
3,0.1,21,15
1,0.1,21,97
2,0.1,21,370
3,0.1,21,58
1,0.1,41,59
2,0.1,41,292
3,0.1,41,29
1,0.1,41,39
2,0.1,41,275
3,0.1,41,18
1,0.1,41,13
2,0.1,41,131
3,0.1,41,8
1,0.1,41,203
2,0.1,41,546
3,0.1,41,117
1,0.1,41,92
2,0.1,41,403
3,0.1,41,48
1,0.1,41,187
2,0.1,41,415
3,0.1,41,127
1,0.1,41,205
2,0.1,41,578
3,0.1,41,121
1,0.1,41,89
2,0.1,41,304
3,0.1,41,46
1,0.1,41,105
2,0.1,41,158
3,0.1,41,75
1,0.1,41,236
2,0.1,41,484
3,0.1,41,148
1,0.1,41,398
2,0.1,41,540
3,0.1,41,339
1,0.1,41,42
2,0.1,41,228
3,0.1,41,26
1,0.1,41,180
2,0.1,41,401
3,0.1,41,126
1,0.1,41,304
2,0.1,41,551
3,0.1,41,233
1,0.1,41,300
2,0.1,41,570
3,0.1,41,219
1,0.1,41,470
2,0.1,41,685
3,0.1,41,393
1,0.1,41,178
2,0.1,41,349
3,0.1,41,132
1,0.1,41,213
2,0.1,41,369
3,0.1,41,167
1,0.1,41,49
2,0.1,41,201
3,0.1,41,23
1,0.1,41,113
2,0.1,41,372
3,0.1,41,64
1,0.1,41,326
2,0.1,41,494
3,0.1,41,277
1,0.1,41,284
2,0.1,41,715
3,0.1,41,146
1,0.1,41,4
2,0.1,41,55
3,0.1,41,3
1,0.1,41,171
2,0.1,41,541
3,0.1,41,89
1,0.1,41,261
2,0.1,41,502
3,0.1,41,225
1,0.1,41,165
2,0.1,41,527
3,0.1,41,84
1,0.1,41,77
2,0.1,41,206
3,0.1,41,52
1,0.1,41,68
2,0.1,41,238
3,0.1,41,41
1,0.1,41,191
2,0.1,41,451
3,0.1,41,120
1,0.1,41,136
2,0.1,41,437
3,0.1,41,67
1,0.1,41,195
2,0.1,41,483
3,0.1,41,126
1,0.1,41,3
2,0.1,41,65
3,0.1,41,0
1,0.1,41,108
2,0.1,41,414
3,0.1,41,55
1,0.1,41,42
2,0.1,41,187
3,0.1,41,17
1,0.1,41,94
2,0.1,41,286
3,0.1,41,50
1,0.1,41,383
2,0.1,41,585
3,0.1,41,325
1,0.1,41,77
2,0.1,41,257
3,0.1,41,43
1,0.1,41,95
2,0.1,41,343
3,0.1,41,60
1,0.1,41,5
2,0.1,41,164
3,0.1,41,0
1,0.1,41,149
2,0.1,41,525
3,0.1,41,57
1,0.1,41,83
2,0.1,41,258
3,0.1,41,46
1,0.1,41,184
2,0.1,41,394
3,0.1,41,114
1,0.1,41,112
2,0.1,41,357
3,0.1,41,74
1,0.1,41,23
2,0.1,41,78
3,0.1,41,10
1,0.1,41,100
2,0.1,41,324
3,0.1,41,57
1,0.1,41,103
2,0.1,41,329
3,0.1,41,54
1,0.1,41,27
2,0.1,41,147
3,0.1,41,13
1,0.1,41,160
2,0.1,41,382
3,0.1,41,92
1,0.1,41,27
2,0.1,41,154
3,0.1,41,15
1,0.1,41,173
2,0.1,41,476
3,0.1,41,100
1,0.1,41,73
2,0.1,41,276
3,0.1,41,23
1,0.1,41,16
2,0.1,41,132
3,0.1,41,10
1,0.1,41,19
2,0.1,41,146
3,0.1,41,10
1,0.1,41,177
2,0.1,41,461
3,0.1,41,94
1,0.1,41,71
2,0.1,41,241
3,0.1,41,43
1,0.1,41,38
2,0.1,41,112
3,0.1,41,25
1,0.1,41,67
2,0.1,41,206
3,0.1,41,36
1,0.1,41,63
2,0.1,41,234
3,0.1,41,38
1,0.1,41,6
2,0.1,41,59
3,0.1,41,3
1,0.1,41,236
2,0.1,41,559
3,0.1,41,145
1,0.1,41,107
2,0.1,41,303
3,0.1,41,64
1,0.1,41,168
2,0.1,41,319
3,0.1,41,125
1,0.1,41,278
2,0.1,41,578
3,0.1,41,157
1,0.1,41,429
2,0.1,41,806
3,0.1,41,275
1,0.1,41,45
2,0.1,41,234
3,0.1,41,21
1,0.1,41,253
2,0.1,41,648
3,0.1,41,152
1,0.1,41,21
2,0.1,41,179
3,0.1,41,10
1,0.1,41,163
2,0.1,41,334
3,0.1,41,111
1,0.1,41,8
2,0.1,41,179
3,0.1,41,4
1,0.1,41,539
2,0.1,41,719
3,0.1,41,490
1,0.1,41,384
2,0.1,41,724
3,0.1,41,267
1,0.1,41,124
2,0.1,41,319
3,0.1,41,96
1,0.1,41,46
2,0.1,41,134
3,0.1,41,32
1,0.1,41,72
2,0.1,41,220
3,0.1,41,50
1,0.1,41,61
2,0.1,41,250
3,0.1,41,30
1,0.1,41,368
2,0.1,41,651
3,0.1,41,264
1,0.1,41,44
2,0.1,41,288
3,0.1,41,18
1,0.1,41,52
2,0.1,41,213
3,0.1,41,27
1,0.1,41,204
2,0.1,41,396
3,0.1,41,157
1,0.1,41,129
2,0.1,41,519
3,0.1,41,46
1,0.1,41,245
2,0.1,41,614
3,0.1,41,140
1,0.1,41,7
2,0.1,41,102
3,0.1,41,5
1,0.1,41,6
2,0.1,41,65
3,0.1,41,0
1,0.1,41,20
2,0.1,41,240
3,0.1,41,3
1,0.1,41,150
2,0.1,41,289
3,0.1,41,100
1,0.1,41,53
2,0.1,41,215
3,0.1,41,36
1,0.1,41,116
2,0.1,41,314
3,0.1,41,71
1,0.1,41,13
2,0.1,41,123
3,0.1,41,10
1,0.1,41,49
2,0.1,41,231
3,0.1,41,19
1,0.1,41,24
2,0.1,41,105
3,0.1,41,11
1,0.1,41,180
2,0.1,41,379
3,0.1,41,132
1,0.1,41,15
2,0.1,41,157
3,0.1,41,5
1,0.1,41,90
2,0.1,41,259
3,0.1,41,59
1,0.1,41,26
2,0.1,41,96
3,0.1,41,19
1,0.1,41,33
2,0.1,41,174
3,0.1,41,22
1,0.1,41,139
2,0.1,41,341
3,0.1,41,94
1,0.1,41,31
2,0.1,41,158
3,0.1,41,16
1,0.1,41,132
2,0.1,41,353
3,0.1,41,85
1,0.1,41,27
2,0.1,41,222
3,0.1,41,12
1,0.1,41,50
2,0.1,41,163
3,0.1,41,29
1,0.1,81,14
2,0.1,81,98
3,0.1,81,8
1,0.1,81,98
2,0.1,81,353
3,0.1,81,66
1,0.1,81,21
2,0.1,81,168
3,0.1,81,11
1,0.1,81,96
2,0.1,81,373
3,0.1,81,54
1,0.1,81,54
2,0.1,81,209
3,0.1,81,39
1,0.1,81,206
2,0.1,81,359
3,0.1,81,161
1,0.1,81,89
2,0.1,81,269
3,0.1,81,60
1,0.1,81,165
2,0.1,81,406
3,0.1,81,115
1,0.1,81,236
2,0.1,81,456
3,0.1,81,152
1,0.1,81,129
2,0.1,81,224
3,0.1,81,101
1,0.1,81,994
2,0.1,81,1000
3,0.1,81,915
1,0.1,81,5
2,0.1,81,76
3,0.1,81,1
1,0.1,81,236
2,0.1,81,541
3,0.1,81,180
1,0.1,81,59
2,0.1,81,159
3,0.1,81,41
1,0.1,81,338
2,0.1,81,681
3,0.1,81,239
1,0.1,81,607
2,0.1,81,906
3,0.1,81,449
1,0.1,81,144
2,0.1,81,397
3,0.1,81,105
1,0.1,81,204
2,0.1,81,449
3,0.1,81,153
1,0.1,81,26
2,0.1,81,188
3,0.1,81,15
1,0.1,81,44
2,0.1,81,118
3,0.1,81,22
1,0.1,81,29
2,0.1,81,131
3,0.1,81,17
1,0.1,81,178
2,0.1,81,430
3,0.1,81,130
1,0.1,81,17
2,0.1,81,103
3,0.1,81,5
1,0.1,81,92
2,0.1,81,341
3,0.1,81,43
1,0.1,81,269
2,0.1,81,433
3,0.1,81,229
1,0.1,81,57
2,0.1,81,187
3,0.1,81,29
1,0.1,81,94
2,0.1,81,232
3,0.1,81,58
1,0.1,81,51
2,0.1,81,176
3,0.1,81,27
1,0.1,81,99
2,0.1,81,332
3,0.1,81,58
1,0.1,81,74
2,0.1,81,196
3,0.1,81,49
1,0.1,81,297
2,0.1,81,584
3,0.1,81,216
1,0.1,81,6
2,0.1,81,73
3,0.1,81,3
1,0.1,81,61
2,0.1,81,232
3,0.1,81,36
1,0.1,81,38
2,0.1,81,179
3,0.1,81,18
1,0.1,81,76
2,0.1,81,235
3,0.1,81,48
1,0.1,81,146
2,0.1,81,341
3,0.1,81,115
1,0.1,81,67
2,0.1,81,183
3,0.1,81,39
1,0.1,81,90
2,0.1,81,252
3,0.1,81,65
1,0.1,81,6
2,0.1,81,119
3,0.1,81,1
1,0.1,81,126
2,0.1,81,276
3,0.1,81,91
1,0.1,81,12
2,0.1,81,91
3,0.1,81,1
1,0.1,81,51
2,0.1,81,207
3,0.1,81,32
1,0.1,81,187
2,0.1,81,415
3,0.1,81,119
1,0.1,81,14
2,0.1,81,64
3,0.1,81,4
1,0.1,81,215
2,0.1,81,356
3,0.1,81,166
1,0.1,81,187
2,0.1,81,386
3,0.1,81,130
1,0.1,81,5
2,0.1,81,190
3,0.1,81,2
1,0.1,81,119
2,0.1,81,281
3,0.1,81,86
1,0.1,81,43
2,0.1,81,275
3,0.1,81,23
1,0.1,81,54
2,0.1,81,272
3,0.1,81,29
1,0.1,81,38
2,0.1,81,147
3,0.1,81,22
1,0.1,81,39
2,0.1,81,171
3,0.1,81,16
1,0.1,81,22
2,0.1,81,147
3,0.1,81,12
1,0.1,81,80
2,0.1,81,213
3,0.1,81,47
1,0.1,81,179
2,0.1,81,357
3,0.1,81,132
1,0.1,81,158
2,0.1,81,390
3,0.1,81,110
1,0.1,81,7
2,0.1,81,43
3,0.1,81,1
1,0.1,81,37
2,0.1,81,223
3,0.1,81,20
1,0.1,81,13
2,0.1,81,151
3,0.1,81,8
1,0.1,81,207
2,0.1,81,515
3,0.1,81,139
1,0.1,81,143
2,0.1,81,349
3,0.1,81,89
1,0.1,81,114
2,0.1,81,368
3,0.1,81,75
1,0.1,81,75
2,0.1,81,125
3,0.1,81,57
1,0.1,81,83
2,0.1,81,258
3,0.1,81,52
1,0.1,81,279
2,0.1,81,590
3,0.1,81,172
1,0.1,81,135
2,0.1,81,370
3,0.1,81,97
1,0.1,81,25
2,0.1,81,229
3,0.1,81,14
1,0.1,81,69
2,0.1,81,163
3,0.1,81,41
1,0.1,81,18
2,0.1,81,106
3,0.1,81,8
1,0.1,81,140
2,0.1,81,219
3,0.1,81,103
1,0.1,81,80
2,0.1,81,182
3,0.1,81,58
1,0.1,81,135
2,0.1,81,331
3,0.1,81,91
1,0.1,81,63
2,0.1,81,187
3,0.1,81,32
1,0.1,81,31
2,0.1,81,140
3,0.1,81,20
1,0.1,81,56
2,0.1,81,204
3,0.1,81,31
1,0.1,81,113
2,0.1,81,329
3,0.1,81,60
1,0.1,81,2
2,0.1,81,83
3,0.1,81,1
1,0.1,81,51
2,0.1,81,160
3,0.1,81,35
1,0.1,81,93
2,0.1,81,430
3,0.1,81,52
1,0.1,81,96
2,0.1,81,283
3,0.1,81,61
1,0.1,81,30
2,0.1,81,144
3,0.1,81,20
1,0.1,81,42
2,0.1,81,190
3,0.1,81,24
1,0.1,81,0
2,0.1,81,43
3,0.1,81,0
1,0.1,81,2
2,0.1,81,45
3,0.1,81,1
1,0.1,81,43
2,0.1,81,137
3,0.1,81,27
1,0.1,81,122
2,0.1,81,334
3,0.1,81,88
1,0.1,81,42
2,0.1,81,174
3,0.1,81,28
1,0.1,81,61
2,0.1,81,213
3,0.1,81,40
1,0.1,81,89
2,0.1,81,205
3,0.1,81,63
1,0.1,81,55
2,0.1,81,190
3,0.1,81,33
1,0.1,81,93
2,0.1,81,234
3,0.1,81,69
1,0.1,81,12
2,0.1,81,92
3,0.1,81,6
1,0.1,81,47
2,0.1,81,140
3,0.1,81,20
1,0.1,81,44
2,0.1,81,132
3,0.1,81,26
1,0.1,81,47
2,0.1,81,147
3,0.1,81,27
1,0.1,81,255
2,0.1,81,351
3,0.1,81,216
1,0.1,81,35
2,0.1,81,189
3,0.1,81,27
1,0.1,81,195
2,0.1,81,486
3,0.1,81,122
1,0.1,81,32
2,0.1,81,179
3,0.1,81,13
1,0.1,81,48
2,0.1,81,137
3,0.1,81,25
1,0.1,101,27
2,0.1,101,186
3,0.1,101,16
1,0.1,101,9
2,0.1,101,89
3,0.1,101,2
1,0.1,101,67
2,0.1,101,166
3,0.1,101,51
1,0.1,101,50
2,0.1,101,284
3,0.1,101,26
1,0.1,101,60
2,0.1,101,131
3,0.1,101,43
1,0.1,101,40
2,0.1,101,149
3,0.1,101,27
1,0.1,101,20
2,0.1,101,65
3,0.1,101,14
1,0.1,101,76
2,0.1,101,280
3,0.1,101,45
1,0.1,101,117
2,0.1,101,294
3,0.1,101,82
1,0.1,101,137
2,0.1,101,367
3,0.1,101,94
1,0.1,101,42
2,0.1,101,102
3,0.1,101,28
1,0.1,101,11
2,0.1,101,120
3,0.1,101,4
1,0.1,101,42
2,0.1,101,165
3,0.1,101,29
1,0.1,101,78
2,0.1,101,253
3,0.1,101,45
1,0.1,101,162
2,0.1,101,483
3,0.1,101,97
1,0.1,101,149
2,0.1,101,256
3,0.1,101,126
1,0.1,101,188
2,0.1,101,322
3,0.1,101,158
1,0.1,101,25
2,0.1,101,32
3,0.1,101,19
1,0.1,101,5
2,0.1,101,88
3,0.1,101,2
1,0.1,101,32
2,0.1,101,124
3,0.1,101,19
1,0.1,101,83
2,0.1,101,184
3,0.1,101,69
1,0.1,101,58
2,0.1,101,205
3,0.1,101,37
1,0.1,101,55
2,0.1,101,242
3,0.1,101,30
1,0.1,101,28
2,0.1,101,224
3,0.1,101,13
1,0.1,101,126
2,0.1,101,307
3,0.1,101,90
1,0.1,101,35
2,0.1,101,194
3,0.1,101,11
1,0.1,101,55
2,0.1,101,226
3,0.1,101,32
1,0.1,101,61
2,0.1,101,153
3,0.1,101,42
1,0.1,101,208
2,0.1,101,454
3,0.1,101,169
1,0.1,101,25
2,0.1,101,178
3,0.1,101,13
1,0.1,101,51
2,0.1,101,208
3,0.1,101,29
1,0.1,101,71
2,0.1,101,380
3,0.1,101,38
1,0.1,101,8
2,0.1,101,26
3,0.1,101,6
1,0.1,101,65
2,0.1,101,303
3,0.1,101,42
1,0.1,101,17
2,0.1,101,99
3,0.1,101,7
1,0.1,101,132
2,0.1,101,215
3,0.1,101,103
1,0.1,101,116
2,0.1,101,301
3,0.1,101,78
1,0.1,101,120
2,0.1,101,404
3,0.1,101,66
1,0.1,101,99
2,0.1,101,424
3,0.1,101,52
1,0.1,101,105
2,0.1,101,376
3,0.1,101,67
1,0.1,101,131
2,0.1,101,204
3,0.1,101,110
1,0.1,101,284
2,0.1,101,496
3,0.1,101,210
1,0.1,101,55
2,0.1,101,136
3,0.1,101,41
1,0.1,101,104
2,0.1,101,251
3,0.1,101,70
1,0.1,101,308
2,0.1,101,450
3,0.1,101,264
1,0.1,101,53
2,0.1,101,152
3,0.1,101,39
1,0.1,101,16
2,0.1,101,58
3,0.1,101,8
1,0.1,101,58
2,0.1,101,138
3,0.1,101,33
1,0.1,101,80
2,0.1,101,361
3,0.1,101,44
1,0.1,101,83
2,0.1,101,286
3,0.1,101,61
1,0.1,101,4
2,0.1,101,61
3,0.1,101,3
1,0.1,101,64
2,0.1,101,216
3,0.1,101,46
1,0.1,101,19
2,0.1,101,86
3,0.1,101,14
1,0.1,101,165
2,0.1,101,303
3,0.1,101,124
1,0.1,101,141
2,0.1,101,339
3,0.1,101,93
1,0.1,101,50
2,0.1,101,186
3,0.1,101,29
1,0.1,101,106
2,0.1,101,416
3,0.1,101,54
1,0.1,101,22
2,0.1,101,195
3,0.1,101,10
1,0.1,101,61
2,0.1,101,273
3,0.1,101,23
1,0.1,101,8
2,0.1,101,38
3,0.1,101,6
1,0.1,101,148
2,0.1,101,312
3,0.1,101,109
1,0.1,101,208
2,0.1,101,343
3,0.1,101,171
1,0.1,101,16
2,0.1,101,26
3,0.1,101,9
1,0.1,101,19
2,0.1,101,155
3,0.1,101,13
1,0.1,101,15
2,0.1,101,100
3,0.1,101,6
1,0.1,101,65
2,0.1,101,159
3,0.1,101,47
1,0.1,101,13
2,0.1,101,93
3,0.1,101,7
1,0.1,101,30
2,0.1,101,103
3,0.1,101,19
1,0.1,101,83
2,0.1,101,442
3,0.1,101,36
1,0.1,101,126
2,0.1,101,147
3,0.1,101,118
1,0.1,101,59
2,0.1,101,130
3,0.1,101,43
1,0.1,101,56
2,0.1,101,147
3,0.1,101,36
1,0.1,101,56
2,0.1,101,251
3,0.1,101,41
1,0.1,101,4
2,0.1,101,38
3,0.1,101,1
1,0.1,101,50
2,0.1,101,194
3,0.1,101,35
1,0.1,101,192
2,0.1,101,301
3,0.1,101,160
1,0.1,101,19
2,0.1,101,191
3,0.1,101,11
1,0.1,101,89
2,0.1,101,206
3,0.1,101,70
1,0.1,101,152
2,0.1,101,365
3,0.1,101,97
1,0.1,101,65
2,0.1,101,184
3,0.1,101,40
1,0.1,101,81
2,0.1,101,187
3,0.1,101,62
1,0.1,101,58
2,0.1,101,284
3,0.1,101,37
1,0.1,101,80
2,0.1,101,518
3,0.1,101,42
1,0.1,101,106
2,0.1,101,464
3,0.1,101,53
1,0.1,101,138
2,0.1,101,469
3,0.1,101,81
1,0.1,101,17
2,0.1,101,33
3,0.1,101,9
1,0.1,101,103
2,0.1,101,228
3,0.1,101,69
1,0.1,101,40
2,0.1,101,116
3,0.1,101,30
1,0.1,101,11
2,0.1,101,88
3,0.1,101,6
1,0.1,101,71
2,0.1,101,226
3,0.1,101,54
1,0.1,101,146
2,0.1,101,486
3,0.1,101,70
1,0.1,101,36
2,0.1,101,154
3,0.1,101,22
1,0.1,101,348
2,0.1,101,679
3,0.1,101,243
1,0.1,101,46
2,0.1,101,388
3,0.1,101,20
1,0.1,101,112
2,0.1,101,329
3,0.1,101,73
1,0.1,101,32
2,0.1,101,48
3,0.1,101,28
1,0.1,101,20
2,0.1,101,94
3,0.1,101,12
1,0.1,101,48
2,0.1,101,158
3,0.1,101,35
1,0.1,101,34
2,0.1,101,239
3,0.1,101,18
1,0.1,101,89
2,0.1,101,312
3,0.1,101,61
1,0.1,201,9
2,0.1,201,124
3,0.1,201,6
1,0.1,201,28
2,0.1,201,280
3,0.1,201,16
1,0.1,201,14
2,0.1,201,65
3,0.1,201,5
1,0.1,201,26
2,0.1,201,106
3,0.1,201,18
1,0.1,201,1
2,0.1,201,11
3,0.1,201,1
1,0.1,201,174
2,0.1,201,337
3,0.1,201,138
1,0.1,201,44
2,0.1,201,117
3,0.1,201,38
1,0.1,201,12
2,0.1,201,147
3,0.1,201,5
1,0.1,201,124
2,0.1,201,206
3,0.1,201,106
1,0.1,201,22
2,0.1,201,97
3,0.1,201,10
1,0.1,201,158
2,0.1,201,366
3,0.1,201,117
1,0.1,201,16
2,0.1,201,113
3,0.1,201,9
1,0.1,201,30
2,0.1,201,157
3,0.1,201,18
1,0.1,201,486
2,0.1,201,714
3,0.1,201,414
1,0.1,201,93
2,0.1,201,242
3,0.1,201,72
1,0.1,201,119
2,0.1,201,238
3,0.1,201,95
1,0.1,201,165
2,0.1,201,316
3,0.1,201,134
1,0.1,201,152
2,0.1,201,261
3,0.1,201,121
1,0.1,201,0
2,0.1,201,52
3,0.1,201,0
1,0.1,201,27
2,0.1,201,138
3,0.1,201,22
1,0.1,201,56
2,0.1,201,118
3,0.1,201,46
1,0.1,201,3
2,0.1,201,13
3,0.1,201,1
1,0.1,201,9
2,0.1,201,103
3,0.1,201,4
1,0.1,201,26
2,0.1,201,119
3,0.1,201,19
1,0.1,201,144
2,0.1,201,206
3,0.1,201,130
1,0.1,201,26
2,0.1,201,109
3,0.1,201,13
1,0.1,201,25
2,0.1,201,68
3,0.1,201,17
1,0.1,201,37
2,0.1,201,51
3,0.1,201,32
1,0.1,201,285
2,0.1,201,435
3,0.1,201,238
1,0.1,201,9
2,0.1,201,40
3,0.1,201,1
1,0.1,201,7
2,0.1,201,100
3,0.1,201,4
1,0.1,201,33
2,0.1,201,169
3,0.1,201,17
1,0.1,201,4
2,0.1,201,69
3,0.1,201,2
1,0.1,201,17
2,0.1,201,63
3,0.1,201,6
1,0.1,201,43
2,0.1,201,129
3,0.1,201,34
1,0.1,201,532
2,0.1,201,768
3,0.1,201,465
1,0.1,201,195
2,0.1,201,310
3,0.1,201,161
1,0.1,201,146
2,0.1,201,494
3,0.1,201,83
1,0.1,201,35
2,0.1,201,161
3,0.1,201,20
1,0.1,201,101
2,0.1,201,247
3,0.1,201,79
1,0.1,201,37
2,0.1,201,79
3,0.1,201,24
1,0.1,201,87
2,0.1,201,260
3,0.1,201,58
1,0.1,201,125
2,0.1,201,438
3,0.1,201,71
1,0.1,201,4
2,0.1,201,29
3,0.1,201,2
1,0.1,201,221
2,0.1,201,459
3,0.1,201,164
1,0.1,201,194
2,0.1,201,521
3,0.1,201,127
1,0.1,201,60
2,0.1,201,269
3,0.1,201,36
1,0.1,201,70
2,0.1,201,183
3,0.1,201,48
1,0.1,201,84
2,0.1,201,283
3,0.1,201,55
1,0.1,201,6
2,0.1,201,59
3,0.1,201,4
1,0.1,201,25
2,0.1,201,102
3,0.1,201,12
1,0.1,201,9
2,0.1,201,51
3,0.1,201,4
1,0.1,201,25
2,0.1,201,183
3,0.1,201,14
1,0.1,201,51
2,0.1,201,134
3,0.1,201,38
1,0.1,201,121
2,0.1,201,269
3,0.1,201,95
1,0.1,201,61
2,0.1,201,214
3,0.1,201,34
1,0.1,201,42
2,0.1,201,151
3,0.1,201,29
1,0.1,201,151
2,0.1,201,345
3,0.1,201,101
1,0.1,201,37
2,0.1,201,216
3,0.1,201,18
1,0.1,201,144
2,0.1,201,500
3,0.1,201,98
1,0.1,201,102
2,0.1,201,211
3,0.1,201,83
1,0.1,201,38
2,0.1,201,116
3,0.1,201,30
1,0.1,201,7
2,0.1,201,39
3,0.1,201,2
1,0.1,201,9
2,0.1,201,68
3,0.1,201,3
1,0.1,201,20
2,0.1,201,65
3,0.1,201,15
1,0.1,201,14
2,0.1,201,84
3,0.1,201,11
1,0.1,201,82
2,0.1,201,312
3,0.1,201,51
1,0.1,201,30
2,0.1,201,99
3,0.1,201,20
1,0.1,201,84
2,0.1,201,297
3,0.1,201,52
1,0.1,201,193
2,0.1,201,246
3,0.1,201,172
1,0.1,201,30
2,0.1,201,71
3,0.1,201,17
1,0.1,201,249
2,0.1,201,599
3,0.1,201,162
1,0.1,201,36
2,0.1,201,182
3,0.1,201,19
1,0.1,201,37
2,0.1,201,116
3,0.1,201,23
1,0.1,201,97
2,0.1,201,351
3,0.1,201,63
1,0.1,201,97
2,0.1,201,221
3,0.1,201,79
1,0.1,201,12
2,0.1,201,52
3,0.1,201,8
1,0.1,201,15
2,0.1,201,86
3,0.1,201,9
1,0.1,201,207
2,0.1,201,332
3,0.1,201,178
1,0.1,201,67
2,0.1,201,375
3,0.1,201,33
1,0.1,201,28
2,0.1,201,67
3,0.1,201,18
1,0.1,201,198
2,0.1,201,570
3,0.1,201,118
1,0.1,201,47
2,0.1,201,248
3,0.1,201,25
1,0.1,201,9
2,0.1,201,94
3,0.1,201,1
1,0.1,201,177
2,0.1,201,542
3,0.1,201,102
1,0.1,201,83
2,0.1,201,109
3,0.1,201,77
1,0.1,201,56
2,0.1,201,133
3,0.1,201,43
1,0.1,201,45
2,0.1,201,110
3,0.1,201,29
1,0.1,201,17
2,0.1,201,106
3,0.1,201,12
1,0.1,201,0
2,0.1,201,9
3,0.1,201,0
1,0.1,201,342
2,0.1,201,587
3,0.1,201,279
1,0.1,201,28
2,0.1,201,99
3,0.1,201,23
1,0.1,201,217
2,0.1,201,419
3,0.1,201,173
1,0.1,201,13
2,0.1,201,46
3,0.1,201,7
1,0.1,201,14
2,0.1,201,103
3,0.1,201,8
1,0.1,201,62
2,0.1,201,101
3,0.1,201,52
1,0.1,201,3
2,0.1,201,93
3,0.1,201,1
1,0.1,201,96
2,0.1,201,369
3,0.1,201,61
1,0.1,201,8
2,0.1,201,31
3,0.1,201,6
1,0.1,201,326
2,0.1,201,516
3,0.1,201,250
1,0.2,11,69
2,0.2,11,268
3,0.2,11,40
1,0.2,11,16
2,0.2,11,111
3,0.2,11,5
1,0.2,11,139
2,0.2,11,422
3,0.2,11,85
1,0.2,11,67
2,0.2,11,312
3,0.2,11,29
1,0.2,11,69
2,0.2,11,268
3,0.2,11,45
1,0.2,11,120
2,0.2,11,263
3,0.2,11,75
1,0.2,11,32
2,0.2,11,140
3,0.2,11,17
1,0.2,11,32
2,0.2,11,136
3,0.2,11,21
1,0.2,11,47
2,0.2,11,221
3,0.2,11,20
1,0.2,11,121
2,0.2,11,236
3,0.2,11,89
1,0.2,11,95
2,0.2,11,222
3,0.2,11,69
1,0.2,11,6
2,0.2,11,66
3,0.2,11,2
1,0.2,11,101
2,0.2,11,306
3,0.2,11,55
1,0.2,11,56
2,0.2,11,180
3,0.2,11,33
1,0.2,11,26
2,0.2,11,172
3,0.2,11,13
1,0.2,11,558
2,0.2,11,694
3,0.2,11,526
1,0.2,11,21
2,0.2,11,85
3,0.2,11,8
1,0.2,11,26
2,0.2,11,163
3,0.2,11,16
1,0.2,11,53
2,0.2,11,223
3,0.2,11,25
1,0.2,11,84
2,0.2,11,273
3,0.2,11,41
1,0.2,11,268
2,0.2,11,465
3,0.2,11,209
1,0.2,11,74
2,0.2,11,219
3,0.2,11,37
1,0.2,11,27
2,0.2,11,167
3,0.2,11,14
1,0.2,11,29
2,0.2,11,134
3,0.2,11,12
1,0.2,11,232
2,0.2,11,435
3,0.2,11,198
1,0.2,11,50
2,0.2,11,220
3,0.2,11,25
1,0.2,11,110
2,0.2,11,303
3,0.2,11,61
1,0.2,11,79
2,0.2,11,253
3,0.2,11,42
1,0.2,11,79
2,0.2,11,304
3,0.2,11,45
1,0.2,11,30
2,0.2,11,157
3,0.2,11,13
1,0.2,11,85
2,0.2,11,270
3,0.2,11,50
1,0.2,11,3
2,0.2,11,38
3,0.2,11,1
1,0.2,11,12
2,0.2,11,76
3,0.2,11,5
1,0.2,11,42
2,0.2,11,180
3,0.2,11,25
1,0.2,11,32
2,0.2,11,173
3,0.2,11,15
1,0.2,11,447
2,0.2,11,631
3,0.2,11,394
1,0.2,11,43
2,0.2,11,176
3,0.2,11,17
1,0.2,11,98
2,0.2,11,306
3,0.2,11,60
1,0.2,11,31
2,0.2,11,187
3,0.2,11,16
1,0.2,11,33
2,0.2,11,142
3,0.2,11,18
1,0.2,11,114
2,0.2,11,258
3,0.2,11,85
1,0.2,11,32
2,0.2,11,142
3,0.2,11,21
1,0.2,11,10
2,0.2,11,95
3,0.2,11,5
1,0.2,11,95
2,0.2,11,312
3,0.2,11,52
1,0.2,11,84
2,0.2,11,219
3,0.2,11,54
1,0.2,11,57
2,0.2,11,223
3,0.2,11,31
1,0.2,11,46
2,0.2,11,180
3,0.2,11,21
1,0.2,11,19
2,0.2,11,87
3,0.2,11,8
1,0.2,11,11
2,0.2,11,89
3,0.2,11,2
1,0.2,11,57
2,0.2,11,228
3,0.2,11,30
1,0.2,11,10
2,0.2,11,95
3,0.2,11,7
1,0.2,11,23
2,0.2,11,127
3,0.2,11,8
1,0.2,11,61
2,0.2,11,232
3,0.2,11,29
1,0.2,11,137
2,0.2,11,283
3,0.2,11,93
1,0.2,11,44
2,0.2,11,168
3,0.2,11,23
1,0.2,11,49
2,0.2,11,185
3,0.2,11,28
1,0.2,11,26
2,0.2,11,140
3,0.2,11,11
1,0.2,11,68
2,0.2,11,172
3,0.2,11,37
1,0.2,11,18
2,0.2,11,88
3,0.2,11,7
1,0.2,11,83
2,0.2,11,277
3,0.2,11,47
1,0.2,11,32
2,0.2,11,165
3,0.2,11,17
1,0.2,11,47
2,0.2,11,151
3,0.2,11,26
1,0.2,11,88
2,0.2,11,238
3,0.2,11,48
1,0.2,11,53
2,0.2,11,140
3,0.2,11,30
1,0.2,11,12
2,0.2,11,42
3,0.2,11,6
1,0.2,11,32
2,0.2,11,91
3,0.2,11,23
1,0.2,11,49
2,0.2,11,230
3,0.2,11,26
1,0.2,11,60
2,0.2,11,162
3,0.2,11,41
1,0.2,11,10
2,0.2,11,47
3,0.2,11,4
1,0.2,11,348
2,0.2,11,589
3,0.2,11,303
1,0.2,11,102
2,0.2,11,247
3,0.2,11,66
1,0.2,11,34
2,0.2,11,199
3,0.2,11,14
1,0.2,11,30
2,0.2,11,134
3,0.2,11,17
1,0.2,11,14
2,0.2,11,148
3,0.2,11,7
1,0.2,11,11
2,0.2,11,69
3,0.2,11,5
1,0.2,11,168
2,0.2,11,379
3,0.2,11,130
1,0.2,11,65
2,0.2,11,243
3,0.2,11,34
1,0.2,11,82
2,0.2,11,253
3,0.2,11,50
1,0.2,11,191
2,0.2,11,343
3,0.2,11,145
1,0.2,11,99
2,0.2,11,326
3,0.2,11,54
1,0.2,11,45
2,0.2,11,200
3,0.2,11,23
1,0.2,11,55
2,0.2,11,247
3,0.2,11,25
1,0.2,11,59
2,0.2,11,212
3,0.2,11,34
1,0.2,11,27
2,0.2,11,155
3,0.2,11,14
1,0.2,11,39
2,0.2,11,175
3,0.2,11,19
1,0.2,11,82
2,0.2,11,219
3,0.2,11,55
1,0.2,11,6
2,0.2,11,69
3,0.2,11,1
1,0.2,11,29
2,0.2,11,114
3,0.2,11,12
1,0.2,11,34
2,0.2,11,156
3,0.2,11,14
1,0.2,11,4
2,0.2,11,22
3,0.2,11,3
1,0.2,11,23
2,0.2,11,156
3,0.2,11,12
1,0.2,11,45
2,0.2,11,219
3,0.2,11,26
1,0.2,11,81
2,0.2,11,233
3,0.2,11,44
1,0.2,11,43
2,0.2,11,149
3,0.2,11,28
1,0.2,11,80
2,0.2,11,282
3,0.2,11,43
1,0.2,11,161
2,0.2,11,457
3,0.2,11,97
1,0.2,11,10
2,0.2,11,46
3,0.2,11,6
1,0.2,11,26
2,0.2,11,93
3,0.2,11,15
1,0.2,11,12
2,0.2,11,94
3,0.2,11,4
1,0.2,11,83
2,0.2,11,241
3,0.2,11,50
1,0.2,21,17
2,0.2,21,134
3,0.2,21,9
1,0.2,21,31
2,0.2,21,208
3,0.2,21,18
1,0.2,21,85
2,0.2,21,363
3,0.2,21,47
1,0.2,21,83
2,0.2,21,324
3,0.2,21,38
1,0.2,21,128
2,0.2,21,284
3,0.2,21,70
1,0.2,21,36
2,0.2,21,112
3,0.2,21,19
1,0.2,21,69
2,0.2,21,178
3,0.2,21,47
1,0.2,21,17
2,0.2,21,53
3,0.2,21,11
1,0.2,21,108
2,0.2,21,314
3,0.2,21,66
1,0.2,21,37
2,0.2,21,152
3,0.2,21,18
1,0.2,21,95
2,0.2,21,227
3,0.2,21,67
1,0.2,21,67
2,0.2,21,237
3,0.2,21,36
1,0.2,21,64
2,0.2,21,265
3,0.2,21,43
1,0.2,21,96
2,0.2,21,262
3,0.2,21,75
1,0.2,21,86
2,0.2,21,293
3,0.2,21,48
1,0.2,21,190
2,0.2,21,311
3,0.2,21,156
1,0.2,21,44
2,0.2,21,129
3,0.2,21,32
1,0.2,21,31
2,0.2,21,112
3,0.2,21,22
1,0.2,21,40
2,0.2,21,137
3,0.2,21,23
1,0.2,21,58
2,0.2,21,220
3,0.2,21,32
1,0.2,21,134
2,0.2,21,259
3,0.2,21,108
1,0.2,21,97
2,0.2,21,309
3,0.2,21,53
1,0.2,21,62
2,0.2,21,249
3,0.2,21,36
1,0.2,21,48
2,0.2,21,193
3,0.2,21,17
1,0.2,21,224
2,0.2,21,409
3,0.2,21,187
1,0.2,21,34
2,0.2,21,166
3,0.2,21,16
1,0.2,21,12
2,0.2,21,160
3,0.2,21,6
1,0.2,21,52
2,0.2,21,153
3,0.2,21,37
1,0.2,21,17
2,0.2,21,96
3,0.2,21,13
1,0.2,21,19
2,0.2,21,158
3,0.2,21,12
1,0.2,21,37
2,0.2,21,122
3,0.2,21,19
1,0.2,21,5
2,0.2,21,66
3,0.2,21,2
1,0.2,21,52
2,0.2,21,192
3,0.2,21,35
1,0.2,21,38
2,0.2,21,175
3,0.2,21,18
1,0.2,21,13
2,0.2,21,74
3,0.2,21,5
1,0.2,21,325
2,0.2,21,508
3,0.2,21,297
1,0.2,21,86
2,0.2,21,284
3,0.2,21,47
1,0.2,21,49
2,0.2,21,177
3,0.2,21,26
1,0.2,21,14
2,0.2,21,145
3,0.2,21,5
1,0.2,21,72
2,0.2,21,266
3,0.2,21,44
1,0.2,21,114
2,0.2,21,285
3,0.2,21,77
1,0.2,21,30
2,0.2,21,125
3,0.2,21,13
1,0.2,21,9
2,0.2,21,88
3,0.2,21,5
1,0.2,21,78
2,0.2,21,221
3,0.2,21,35
1,0.2,21,34
2,0.2,21,140
3,0.2,21,29
1,0.2,21,81
2,0.2,21,372
3,0.2,21,46
1,0.2,21,49
2,0.2,21,246
3,0.2,21,26
1,0.2,21,47
2,0.2,21,174
3,0.2,21,22
1,0.2,21,7
2,0.2,21,80
3,0.2,21,4
1,0.2,21,4
2,0.2,21,74
3,0.2,21,1
1,0.2,21,48
2,0.2,21,220
3,0.2,21,18
1,0.2,21,45
2,0.2,21,212
3,0.2,21,21
1,0.2,21,31
2,0.2,21,175
3,0.2,21,17
1,0.2,21,57
2,0.2,21,260
3,0.2,21,34
1,0.2,21,40
2,0.2,21,172
3,0.2,21,18
1,0.2,21,45
2,0.2,21,142
3,0.2,21,28
1,0.2,21,18
2,0.2,21,101
3,0.2,21,10
1,0.2,21,6
2,0.2,21,48
3,0.2,21,3
1,0.2,21,29
2,0.2,21,184
3,0.2,21,9
1,0.2,21,102
2,0.2,21,324
3,0.2,21,61
1,0.2,21,40
2,0.2,21,189
3,0.2,21,17
1,0.2,21,96
2,0.2,21,331
3,0.2,21,73
1,0.2,21,21
2,0.2,21,111
3,0.2,21,12
1,0.2,21,107
2,0.2,21,262
3,0.2,21,79
1,0.2,21,3
2,0.2,21,36
3,0.2,21,1
1,0.2,21,8
2,0.2,21,41
3,0.2,21,2
1,0.2,21,66
2,0.2,21,257
3,0.2,21,37
1,0.2,21,119
2,0.2,21,345
3,0.2,21,73
1,0.2,21,24
2,0.2,21,164
3,0.2,21,9
1,0.2,21,663
2,0.2,21,748
3,0.2,21,621
1,0.2,21,109
2,0.2,21,370
3,0.2,21,75
1,0.2,21,48
2,0.2,21,258
3,0.2,21,26
1,0.2,21,59
2,0.2,21,205
3,0.2,21,35
1,0.2,21,37
2,0.2,21,148
3,0.2,21,21
1,0.2,21,71
2,0.2,21,219
3,0.2,21,48
1,0.2,21,54
2,0.2,21,160
3,0.2,21,35
1,0.2,21,47
2,0.2,21,199
3,0.2,21,30
1,0.2,21,75
2,0.2,21,293
3,0.2,21,36
1,0.2,21,69
2,0.2,21,194
3,0.2,21,58
1,0.2,21,68
2,0.2,21,242
3,0.2,21,45
1,0.2,21,38
2,0.2,21,118
3,0.2,21,22
1,0.2,21,15
2,0.2,21,98
3,0.2,21,6
1,0.2,21,11
2,0.2,21,70
3,0.2,21,6
1,0.2,21,12
2,0.2,21,149
3,0.2,21,4
1,0.2,21,123
2,0.2,21,306
3,0.2,21,99
1,0.2,21,119
2,0.2,21,239
3,0.2,21,79
1,0.2,21,78
2,0.2,21,236
3,0.2,21,43
1,0.2,21,16
2,0.2,21,105
3,0.2,21,8
1,0.2,21,47
2,0.2,21,205
3,0.2,21,23
1,0.2,21,9
2,0.2,21,42
3,0.2,21,4
1,0.2,21,61
2,0.2,21,273
3,0.2,21,38
1,0.2,21,4
2,0.2,21,53
3,0.2,21,2
1,0.2,21,98
2,0.2,21,280
3,0.2,21,63
1,0.2,21,40
2,0.2,21,148
3,0.2,21,28
1,0.2,21,37
2,0.2,21,188
3,0.2,21,15
1,0.2,21,168
2,0.2,21,388
3,0.2,21,128
1,0.2,21,24
2,0.2,21,158
3,0.2,21,16
1,0.2,21,163
2,0.2,21,367
3,0.2,21,105
1,0.2,21,21
2,0.2,21,121
3,0.2,21,8
1,0.2,21,82
2,0.2,21,330
3,0.2,21,49
1,0.2,41,23
2,0.2,41,111
3,0.2,41,10
1,0.2,41,25
2,0.2,41,141
3,0.2,41,11
1,0.2,41,12
2,0.2,41,93
3,0.2,41,8
1,0.2,41,141
2,0.2,41,380
3,0.2,41,70
1,0.2,41,94
2,0.2,41,370
3,0.2,41,53
1,0.2,41,198
2,0.2,41,389
3,0.2,41,172
1,0.2,41,158
2,0.2,41,380
3,0.2,41,110
1,0.2,41,10
2,0.2,41,76
3,0.2,41,5
1,0.2,41,215
2,0.2,41,401
3,0.2,41,174
1,0.2,41,89
2,0.2,41,248
3,0.2,41,58
1,0.2,41,311
2,0.2,41,462
3,0.2,41,266
1,0.2,41,39
2,0.2,41,248
3,0.2,41,23
1,0.2,41,130
2,0.2,41,329
3,0.2,41,87
1,0.2,41,68
2,0.2,41,203
3,0.2,41,41
1,0.2,41,250
2,0.2,41,546
3,0.2,41,197
1,0.2,41,121
2,0.2,41,241
3,0.2,41,99
1,0.2,41,38
2,0.2,41,213
3,0.2,41,21
1,0.2,41,131
2,0.2,41,333
3,0.2,41,93
1,0.2,41,26
2,0.2,41,159
3,0.2,41,15
1,0.2,41,56
2,0.2,41,200
3,0.2,41,34
1,0.2,41,281
2,0.2,41,548
3,0.2,41,226
1,0.2,41,61
2,0.2,41,227
3,0.2,41,40
1,0.2,41,10
2,0.2,41,126
3,0.2,41,6
1,0.2,41,74
2,0.2,41,268
3,0.2,41,47
1,0.2,41,119
2,0.2,41,322
3,0.2,41,89
1,0.2,41,27
2,0.2,41,133
3,0.2,41,11
1,0.2,41,87
2,0.2,41,219
3,0.2,41,65
1,0.2,41,17
2,0.2,41,85
3,0.2,41,12
1,0.2,41,82
2,0.2,41,254
3,0.2,41,52
1,0.2,41,59
2,0.2,41,235
3,0.2,41,33
1,0.2,41,182
2,0.2,41,435
3,0.2,41,140
1,0.2,41,19
2,0.2,41,123
3,0.2,41,7
1,0.2,41,57
2,0.2,41,220
3,0.2,41,26
1,0.2,41,47
2,0.2,41,214
3,0.2,41,29
1,0.2,41,131
2,0.2,41,316
3,0.2,41,92
1,0.2,41,218
2,0.2,41,464
3,0.2,41,181
1,0.2,41,55
2,0.2,41,200
3,0.2,41,41
1,0.2,41,68
2,0.2,41,214
3,0.2,41,46
1,0.2,41,3
2,0.2,41,77
3,0.2,41,3
1,0.2,41,71
2,0.2,41,280
3,0.2,41,52
1,0.2,41,57
2,0.2,41,230
3,0.2,41,22
1,0.2,41,182
2,0.2,41,401
3,0.2,41,128
1,0.2,41,46
2,0.2,41,142
3,0.2,41,31
1,0.2,41,89
2,0.2,41,292
3,0.2,41,48
1,0.2,41,378
2,0.2,41,587
3,0.2,41,340
1,0.2,41,51
2,0.2,41,208
3,0.2,41,23
1,0.2,41,45
2,0.2,41,221
3,0.2,41,21
1,0.2,41,109
2,0.2,41,273
3,0.2,41,76
1,0.2,41,13
2,0.2,41,96
3,0.2,41,5
1,0.2,41,100
2,0.2,41,258
3,0.2,41,59
1,0.2,41,85
2,0.2,41,267
3,0.2,41,44
1,0.2,41,17
2,0.2,41,103
3,0.2,41,12
1,0.2,41,35
2,0.2,41,179
3,0.2,41,23
1,0.2,41,75
2,0.2,41,203
3,0.2,41,49
1,0.2,41,50
2,0.2,41,189
3,0.2,41,35
1,0.2,41,141
2,0.2,41,333
3,0.2,41,112
1,0.2,41,86
2,0.2,41,257
3,0.2,41,41
1,0.2,41,31
2,0.2,41,128
3,0.2,41,19
1,0.2,41,7
2,0.2,41,79
3,0.2,41,6
1,0.2,41,130
2,0.2,41,311
3,0.2,41,95
1,0.2,41,74
2,0.2,41,259
3,0.2,41,50
1,0.2,41,61
2,0.2,41,142
3,0.2,41,43
1,0.2,41,128
2,0.2,41,383
3,0.2,41,84
1,0.2,41,158
2,0.2,41,275
3,0.2,41,125
1,0.2,41,19
2,0.2,41,161
3,0.2,41,7
1,0.2,41,34
2,0.2,41,143
3,0.2,41,19
1,0.2,41,28
2,0.2,41,191
3,0.2,41,17
1,0.2,41,113
2,0.2,41,335
3,0.2,41,75
1,0.2,41,56
2,0.2,41,299
3,0.2,41,28
1,0.2,41,234
2,0.2,41,309
3,0.2,41,209
1,0.2,41,125
2,0.2,41,232
3,0.2,41,98
1,0.2,41,87
2,0.2,41,177
3,0.2,41,59
1,0.2,41,22
2,0.2,41,119
3,0.2,41,9
1,0.2,41,87
2,0.2,41,253
3,0.2,41,57
1,0.2,41,45
2,0.2,41,182
3,0.2,41,24
1,0.2,41,196
2,0.2,41,388
3,0.2,41,150
1,0.2,41,86
2,0.2,41,385
3,0.2,41,47
1,0.2,41,73
2,0.2,41,244
3,0.2,41,54
1,0.2,41,99
2,0.2,41,262
3,0.2,41,79
1,0.2,41,37
2,0.2,41,110
3,0.2,41,20
1,0.2,41,64
2,0.2,41,243
3,0.2,41,41
1,0.2,41,10
2,0.2,41,116
3,0.2,41,1
1,0.2,41,13
2,0.2,41,76
3,0.2,41,6
1,0.2,41,15
2,0.2,41,209
3,0.2,41,5
1,0.2,41,264
2,0.2,41,465
3,0.2,41,188
1,0.2,41,132
2,0.2,41,318
3,0.2,41,95
1,0.2,41,114
2,0.2,41,318
3,0.2,41,77
1,0.2,41,64
2,0.2,41,286
3,0.2,41,32
1,0.2,41,48
2,0.2,41,213
3,0.2,41,25
1,0.2,41,10
2,0.2,41,43
3,0.2,41,7
1,0.2,41,40
2,0.2,41,208
3,0.2,41,19
1,0.2,41,19
2,0.2,41,145
3,0.2,41,8
1,0.2,41,131
2,0.2,41,362
3,0.2,41,82
1,0.2,41,55
2,0.2,41,180
3,0.2,41,37
1,0.2,41,32
2,0.2,41,149
3,0.2,41,17
1,0.2,41,90
2,0.2,41,226
3,0.2,41,67
1,0.2,41,14
2,0.2,41,96
3,0.2,41,9
1,0.2,41,67
2,0.2,41,228
3,0.2,41,40
1,0.2,41,41
2,0.2,41,216
3,0.2,41,20
1,0.2,41,91
2,0.2,41,250
3,0.2,41,56
1,0.2,81,21
2,0.2,81,100
3,0.2,81,15
1,0.2,81,29
2,0.2,81,138
3,0.2,81,17
1,0.2,81,23
2,0.2,81,99
3,0.2,81,15
1,0.2,81,166
2,0.2,81,434
3,0.2,81,116
1,0.2,81,44
2,0.2,81,132
3,0.2,81,35
1,0.2,81,188
2,0.2,81,310
3,0.2,81,157
1,0.2,81,58
2,0.2,81,166
3,0.2,81,45
1,0.2,81,64
2,0.2,81,178
3,0.2,81,39
1,0.2,81,146
2,0.2,81,357
3,0.2,81,90
1,0.2,81,41
2,0.2,81,116
3,0.2,81,30
1,0.2,81,150
2,0.2,81,204
3,0.2,81,137
1,0.2,81,28
2,0.2,81,205
3,0.2,81,13
1,0.2,81,73
2,0.2,81,146
3,0.2,81,57
1,0.2,81,17
2,0.2,81,67
3,0.2,81,8
1,0.2,81,214
2,0.2,81,428
3,0.2,81,158
1,0.2,81,19
2,0.2,81,41
3,0.2,81,15
1,0.2,81,43
2,0.2,81,188
3,0.2,81,22
1,0.2,81,133
2,0.2,81,224
3,0.2,81,104
1,0.2,81,35
2,0.2,81,116
3,0.2,81,23
1,0.2,81,118
2,0.2,81,328
3,0.2,81,86
1,0.2,81,292
2,0.2,81,725
3,0.2,81,186
1,0.2,81,30
2,0.2,81,110
3,0.2,81,20
1,0.2,81,10
2,0.2,81,164
3,0.2,81,3
1,0.2,81,16
2,0.2,81,88
3,0.2,81,8
1,0.2,81,62
2,0.2,81,115
3,0.2,81,50
1,0.2,81,17
2,0.2,81,89
3,0.2,81,13
1,0.2,81,83
2,0.2,81,168
3,0.2,81,63
1,0.2,81,45
2,0.2,81,122
3,0.2,81,30
1,0.2,81,25
2,0.2,81,117
3,0.2,81,13
1,0.2,81,27
2,0.2,81,166
3,0.2,81,13
1,0.2,81,137
2,0.2,81,296
3,0.2,81,107
1,0.2,81,9
2,0.2,81,61
3,0.2,81,4
1,0.2,81,18
2,0.2,81,62
3,0.2,81,15
1,0.2,81,120
2,0.2,81,432
3,0.2,81,72
1,0.2,81,52
2,0.2,81,260
3,0.2,81,29
1,0.2,81,143
2,0.2,81,361
3,0.2,81,102
1,0.2,81,109
2,0.2,81,315
3,0.2,81,82
1,0.2,81,176
2,0.2,81,474
3,0.2,81,104
1,0.2,81,13
2,0.2,81,178
3,0.2,81,6
1,0.2,81,34
2,0.2,81,121
3,0.2,81,23
1,0.2,81,12
2,0.2,81,47
3,0.2,81,8
1,0.2,81,41
2,0.2,81,177
3,0.2,81,29
1,0.2,81,89
2,0.2,81,230
3,0.2,81,66
1,0.2,81,37
2,0.2,81,199
3,0.2,81,16
1,0.2,81,101
2,0.2,81,224
3,0.2,81,84
1,0.2,81,188
2,0.2,81,643
3,0.2,81,86
1,0.2,81,23
2,0.2,81,203
3,0.2,81,16
1,0.2,81,82
2,0.2,81,261
3,0.2,81,59
1,0.2,81,20
2,0.2,81,95
3,0.2,81,16
1,0.2,81,15
2,0.2,81,94
3,0.2,81,5
1,0.2,81,77
2,0.2,81,287
3,0.2,81,42
1,0.2,81,42
2,0.2,81,176
3,0.2,81,17
1,0.2,81,12
2,0.2,81,29
3,0.2,81,5
1,0.2,81,40
2,0.2,81,145
3,0.2,81,28
1,0.2,81,297
2,0.2,81,546
3,0.2,81,216
1,0.2,81,124
2,0.2,81,254
3,0.2,81,93
1,0.2,81,92
2,0.2,81,257
3,0.2,81,61
1,0.2,81,12
2,0.2,81,61
3,0.2,81,7
1,0.2,81,28
2,0.2,81,175
3,0.2,81,19
1,0.2,81,209
2,0.2,81,483
3,0.2,81,156
1,0.2,81,100
2,0.2,81,207
3,0.2,81,76
1,0.2,81,97
2,0.2,81,178
3,0.2,81,86
1,0.2,81,156
2,0.2,81,316
3,0.2,81,122
1,0.2,81,87
2,0.2,81,258
3,0.2,81,55
1,0.2,81,79
2,0.2,81,206
3,0.2,81,48
1,0.2,81,43
2,0.2,81,141
3,0.2,81,30
1,0.2,81,57
2,0.2,81,186
3,0.2,81,33
1,0.2,81,177
2,0.2,81,296
3,0.2,81,145
1,0.2,81,27
2,0.2,81,135
3,0.2,81,16
1,0.2,81,113
2,0.2,81,277
3,0.2,81,97
1,0.2,81,40
2,0.2,81,158
3,0.2,81,27
1,0.2,81,41
2,0.2,81,147
3,0.2,81,27
1,0.2,81,36
2,0.2,81,98
3,0.2,81,27
1,0.2,81,72
2,0.2,81,175
3,0.2,81,52
1,0.2,81,87
2,0.2,81,312
3,0.2,81,59
1,0.2,81,100
2,0.2,81,295
3,0.2,81,73
1,0.2,81,59
2,0.2,81,179
3,0.2,81,38
1,0.2,81,40
2,0.2,81,150
3,0.2,81,20
1,0.2,81,169
2,0.2,81,404
3,0.2,81,127
1,0.2,81,157
2,0.2,81,374
3,0.2,81,100
1,0.2,81,102
2,0.2,81,268
3,0.2,81,76
1,0.2,81,23
2,0.2,81,143
3,0.2,81,14
1,0.2,81,14
2,0.2,81,148
3,0.2,81,4
1,0.2,81,26
2,0.2,81,177
3,0.2,81,16
1,0.2,81,118
2,0.2,81,273
3,0.2,81,91
1,0.2,81,102
2,0.2,81,223
3,0.2,81,80
1,0.2,81,52
2,0.2,81,144
3,0.2,81,40
1,0.2,81,32
2,0.2,81,164
3,0.2,81,17
1,0.2,81,21
2,0.2,81,145
3,0.2,81,13
1,0.2,81,70
2,0.2,81,341
3,0.2,81,45
1,0.2,81,15
2,0.2,81,76
3,0.2,81,10
1,0.2,81,72
2,0.2,81,263
3,0.2,81,37
1,0.2,81,31
2,0.2,81,146
3,0.2,81,17
1,0.2,81,8
2,0.2,81,73
3,0.2,81,1
1,0.2,81,16
2,0.2,81,73
3,0.2,81,9
1,0.2,81,219
2,0.2,81,395
3,0.2,81,188
1,0.2,81,47
2,0.2,81,200
3,0.2,81,32
1,0.2,81,188
2,0.2,81,375
3,0.2,81,147
1,0.2,81,49
2,0.2,81,162
3,0.2,81,35
1,0.2,81,53
2,0.2,81,189
3,0.2,81,34
1,0.2,101,31
2,0.2,101,239
3,0.2,101,15
1,0.2,101,9
2,0.2,101,62
3,0.2,101,6
1,0.2,101,111
2,0.2,101,396
3,0.2,101,74
1,0.2,101,20
2,0.2,101,147
3,0.2,101,11
1,0.2,101,1
2,0.2,101,3
3,0.2,101,0
1,0.2,101,49
2,0.2,101,145
3,0.2,101,43
1,0.2,101,37
2,0.2,101,204
3,0.2,101,21
1,0.2,101,78
2,0.2,101,275
3,0.2,101,48
1,0.2,101,115
2,0.2,101,339
3,0.2,101,85
1,0.2,101,131
2,0.2,101,213
3,0.2,101,109
1,0.2,101,42
2,0.2,101,175
3,0.2,101,23
1,0.2,101,60
2,0.2,101,359
3,0.2,101,35
1,0.2,101,91
2,0.2,101,294
3,0.2,101,58
1,0.2,101,82
2,0.2,101,208
3,0.2,101,58
1,0.2,101,112
2,0.2,101,295
3,0.2,101,77
1,0.2,101,274
2,0.2,101,403
3,0.2,101,245
1,0.2,101,204
2,0.2,101,309
3,0.2,101,192
1,0.2,101,108
2,0.2,101,185
3,0.2,101,87
1,0.2,101,6
2,0.2,101,94
3,0.2,101,3
1,0.2,101,58
2,0.2,101,140
3,0.2,101,42
1,0.2,101,28
2,0.2,101,144
3,0.2,101,12
1,0.2,101,60
2,0.2,101,226
3,0.2,101,39
1,0.2,101,23
2,0.2,101,129
3,0.2,101,10
1,0.2,101,24
2,0.2,101,123
3,0.2,101,22
1,0.2,101,41
2,0.2,101,117
3,0.2,101,31
1,0.2,101,55
2,0.2,101,183
3,0.2,101,25
1,0.2,101,15
2,0.2,101,91
3,0.2,101,12
1,0.2,101,26
2,0.2,101,96
3,0.2,101,19
1,0.2,101,53
2,0.2,101,124
3,0.2,101,41
1,0.2,101,41
2,0.2,101,122
3,0.2,101,29
1,0.2,101,28
2,0.2,101,159
3,0.2,101,15
1,0.2,101,40
2,0.2,101,109
3,0.2,101,29
1,0.2,101,75
2,0.2,101,240
3,0.2,101,48
1,0.2,101,2
2,0.2,101,50
3,0.2,101,0
1,0.2,101,64
2,0.2,101,273
3,0.2,101,37
1,0.2,101,237
2,0.2,101,371
3,0.2,101,218
1,0.2,101,93
2,0.2,101,186
3,0.2,101,78
1,0.2,101,192
2,0.2,101,496
3,0.2,101,122
1,0.2,101,30
2,0.2,101,108
3,0.2,101,22
1,0.2,101,180
2,0.2,101,546
3,0.2,101,108
1,0.2,101,101
2,0.2,101,241
3,0.2,101,76
1,0.2,101,190
2,0.2,101,368
3,0.2,101,140
1,0.2,101,89
2,0.2,101,199
3,0.2,101,66
1,0.2,101,119
2,0.2,101,287
3,0.2,101,80
1,0.2,101,178
2,0.2,101,290
3,0.2,101,155
1,0.2,101,135
2,0.2,101,331
3,0.2,101,85
1,0.2,101,46
2,0.2,101,110
3,0.2,101,33
1,0.2,101,277
2,0.2,101,633
3,0.2,101,156
1,0.2,101,24
2,0.2,101,109
3,0.2,101,15
1,0.2,101,73
2,0.2,101,243
3,0.2,101,43
1,0.2,101,9
2,0.2,101,83
3,0.2,101,3
1,0.2,101,22
2,0.2,101,77
3,0.2,101,18
1,0.2,101,92
2,0.2,101,254
3,0.2,101,56
1,0.2,101,70
2,0.2,101,259
3,0.2,101,49
1,0.2,101,129
2,0.2,101,435
3,0.2,101,91
1,0.2,101,38
2,0.2,101,190
3,0.2,101,20
1,0.2,101,62
2,0.2,101,227
3,0.2,101,42
1,0.2,101,46
2,0.2,101,142
3,0.2,101,34
1,0.2,101,57
2,0.2,101,188
3,0.2,101,38
1,0.2,101,40
2,0.2,101,104
3,0.2,101,29
1,0.2,101,29
2,0.2,101,103
3,0.2,101,20
1,0.2,101,213
2,0.2,101,338
3,0.2,101,186
1,0.2,101,10
2,0.2,101,21
3,0.2,101,9
1,0.2,101,17
2,0.2,101,93
3,0.2,101,12
1,0.2,101,17
2,0.2,101,66
3,0.2,101,10
1,0.2,101,81
2,0.2,101,258
3,0.2,101,55
1,0.2,101,13
2,0.2,101,87
3,0.2,101,9
1,0.2,101,29
2,0.2,101,61
3,0.2,101,23
1,0.2,101,36
2,0.2,101,79
3,0.2,101,25
1,0.2,101,598
2,0.2,101,712
3,0.2,101,574
1,0.2,101,63
2,0.2,101,271
3,0.2,101,34
1,0.2,101,73
2,0.2,101,206
3,0.2,101,63
1,0.2,101,106
2,0.2,101,299
3,0.2,101,70
1,0.2,101,49
2,0.2,101,220
3,0.2,101,28
1,0.2,101,70
2,0.2,101,154
3,0.2,101,51
1,0.2,101,162
2,0.2,101,308
3,0.2,101,127
1,0.2,101,25
2,0.2,101,116
3,0.2,101,13
1,0.2,101,103
2,0.2,101,304
3,0.2,101,70
1,0.2,101,128
2,0.2,101,267
3,0.2,101,109
1,0.2,101,97
2,0.2,101,237
3,0.2,101,73
1,0.2,101,144
2,0.2,101,261
3,0.2,101,119
1,0.2,101,6
2,0.2,101,61
3,0.2,101,2
1,0.2,101,18
2,0.2,101,135
3,0.2,101,10
1,0.2,101,35
2,0.2,101,148
3,0.2,101,19
1,0.2,101,55
2,0.2,101,257
3,0.2,101,27
1,0.2,101,303
2,0.2,101,447
3,0.2,101,273
1,0.2,101,142
2,0.2,101,242
3,0.2,101,113
1,0.2,101,57
2,0.2,101,148
3,0.2,101,46
1,0.2,101,10
2,0.2,101,92
3,0.2,101,9
1,0.2,101,122
2,0.2,101,322
3,0.2,101,78
1,0.2,101,35
2,0.2,101,104
3,0.2,101,23
1,0.2,101,17
2,0.2,101,86
3,0.2,101,12
1,0.2,101,395
2,0.2,101,648
3,0.2,101,315
1,0.2,101,53
2,0.2,101,241
3,0.2,101,28
1,0.2,101,101
2,0.2,101,285
3,0.2,101,65
1,0.2,101,26
2,0.2,101,68
3,0.2,101,14
1,0.2,101,141
2,0.2,101,455
3,0.2,101,73
1,0.2,101,77
2,0.2,101,226
3,0.2,101,49
1,0.2,101,34
2,0.2,101,193
3,0.2,101,27
1,0.2,101,81
2,0.2,101,230
3,0.2,101,60
1,0.2,201,49
2,0.2,201,181
3,0.2,201,35
1,0.2,201,10
2,0.2,201,58
3,0.2,201,3
1,0.2,201,75
2,0.2,201,244
3,0.2,201,51
1,0.2,201,3
2,0.2,201,61
3,0.2,201,1
1,0.2,201,26
2,0.2,201,120
3,0.2,201,20
1,0.2,201,151
2,0.2,201,239
3,0.2,201,128
1,0.2,201,75
2,0.2,201,245
3,0.2,201,35
1,0.2,201,44
2,0.2,201,131
3,0.2,201,33
1,0.2,201,133
2,0.2,201,240
3,0.2,201,106
1,0.2,201,39
2,0.2,201,98
3,0.2,201,29
1,0.2,201,110
2,0.2,201,398
3,0.2,201,63
1,0.2,201,7
2,0.2,201,22
3,0.2,201,5
1,0.2,201,92
2,0.2,201,301
3,0.2,201,69
1,0.2,201,71
2,0.2,201,103
3,0.2,201,70
1,0.2,201,21
2,0.2,201,79
3,0.2,201,15
1,0.2,201,43
2,0.2,201,71
3,0.2,201,40
1,0.2,201,97
2,0.2,201,244
3,0.2,201,66
1,0.2,201,677
2,0.2,201,830
3,0.2,201,618
1,0.2,201,3
2,0.2,201,69
3,0.2,201,0
1,0.2,201,11
2,0.2,201,58
3,0.2,201,7
1,0.2,201,67
2,0.2,201,193
3,0.2,201,57
1,0.2,201,45
2,0.2,201,169
3,0.2,201,32
1,0.2,201,27
2,0.2,201,82
3,0.2,201,19
1,0.2,201,12
2,0.2,201,44
3,0.2,201,7
1,0.2,201,180
2,0.2,201,264
3,0.2,201,159
1,0.2,201,22
2,0.2,201,92
3,0.2,201,14
1,0.2,201,8
2,0.2,201,32
3,0.2,201,6
1,0.2,201,221
2,0.2,201,421
3,0.2,201,178
1,0.2,201,337
2,0.2,201,533
3,0.2,201,292
1,0.2,201,42
2,0.2,201,198
3,0.2,201,27
1,0.2,201,35
2,0.2,201,94
3,0.2,201,28
1,0.2,201,57
2,0.2,201,185
3,0.2,201,43
1,0.2,201,25
2,0.2,201,71
3,0.2,201,13
1,0.2,201,24
2,0.2,201,72
3,0.2,201,15
1,0.2,201,102
2,0.2,201,306
3,0.2,201,66
1,0.2,201,157
2,0.2,201,262
3,0.2,201,134
1,0.2,201,59
2,0.2,201,138
3,0.2,201,43
1,0.2,201,26
2,0.2,201,126
3,0.2,201,20
1,0.2,201,83
2,0.2,201,241
3,0.2,201,50
1,0.2,201,25
2,0.2,201,57
3,0.2,201,20
1,0.2,201,53
2,0.2,201,165
3,0.2,201,36
1,0.2,201,131
2,0.2,201,275
3,0.2,201,106
1,0.2,201,58
2,0.2,201,132
3,0.2,201,45
1,0.2,201,84
2,0.2,201,279
3,0.2,201,50
1,0.2,201,142
2,0.2,201,237
3,0.2,201,115
1,0.2,201,89
2,0.2,201,246
3,0.2,201,69
1,0.2,201,51
2,0.2,201,176
3,0.2,201,38
1,0.2,201,66
2,0.2,201,155
3,0.2,201,48
1,0.2,201,76
2,0.2,201,234
3,0.2,201,44
1,0.2,201,137
2,0.2,201,407
3,0.2,201,76
1,0.2,201,26
2,0.2,201,86
3,0.2,201,17
1,0.2,201,22
2,0.2,201,71
3,0.2,201,13
1,0.2,201,9
2,0.2,201,27
3,0.2,201,7
1,0.2,201,43
2,0.2,201,149
3,0.2,201,34
1,0.2,201,171
2,0.2,201,270
3,0.2,201,151
1,0.2,201,52
2,0.2,201,76
3,0.2,201,44
1,0.2,201,16
2,0.2,201,38
3,0.2,201,14
1,0.2,201,42
2,0.2,201,112
3,0.2,201,33
1,0.2,201,43
2,0.2,201,169
3,0.2,201,27
1,0.2,201,32
2,0.2,201,56
3,0.2,201,26
1,0.2,201,157
2,0.2,201,333
3,0.2,201,127
1,0.2,201,107
2,0.2,201,232
3,0.2,201,90
1,0.2,201,63
2,0.2,201,138
3,0.2,201,47
1,0.2,201,127
2,0.2,201,284
3,0.2,201,100
1,0.2,201,118
2,0.2,201,349
3,0.2,201,67
1,0.2,201,1
2,0.2,201,6
3,0.2,201,0
1,0.2,201,52
2,0.2,201,111
3,0.2,201,38
1,0.2,201,202
2,0.2,201,446
3,0.2,201,141
1,0.2,201,45
2,0.2,201,123
3,0.2,201,27
1,0.2,201,56
2,0.2,201,66
3,0.2,201,50
1,0.2,201,137
2,0.2,201,338
3,0.2,201,108
1,0.2,201,93
2,0.2,201,391
3,0.2,201,52
1,0.2,201,22
2,0.2,201,74
3,0.2,201,20
1,0.2,201,15
2,0.2,201,85
3,0.2,201,14
1,0.2,201,45
2,0.2,201,184
3,0.2,201,28
1,0.2,201,93
2,0.2,201,213
3,0.2,201,70
1,0.2,201,17
2,0.2,201,138
3,0.2,201,8
1,0.2,201,21
2,0.2,201,77
3,0.2,201,8
1,0.2,201,60
2,0.2,201,159
3,0.2,201,44
1,0.2,201,257
2,0.2,201,695
3,0.2,201,150
1,0.2,201,115
2,0.2,201,178
3,0.2,201,102
1,0.2,201,23
2,0.2,201,69
3,0.2,201,15
1,0.2,201,106
2,0.2,201,289
3,0.2,201,77
1,0.2,201,26
2,0.2,201,236
3,0.2,201,17
1,0.2,201,158
2,0.2,201,293
3,0.2,201,120
1,0.2,201,269
2,0.2,201,377
3,0.2,201,253
1,0.2,201,130
2,0.2,201,197
3,0.2,201,118
1,0.2,201,38
2,0.2,201,130
3,0.2,201,29
1,0.2,201,6
2,0.2,201,110
3,0.2,201,3
1,0.2,201,6
2,0.2,201,40
3,0.2,201,2
1,0.2,201,30
2,0.2,201,209
3,0.2,201,7
1,0.2,201,59
2,0.2,201,126
3,0.2,201,52
1,0.2,201,167
2,0.2,201,284
3,0.2,201,150
1,0.2,201,32
2,0.2,201,144
3,0.2,201,25
1,0.2,201,22
2,0.2,201,206
3,0.2,201,10
1,0.2,201,47
2,0.2,201,116
3,0.2,201,40
1,0.2,201,3
2,0.2,201,16
3,0.2,201,2
1,0.2,201,15
2,0.2,201,44
3,0.2,201,8
1,0.2,201,5
2,0.2,201,25
3,0.2,201,5
1,0.2,201,208
2,0.2,201,406
3,0.2,201,177
