1,0.025,11,401
2,0.025,11,939
3,0.025,11,144
1,0.025,11,68
2,0.025,11,382
3,0.025,11,28
1,0.025,11,717
2,0.025,11,1000
3,0.025,11,158
1,0.025,11,672
2,0.025,11,993
3,0.025,11,213
1,0.025,11,627
2,0.025,11,996
3,0.025,11,188
1,0.025,11,699
2,0.025,11,988
3,0.025,11,337
1,0.025,11,572
2,0.025,11,947
3,0.025,11,247
1,0.025,11,381
2,0.025,11,923
3,0.025,11,140
1,0.025,11,922
2,0.025,11,999
3,0.025,11,623
1,0.025,11,991
2,0.025,11,1000
3,0.025,11,919
1,0.025,11,959
2,0.025,11,1000
3,0.025,11,808
1,0.025,11,460
2,0.025,11,925
3,0.025,11,179
1,0.025,11,847
2,0.025,11,999
3,0.025,11,439
1,0.025,11,987
2,0.025,11,1000
3,0.025,11,875
1,0.025,11,821
2,0.025,11,1000
3,0.025,11,466
1,0.025,11,978
2,0.025,11,1000
3,0.025,11,936
1,0.025,11,953
2,0.025,11,1000
3,0.025,11,749
1,0.025,11,856
2,0.025,11,1000
3,0.025,11,487
1,0.025,11,401
2,0.025,11,852
3,0.025,11,121
1,0.025,11,433
2,0.025,11,903
3,0.025,11,126
1,0.025,11,1000
2,0.025,11,1000
3,0.025,11,987
1,0.025,11,508
2,0.025,11,948
3,0.025,11,201
1,0.025,11,570
2,0.025,11,966
3,0.025,11,181
1,0.025,11,157
2,0.025,11,678
3,0.025,11,42
1,0.025,11,928
2,0.025,11,979
3,0.025,11,721
1,0.025,11,660
2,0.025,11,999
3,0.025,11,232
1,0.025,11,188
2,0.025,11,677
3,0.025,11,78
1,0.025,11,935
2,0.025,11,1000
3,0.025,11,563
1,0.025,11,774
2,0.025,11,996
3,0.025,11,405
1,0.025,11,648
2,0.025,11,995
3,0.025,11,263
1,0.025,11,893
2,0.025,11,1000
3,0.025,11,466
1,0.025,11,188
2,0.025,11,638
3,0.025,11,56
1,0.025,11,322
2,0.025,11,931
3,0.025,11,66
1,0.025,11,725
2,0.025,11,997
3,0.025,11,326
1,0.025,11,642
2,0.025,11,966
3,0.025,11,289
1,0.025,11,979
2,0.025,11,1000
3,0.025,11,778
1,0.025,11,336
2,0.025,11,827
3,0.025,11,94
1,0.025,11,678
2,0.025,11,982
3,0.025,11,268
1,0.025,11,191
2,0.025,11,994
3,0.025,11,15
1,0.025,11,802
2,0.025,11,994
3,0.025,11,392
1,0.025,11,828
2,0.025,11,995
3,0.025,11,493
1,0.025,11,691
2,0.025,11,986
3,0.025,11,327
1,0.025,11,994
2,0.025,11,1000
3,0.025,11,843
1,0.025,11,666
2,0.025,11,998
3,0.025,11,175
1,0.025,11,896
2,0.025,11,998
3,0.025,11,571
1,0.025,11,599
2,0.025,11,948
3,0.025,11,241
1,0.025,11,570
2,0.025,11,967
3,0.025,11,212
1,0.025,11,744
2,0.025,11,987
3,0.025,11,524
1,0.025,11,51
2,0.025,11,565
3,0.025,11,15
1,0.025,11,713
2,0.025,11,985
3,0.025,11,393
1,0.025,11,510
2,0.025,11,944
3,0.025,11,148
1,0.025,11,665
2,0.025,11,998
3,0.025,11,178
1,0.025,11,369
2,0.025,11,931
3,0.025,11,143
1,0.025,11,697
2,0.025,11,993
3,0.025,11,365
1,0.025,11,801
2,0.025,11,1000
3,0.025,11,401
1,0.025,11,552
2,0.025,11,940
3,0.025,11,254
1,0.025,11,653
2,0.025,11,965
3,0.025,11,273
1,0.025,11,560
2,0.025,11,987
3,0.025,11,283
1,0.025,11,350
2,0.025,11,950
3,0.025,11,145
1,0.025,11,858
2,0.025,11,1000
3,0.025,11,321
1,0.025,11,848
2,0.025,11,992
3,0.025,11,298
1,0.025,11,881
2,0.025,11,990
3,0.025,11,516
1,0.025,11,939
2,0.025,11,1000
3,0.025,11,639
1,0.025,11,963
2,0.025,11,1000
3,0.025,11,750
1,0.025,11,393
2,0.025,11,900
3,0.025,11,150
1,0.025,11,906
2,0.025,11,999
3,0.025,11,565
1,0.025,11,298
2,0.025,11,750
3,0.025,11,126
1,0.025,11,992
2,0.025,11,1000
3,0.025,11,874
1,0.025,11,295
2,0.025,11,919
3,0.025,11,74
1,0.025,11,976
2,0.025,11,1000
3,0.025,11,806
1,0.025,11,1000
2,0.025,11,1000
3,0.025,11,983
1,0.025,11,564
2,0.025,11,904
3,0.025,11,267
1,0.025,11,944
2,0.025,11,1000
3,0.025,11,681
1,0.025,11,587
2,0.025,11,969
3,0.025,11,297
1,0.025,11,814
2,0.025,11,992
3,0.025,11,413
1,0.025,11,947
2,0.025,11,998
3,0.025,11,697
1,0.025,11,248
2,0.025,11,866
3,0.025,11,53
1,0.025,11,766
2,0.025,11,997
3,0.025,11,253
1,0.025,11,947
2,0.025,11,1000
3,0.025,11,697
1,0.025,11,575
2,0.025,11,992
3,0.025,11,250
1,0.025,11,503
2,0.025,11,945
3,0.025,11,195
1,0.025,11,46
2,0.025,11,599
3,0.025,11,8
1,0.025,11,360
2,0.025,11,924
3,0.025,11,90
1,0.025,11,36
2,0.025,11,585
3,0.025,11,9
1,0.025,11,846
2,0.025,11,1000
3,0.025,11,419
1,0.025,11,872
2,0.025,11,997
3,0.025,11,572
1,0.025,11,864
2,0.025,11,995
3,0.025,11,400
1,0.025,11,466
2,0.025,11,967
3,0.025,11,102
1,0.025,11,534
2,0.025,11,861
3,0.025,11,234
1,0.025,11,658
2,0.025,11,987
3,0.025,11,215
1,0.025,11,942
2,0.025,11,997
3,0.025,11,657
1,0.025,11,430
2,0.025,11,952
3,0.025,11,110
1,0.025,11,906
2,0.025,11,993
3,0.025,11,509
1,0.025,11,856
2,0.025,11,1000
3,0.025,11,525
1,0.025,11,411
2,0.025,11,865
3,0.025,11,128
1,0.025,11,880
2,0.025,11,1000
3,0.025,11,537
1,0.025,11,771
2,0.025,11,992
3,0.025,11,287
1,0.025,11,941
2,0.025,11,1000
3,0.025,11,711
1,0.025,11,489
2,0.025,11,972
3,0.025,11,105
1,0.025,11,672
2,0.025,11,994
3,0.025,11,244
1,0.025,21,400
2,0.025,21,995
3,0.025,21,57
1,0.025,21,369
2,0.025,21,945
3,0.025,21,78
1,0.025,21,640
2,0.025,21,989
3,0.025,21,188
1,0.025,21,843
2,0.025,21,1000
3,0.025,21,216
1,0.025,21,701
2,0.025,21,984
3,0.025,21,166
1,0.025,21,637
2,0.025,21,982
3,0.025,21,281
1,0.025,21,642
2,0.025,21,998
3,0.025,21,190
1,0.025,21,706
2,0.025,21,995
3,0.025,21,187
1,0.025,21,778
2,0.025,21,996
3,0.025,21,347
1,0.025,21,994
2,0.025,21,1000
3,0.025,21,744
1,0.025,21,973
2,0.025,21,1000
3,0.025,21,839
1,0.025,21,549
2,0.025,21,998
3,0.025,21,114
1,0.025,21,907
2,0.025,21,1000
3,0.025,21,490
1,0.025,21,963
2,0.025,21,1000
3,0.025,21,699
1,0.025,21,693
2,0.025,21,1000
3,0.025,21,245
1,0.025,21,995
2,0.025,21,1000
3,0.025,21,890
1,0.025,21,966
2,0.025,21,999
3,0.025,21,737
1,0.025,21,763
2,0.025,21,982
3,0.025,21,373
1,0.025,21,123
2,0.025,21,806
3,0.025,21,15
1,0.025,21,410
2,0.025,21,993
3,0.025,21,131
1,0.025,21,959
2,0.025,21,1000
3,0.025,21,634
1,0.025,21,612
2,0.025,21,999
3,0.025,21,208
1,0.025,21,133
2,0.025,21,922
3,0.025,21,13
1,0.025,21,334
2,0.025,21,961
3,0.025,21,83
1,0.025,21,930
2,0.025,21,989
3,0.025,21,748
1,0.025,21,903
2,0.025,21,1000
3,0.025,21,549
1,0.025,21,402
2,0.025,21,928
3,0.025,21,163
1,0.025,21,828
2,0.025,21,999
3,0.025,21,421
1,0.025,21,811
2,0.025,21,1000
3,0.025,21,330
1,0.025,21,706
2,0.025,21,996
3,0.025,21,263
1,0.025,21,915
2,0.025,21,1000
3,0.025,21,427
1,0.025,21,61
2,0.025,21,752
3,0.025,21,15
1,0.025,21,766
2,0.025,21,1000
3,0.025,21,304
1,0.025,21,704
2,0.025,21,988
3,0.025,21,297
1,0.025,21,616
2,0.025,21,985
3,0.025,21,259
1,0.025,21,972
2,0.025,21,1000
3,0.025,21,790
1,0.025,21,729
2,0.025,21,997
3,0.025,21,242
1,0.025,21,728
2,0.025,21,1000
3,0.025,21,217
1,0.025,21,9
2,0.025,21,190
3,0.025,21,3
1,0.025,21,783
2,0.025,21,1000
3,0.025,21,320
1,0.025,21,651
2,0.025,21,994
3,0.025,21,294
1,0.025,21,748
2,0.025,21,991
3,0.025,21,453
1,0.025,21,913
2,0.025,21,1000
3,0.025,21,503
1,0.025,21,632
2,0.025,21,1000
3,0.025,21,288
1,0.025,21,856
2,0.025,21,996
3,0.025,21,640
1,0.025,21,725
2,0.025,21,980
3,0.025,21,335
1,0.025,21,662
2,0.025,21,980
3,0.025,21,200
1,0.025,21,883
2,0.025,21,1000
3,0.025,21,384
1,0.025,21,90
2,0.025,21,924
3,0.025,21,7
1,0.025,21,603
2,0.025,21,998
3,0.025,21,257
1,0.025,21,653
2,0.025,21,975
3,0.025,21,244
1,0.025,21,396
2,0.025,21,991
3,0.025,21,63
1,0.025,21,325
2,0.025,21,976
3,0.025,21,65
1,0.025,21,783
2,0.025,21,964
3,0.025,21,475
1,0.025,21,539
2,0.025,21,998
3,0.025,21,67
1,0.025,21,821
2,0.025,21,994
3,0.025,21,421
1,0.025,21,832
2,0.025,21,999
3,0.025,21,423
1,0.025,21,742
2,0.025,21,1000
3,0.025,21,112
1,0.025,21,254
2,0.025,21,958
3,0.025,21,36
1,0.025,21,650
2,0.025,21,994
3,0.025,21,301
1,0.025,21,569
2,0.025,21,993
3,0.025,21,218
1,0.025,21,938
2,0.025,21,1000
3,0.025,21,557
1,0.025,21,939
2,0.025,21,1000
3,0.025,21,618
1,0.025,21,993
2,0.025,21,1000
3,0.025,21,803
1,0.025,21,521
2,0.025,21,970
3,0.025,21,157
1,0.025,21,864
2,0.025,21,996
3,0.025,21,578
1,0.025,21,483
2,0.025,21,954
3,0.025,21,198
1,0.025,21,955
2,0.025,21,997
3,0.025,21,714
1,0.025,21,200
2,0.025,21,722
3,0.025,21,95
1,0.025,21,986
2,0.025,21,1000
3,0.025,21,858
1,0.025,21,999
2,0.025,21,1000
3,0.025,21,931
1,0.025,21,670
2,0.025,21,914
3,0.025,21,413
1,0.025,21,882
2,0.025,21,1000
3,0.025,21,470
1,0.025,21,616
2,0.025,21,998
3,0.025,21,209
1,0.025,21,973
2,0.025,21,1000
3,0.025,21,548
1,0.025,21,875
2,0.025,21,1000
3,0.025,21,481
1,0.025,21,824
2,0.025,21,1000
3,0.025,21,375
1,0.025,21,590
2,0.025,21,989
3,0.025,21,68
1,0.025,21,957
2,0.025,21,1000
3,0.025,21,618
1,0.025,21,809
2,0.025,21,1000
3,0.025,21,272
1,0.025,21,873
2,0.025,21,996
3,0.025,21,529
1,0.025,21,56
2,0.025,21,695
3,0.025,21,4
1,0.025,21,218
2,0.025,21,935
3,0.025,21,26
1,0.025,21,65
2,0.025,21,606
3,0.025,21,7
1,0.025,21,970
2,0.025,21,1000
3,0.025,21,738
1,0.025,21,987
2,0.025,21,1000
3,0.025,21,747
1,0.025,21,899
2,0.025,21,1000
3,0.025,21,586
1,0.025,21,373
2,0.025,21,982
3,0.025,21,71
1,0.025,21,359
2,0.025,21,856
3,0.025,21,160
1,0.025,21,405
2,0.025,21,954
3,0.025,21,142
1,0.025,21,951
2,0.025,21,1000
3,0.025,21,552
1,0.025,21,372
2,0.025,21,947
3,0.025,21,118
1,0.025,21,597
2,0.025,21,980
3,0.025,21,237
1,0.025,21,617
2,0.025,21,971
3,0.025,21,227
1,0.025,21,418
2,0.025,21,993
3,0.025,21,108
1,0.025,21,885
2,0.025,21,990
3,0.025,21,521
1,0.025,21,682
2,0.025,21,972
3,0.025,21,285
1,0.025,21,993
2,0.025,21,1000
3,0.025,21,857
1,0.025,21,336
2,0.025,21,993
3,0.025,21,63
1,0.025,21,866
2,0.025,21,1000
3,0.025,21,348
1,0.025,41,250
2,0.025,41,989
3,0.025,41,31
1,0.025,41,277
2,0.025,41,688
3,0.025,41,159
1,0.025,41,601
2,0.025,41,1000
3,0.025,41,60
1,0.025,41,333
2,0.025,41,549
3,0.025,41,225
1,0.025,41,584
2,0.025,41,971
3,0.025,41,161
1,0.025,41,903
2,0.025,41,999
3,0.025,41,534
1,0.025,41,664
2,0.025,41,980
3,0.025,41,309
1,0.025,41,616
2,0.025,41,995
3,0.025,41,116
1,0.025,41,305
2,0.025,41,543
3,0.025,41,233
1,0.025,41,939
2,0.025,41,1000
3,0.025,41,587
1,0.025,41,1000
2,0.025,41,1000
3,0.025,41,925
1,0.025,41,274
2,0.025,41,905
3,0.025,41,83
1,0.025,41,851
2,0.025,41,1000
3,0.025,41,359
1,0.025,41,795
2,0.025,41,979
3,0.025,41,497
1,0.025,41,986
2,0.025,41,1000
3,0.025,41,559
1,0.025,41,845
2,0.025,41,1000
3,0.025,41,386
1,0.025,41,932
2,0.025,41,999
3,0.025,41,572
1,0.025,41,718
2,0.025,41,975
3,0.025,41,371
1,0.025,41,230
2,0.025,41,695
3,0.025,41,86
1,0.025,41,207
2,0.025,41,634
3,0.025,41,118
1,0.025,41,924
2,0.025,41,1000
3,0.025,41,494
1,0.025,41,354
2,0.025,41,856
3,0.025,41,174
1,0.025,41,139
2,0.025,41,764
3,0.025,41,36
1,0.025,41,454
2,0.025,41,994
3,0.025,41,116
1,0.025,41,872
2,0.025,41,984
3,0.025,41,620
1,0.025,41,802
2,0.025,41,995
3,0.025,41,221
1,0.025,41,527
2,0.025,41,979
3,0.025,41,214
1,0.025,41,474
2,0.025,41,799
3,0.025,41,339
1,0.025,41,237
2,0.025,41,432
3,0.025,41,180
1,0.025,41,431
2,0.025,41,848
3,0.025,41,260
1,0.025,41,205
2,0.025,41,334
3,0.025,41,154
1,0.025,41,152
2,0.025,41,923
3,0.025,41,36
1,0.025,41,245
2,0.025,41,757
3,0.025,41,139
1,0.025,41,566
2,0.025,41,942
3,0.025,41,263
1,0.025,41,580
2,0.025,41,982
3,0.025,41,198
1,0.025,41,974
2,0.025,41,1000
3,0.025,41,819
1,0.025,41,336
2,0.025,41,884
3,0.025,41,164
1,0.025,41,596
2,0.025,41,1000
3,0.025,41,111
1,0.025,41,11
2,0.025,41,314
3,0.025,41,0
1,0.025,41,678
2,0.025,41,995
3,0.025,41,159
1,0.025,41,547
2,0.025,41,983
3,0.025,41,177
1,0.025,41,841
2,0.025,41,991
3,0.025,41,476
1,0.025,41,896
2,0.025,41,1000
3,0.025,41,399
1,0.025,41,478
2,0.025,41,878
3,0.025,41,250
1,0.025,41,1000
2,0.025,41,1000
3,0.025,41,944
1,0.025,41,104
2,0.025,41,261
3,0.025,41,70
1,0.025,41,330
2,0.025,41,847
3,0.025,41,120
1,0.025,41,823
2,0.025,41,986
3,0.025,41,385
1,0.025,41,107
2,0.025,41,473
3,0.025,41,54
1,0.025,41,658
2,0.025,41,998
3,0.025,41,194
1,0.025,41,426
2,0.025,41,1000
3,0.025,41,23
1,0.025,41,172
2,0.025,41,416
3,0.025,41,115
1,0.025,41,174
2,0.025,41,445
3,0.025,41,104
1,0.025,41,693
2,0.025,41,989
3,0.025,41,344
1,0.025,41,859
2,0.025,41,995
3,0.025,41,366
1,0.025,41,324
2,0.025,41,999
3,0.025,41,142
1,0.025,41,60
2,0.025,41,181
3,0.025,41,34
1,0.025,41,511
2,0.025,41,1000
3,0.025,41,128
1,0.025,41,201
2,0.025,41,764
3,0.025,41,95
1,0.025,41,559
2,0.025,41,985
3,0.025,41,189
1,0.025,41,639
2,0.025,41,1000
3,0.025,41,122
1,0.025,41,872
2,0.025,41,999
3,0.025,41,476
1,0.025,41,893
2,0.025,41,995
3,0.025,41,381
1,0.025,41,979
2,0.025,41,1000
3,0.025,41,605
1,0.025,41,376
2,0.025,41,979
3,0.025,41,82
1,0.025,41,497
2,0.025,41,824
3,0.025,41,337
1,0.025,41,139
2,0.025,41,380
3,0.025,41,89
1,0.025,41,746
2,0.025,41,1000
3,0.025,41,189
1,0.025,41,325
2,0.025,41,987
3,0.025,41,20
1,0.025,41,562
2,0.025,41,720
3,0.025,41,462
1,0.025,41,764
2,0.025,41,971
3,0.025,41,517
1,0.025,41,906
2,0.025,41,1000
3,0.025,41,463
1,0.025,41,851
2,0.025,41,972
3,0.025,41,527
1,0.025,41,379
2,0.025,41,863
3,0.025,41,232
1,0.025,41,459
2,0.025,41,1000
3,0.025,41,48
1,0.025,41,743
2,0.025,41,970
3,0.025,41,468
1,0.025,41,315
2,0.025,41,920
3,0.025,41,144
1,0.025,41,301
2,0.025,41,626
3,0.025,41,166
1,0.025,41,955
2,0.025,41,994
3,0.025,41,710
1,0.025,41,861
2,0.025,41,1000
3,0.025,41,356
1,0.025,41,814
2,0.025,41,1000
3,0.025,41,245
1,0.025,41,87
2,0.025,41,440
3,0.025,41,42
1,0.025,41,64
2,0.025,41,493
3,0.025,41,32
1,0.025,41,80
2,0.025,41,607
3,0.025,41,36
1,0.025,41,442
2,0.025,41,653
3,0.025,41,330
1,0.025,41,744
2,0.025,41,998
3,0.025,41,275
1,0.025,41,993
2,0.025,41,1000
3,0.025,41,628
1,0.025,41,144
2,0.025,41,978
3,0.025,41,10
1,0.025,41,442
2,0.025,41,894
3,0.025,41,227
1,0.025,41,180
2,0.025,41,410
3,0.025,41,120
1,0.025,41,743
2,0.025,41,1000
3,0.025,41,289
1,0.025,41,175
2,0.025,41,552
3,0.025,41,90
1,0.025,41,969
2,0.025,41,999
3,0.025,41,660
1,0.025,41,440
2,0.025,41,995
3,0.025,41,71
1,0.025,41,448
2,0.025,41,950
3,0.025,41,210
1,0.025,41,397
2,0.025,41,751
3,0.025,41,273
1,0.025,41,299
2,0.025,41,556
3,0.025,41,216
1,0.025,41,565
2,0.025,41,985
3,0.025,41,198
1,0.025,41,288
2,0.025,41,992
3,0.025,41,27
1,0.025,41,724
2,0.025,41,995
3,0.025,41,285
1,0.025,81,21
2,0.025,81,83
3,0.025,81,10
1,0.025,81,32
2,0.025,81,191
3,0.025,81,14
1,0.025,81,37
2,0.025,81,132
3,0.025,81,22
1,0.025,81,84
2,0.025,81,208
3,0.025,81,54
1,0.025,81,15
2,0.025,81,78
3,0.025,81,7
1,0.025,81,732
2,0.025,81,980
3,0.025,81,442
1,0.025,81,135
2,0.025,81,288
3,0.025,81,86
1,0.025,81,577
2,0.025,81,998
3,0.025,81,64
1,0.025,81,947
2,0.025,81,1000
3,0.025,81,435
1,0.025,81,654
2,0.025,81,1000
3,0.025,81,61
1,0.025,81,999
2,0.025,81,1000
3,0.025,81,875
1,0.025,81,185
2,0.025,81,470
3,0.025,81,110
1,0.025,81,54
2,0.025,81,110
3,0.025,81,37
1,0.025,81,438
2,0.025,81,755
3,0.025,81,269
1,0.025,81,434
2,0.025,81,949
3,0.025,81,241
1,0.025,81,280
2,0.025,81,381
3,0.025,81,244
1,0.025,81,139
2,0.025,81,222
3,0.025,81,108
1,0.025,81,176
2,0.025,81,318
3,0.025,81,136
1,0.025,81,243
2,0.025,81,784
3,0.025,81,128
1,0.025,81,621
2,0.025,81,1000
3,0.025,81,29
1,0.025,81,912
2,0.025,81,1000
3,0.025,81,420
1,0.025,81,16
2,0.025,81,55
3,0.025,81,8
1,0.025,81,47
2,0.025,81,770
3,0.025,81,16
1,0.025,81,22
2,0.025,81,93
3,0.025,81,8
1,0.025,81,761
2,0.025,81,962
3,0.025,81,531
1,0.025,81,60
2,0.025,81,180
3,0.025,81,38
1,0.025,81,209
2,0.025,81,435
3,0.025,81,166
1,0.025,81,301
2,0.025,81,998
3,0.025,81,27
1,0.025,81,192
2,0.025,81,638
3,0.025,81,118
1,0.025,81,90
2,0.025,81,209
3,0.025,81,55
1,0.025,81,63
2,0.025,81,167
3,0.025,81,41
1,0.025,81,20
2,0.025,81,171
3,0.025,81,7
1,0.025,81,279
2,0.025,81,902
3,0.025,81,95
1,0.025,81,206
2,0.025,81,475
3,0.025,81,152
1,0.025,81,150
2,0.025,81,272
3,0.025,81,106
1,0.025,81,507
2,0.025,81,627
3,0.025,81,437
1,0.025,81,54
2,0.025,81,102
3,0.025,81,26
1,0.025,81,48
2,0.025,81,120
3,0.025,81,36
1,0.025,81,3
2,0.025,81,40
3,0.025,81,2
1,0.025,81,79
2,0.025,81,141
3,0.025,81,56
1,0.025,81,650
2,0.025,81,969
3,0.025,81,401
1,0.025,81,135
2,0.025,81,281
3,0.025,81,99
1,0.025,81,112
2,0.025,81,199
3,0.025,81,82
1,0.025,81,47
2,0.025,81,182
3,0.025,81,30
1,0.025,81,695
2,0.025,81,917
3,0.025,81,529
1,0.025,81,27
2,0.025,81,54
3,0.025,81,14
1,0.025,81,227
2,0.025,81,738
3,0.025,81,98
1,0.025,81,603
2,0.025,81,991
3,0.025,81,154
1,0.025,81,93
2,0.025,81,562
3,0.025,81,37
1,0.025,81,317
2,0.025,81,964
3,0.025,81,112
1,0.025,81,12
2,0.025,81,37
3,0.025,81,4
1,0.025,81,45
2,0.025,81,129
3,0.025,81,27
1,0.025,81,66
2,0.025,81,226
3,0.025,81,47
1,0.025,81,618
2,0.025,81,926
3,0.025,81,421
1,0.025,81,593
2,0.025,81,1000
3,0.025,81,100
1,0.025,81,671
2,0.025,81,979
3,0.025,81,381
1,0.025,81,46
2,0.025,81,170
3,0.025,81,24
1,0.025,81,450
2,0.025,81,957
3,0.025,81,106
1,0.025,81,122
2,0.025,81,400
3,0.025,81,70
1,0.025,81,392
2,0.025,81,800
3,0.025,81,222
1,0.025,81,128
2,0.025,81,352
3,0.025,81,83
1,0.025,81,657
2,0.025,81,924
3,0.025,81,493
1,0.025,81,89
2,0.025,81,209
3,0.025,81,54
1,0.025,81,378
2,0.025,81,870
3,0.025,81,216
1,0.025,81,197
2,0.025,81,598
3,0.025,81,110
1,0.025,81,67
2,0.025,81,151
3,0.025,81,45
1,0.025,81,99
2,0.025,81,222
3,0.025,81,62
1,0.025,81,230
2,0.025,81,436
3,0.025,81,168
1,0.025,81,6
2,0.025,81,62
3,0.025,81,4
1,0.025,81,701
2,0.025,81,997
3,0.025,81,242
1,0.025,81,172
2,0.025,81,361
3,0.025,81,124
1,0.025,81,195
2,0.025,81,339
3,0.025,81,141
1,0.025,81,176
2,0.025,81,347
3,0.025,81,128
1,0.025,81,71
2,0.025,81,285
3,0.025,81,49
1,0.025,81,289
2,0.025,81,612
3,0.025,81,198
1,0.025,81,650
2,0.025,81,1000
3,0.025,81,118
1,0.025,81,354
2,0.025,81,999
3,0.025,81,54
1,0.025,81,162
2,0.025,81,377
3,0.025,81,120
1,0.025,81,217
2,0.025,81,344
3,0.025,81,158
1,0.025,81,325
2,0.025,81,684
3,0.025,81,238
1,0.025,81,30
2,0.025,81,45
3,0.025,81,15
1,0.025,81,184
2,0.025,81,512
3,0.025,81,101
1,0.025,81,40
2,0.025,81,241
3,0.025,81,21
1,0.025,81,111
2,0.025,81,457
3,0.025,81,59
1,0.025,81,423
2,0.025,81,702
3,0.025,81,317
1,0.025,81,196
2,0.025,81,387
3,0.025,81,143
1,0.025,81,672
2,0.025,81,988
3,0.025,81,153
1,0.025,81,77
2,0.025,81,195
3,0.025,81,51
1,0.025,81,887
2,0.025,81,1000
3,0.025,81,340
1,0.025,81,265
2,0.025,81,666
3,0.025,81,188
1,0.025,81,364
2,0.025,81,512
3,0.025,81,264
1,0.025,81,96
2,0.025,81,251
3,0.025,81,62
1,0.025,81,110
2,0.025,81,154
3,0.025,81,89
1,0.025,81,361
2,0.025,81,868
3,0.025,81,192
1,0.025,81,177
2,0.025,81,940
3,0.025,81,40
1,0.025,81,126
2,0.025,81,220
3,0.025,81,105
1,0.025,81,140
2,0.025,81,257
3,0.025,81,99
1,0.025,81,78
2,0.025,81,168
3,0.025,81,42
1,0.025,81,57
2,0.025,81,218
3,0.025,81,34
1,0.025,81,238
2,0.025,81,518
3,0.025,81,152
1,0.025,101,149
2,0.025,101,1000
3,0.025,101,2
1,0.025,101,39
2,0.025,101,163
3,0.025,101,22
1,0.025,101,68
2,0.025,101,258
3,0.025,101,40
1,0.025,101,119
2,0.025,101,301
3,0.025,101,82
1,0.025,101,130
2,0.025,101,477
3,0.025,101,71
1,0.025,101,272
2,0.025,101,473
3,0.025,101,226
1,0.025,101,49
2,0.025,101,120
3,0.025,101,35
1,0.025,101,662
2,0.025,101,1000
3,0.025,101,42
1,0.025,101,134
2,0.025,101,366
3,0.025,101,95
1,0.025,101,323
2,0.025,101,460
3,0.025,101,267
1,0.025,101,352
2,0.025,101,651
3,0.025,101,268
1,0.025,101,17
2,0.025,101,74
3,0.025,101,9
1,0.025,101,438
2,0.025,101,877
3,0.025,101,226
1,0.025,101,688
2,0.025,101,975
3,0.025,101,366
1,0.025,101,431
2,0.025,101,918
3,0.025,101,207
1,0.025,101,579
2,0.025,101,731
3,0.025,101,494
1,0.025,101,700
2,0.025,101,1000
3,0.025,101,98
1,0.025,101,17
2,0.025,101,28
3,0.025,101,8
1,0.025,101,40
2,0.025,101,159
3,0.025,101,18
1,0.025,101,81
2,0.025,101,283
3,0.025,101,37
1,0.025,101,140
2,0.025,101,203
3,0.025,101,114
1,0.025,101,4
2,0.025,101,7
3,0.025,101,3
1,0.025,101,582
2,0.025,101,996
3,0.025,101,94
1,0.025,101,304
2,0.025,101,832
3,0.025,101,127
1,0.025,101,324
2,0.025,101,556
3,0.025,101,260
1,0.025,101,68
2,0.025,101,181
3,0.025,101,43
1,0.025,101,418
2,0.025,101,999
3,0.025,101,43
1,0.025,101,39
2,0.025,101,69
3,0.025,101,26
1,0.025,101,865
2,0.025,101,1000
3,0.025,101,266
1,0.025,101,30
2,0.025,101,123
3,0.025,101,22
1,0.025,101,117
2,0.025,101,346
3,0.025,101,78
1,0.025,101,94
2,0.025,101,846
3,0.025,101,27
1,0.025,101,21
2,0.025,101,106
3,0.025,101,10
1,0.025,101,116
2,0.025,101,298
3,0.025,101,81
1,0.025,101,583
2,0.025,101,830
3,0.025,101,337
1,0.025,101,502
2,0.025,101,644
3,0.025,101,433
1,0.025,101,32
2,0.025,101,79
3,0.025,101,23
1,0.025,101,86
2,0.025,101,215
3,0.025,101,61
1,0.025,101,668
2,0.025,101,973
3,0.025,101,106
1,0.025,101,129
2,0.025,101,266
3,0.025,101,91
1,0.025,101,343
2,0.025,101,436
3,0.025,101,279
1,0.025,101,266
2,0.025,101,579
3,0.025,101,178
1,0.025,101,560
2,0.025,101,847
3,0.025,101,434
1,0.025,101,3
2,0.025,101,15
3,0.025,101,2
1,0.025,101,702
2,0.025,101,889
3,0.025,101,526
1,0.025,101,468
2,0.025,101,962
3,0.025,101,158
1,0.025,101,35
2,0.025,101,183
3,0.025,101,22
1,0.025,101,104
2,0.025,101,250
3,0.025,101,75
1,0.025,101,42
2,0.025,101,263
3,0.025,101,15
1,0.025,101,127
2,0.025,101,239
3,0.025,101,80
1,0.025,101,15
2,0.025,101,97
3,0.025,101,6
1,0.025,101,85
2,0.025,101,323
3,0.025,101,50
1,0.025,101,124
2,0.025,101,329
3,0.025,101,81
1,0.025,101,96
2,0.025,101,141
3,0.025,101,65
1,0.025,101,685
2,0.025,101,992
3,0.025,101,277
1,0.025,101,338
2,0.025,101,803
3,0.025,101,180
1,0.025,101,3
2,0.025,101,24
3,0.025,101,1
1,0.025,101,68
2,0.025,101,199
3,0.025,101,43
1,0.025,101,36
2,0.025,101,142
3,0.025,101,20
1,0.025,101,8
2,0.025,101,18
3,0.025,101,2
1,0.025,101,204
2,0.025,101,433
3,0.025,101,140
1,0.025,101,499
2,0.025,101,887
3,0.025,101,329
1,0.025,101,329
2,0.025,101,546
3,0.025,101,241
1,0.025,101,425
2,0.025,101,786
3,0.025,101,301
1,0.025,101,111
2,0.025,101,311
3,0.025,101,67
1,0.025,101,181
2,0.025,101,440
3,0.025,101,122
1,0.025,101,27
2,0.025,101,121
3,0.025,101,14
1,0.025,101,214
2,0.025,101,500
3,0.025,101,142
1,0.025,101,524
2,0.025,101,983
3,0.025,101,45
1,0.025,101,330
2,0.025,101,444
3,0.025,101,283
1,0.025,101,44
2,0.025,101,78
3,0.025,101,27
1,0.025,101,189
2,0.025,101,483
3,0.025,101,105
1,0.025,101,904
2,0.025,101,1000
3,0.025,101,217
1,0.025,101,103
2,0.025,101,389
3,0.025,101,67
1,0.025,101,172
2,0.025,101,473
3,0.025,101,110
1,0.025,101,626
2,0.025,101,880
3,0.025,101,489
1,0.025,101,37
2,0.025,101,75
3,0.025,101,20
1,0.025,101,236
2,0.025,101,533
3,0.025,101,172
1,0.025,101,504
2,0.025,101,1000
3,0.025,101,14
1,0.025,101,225
2,0.025,101,375
3,0.025,101,179
1,0.025,101,162
2,0.025,101,270
3,0.025,101,108
1,0.025,101,86
2,0.025,101,258
3,0.025,101,62
1,0.025,101,9
2,0.025,101,65
3,0.025,101,5
1,0.025,101,105
2,0.025,101,612
3,0.025,101,42
1,0.025,101,269
2,0.025,101,1000
3,0.025,101,5
1,0.025,101,18
2,0.025,101,26
3,0.025,101,13
1,0.025,101,534
2,0.025,101,936
3,0.025,101,297
1,0.025,101,98
2,0.025,101,269
3,0.025,101,65
1,0.025,101,59
2,0.025,101,192
3,0.025,101,41
1,0.025,101,104
2,0.025,101,366
3,0.025,101,57
1,0.025,101,809
2,0.025,101,1000
3,0.025,101,227
1,0.025,101,77
2,0.025,101,163
3,0.025,101,33
1,0.025,101,33
2,0.025,101,41
3,0.025,101,28
1,0.025,101,403
2,0.025,101,687
3,0.025,101,304
1,0.025,101,232
2,0.025,101,794
3,0.025,101,123
1,0.025,101,56
2,0.025,101,78
3,0.025,101,45
1,0.025,101,70
2,0.025,101,229
3,0.025,101,37
1,0.025,101,191
2,0.025,101,380
3,0.025,101,141
1,0.025,101,12
2,0.025,101,48
3,0.025,101,5
1,0.025,101,53
2,0.025,101,127
3,0.025,101,37
1,0.025,201,67
2,0.025,201,1000
3,0.025,201,0
1,0.025,201,1
2,0.025,201,12
3,0.025,201,1
1,0.025,201,17
2,0.025,201,53
3,0.025,201,10
1,0.025,201,21
2,0.025,201,622
3,0.025,201,3
1,0.025,201,12
2,0.025,201,67
3,0.025,201,7
1,0.025,201,42
2,0.025,201,82
3,0.025,201,28
1,0.025,201,150
2,0.025,201,316
3,0.025,201,103
1,0.025,201,17
2,0.025,201,81
3,0.025,201,10
1,0.025,201,63
2,0.025,201,140
3,0.025,201,49
1,0.025,201,446
2,0.025,201,804
3,0.025,201,325
1,0.025,201,28
2,0.025,201,35
3,0.025,201,18
1,0.025,201,96
2,0.025,201,266
3,0.025,201,60
1,0.025,201,45
2,0.025,201,141
3,0.025,201,27
1,0.025,201,258
2,0.025,201,989
3,0.025,201,39
1,0.025,201,162
2,0.025,201,307
3,0.025,201,126
1,0.025,201,370
2,0.025,201,430
3,0.025,201,311
1,0.025,201,15
2,0.025,201,36
3,0.025,201,7
1,0.025,201,61
2,0.025,201,186
3,0.025,201,41
1,0.025,201,0
2,0.025,201,0
3,0.025,201,0
1,0.025,201,71
2,0.025,201,1000
3,0.025,201,0
1,0.025,201,116
2,0.025,201,206
3,0.025,201,98
1,0.025,201,10
2,0.025,201,57
3,0.025,201,4
1,0.025,201,73
2,0.025,201,198
3,0.025,201,49
1,0.025,201,31
2,0.025,201,207
3,0.025,201,20
1,0.025,201,236
2,0.025,201,1000
3,0.025,201,0
1,0.025,201,1
2,0.025,201,15
3,0.025,201,1
1,0.025,201,227
2,0.025,201,1000
3,0.025,201,1
1,0.025,201,64
2,0.025,201,194
3,0.025,201,43
1,0.025,201,37
2,0.025,201,87
3,0.025,201,20
1,0.025,201,49
2,0.025,201,154
3,0.025,201,27
1,0.025,201,76
2,0.025,201,203
3,0.025,201,47
1,0.025,201,0
2,0.025,201,0
3,0.025,201,0
1,0.025,201,1
2,0.025,201,1
3,0.025,201,1
1,0.025,201,20
2,0.025,201,105
3,0.025,201,12
1,0.025,201,181
2,0.025,201,488
3,0.025,201,116
1,0.025,201,958
2,0.025,201,1000
3,0.025,201,506
1,0.025,201,48
2,0.025,201,96
3,0.025,201,37
1,0.025,201,18
2,0.025,201,78
3,0.025,201,13
1,0.025,201,137
2,0.025,201,881
3,0.025,201,5
1,0.025,201,20
2,0.025,201,63
3,0.025,201,9
1,0.025,201,28
2,0.025,201,68
3,0.025,201,12
1,0.025,201,905
2,0.025,201,1000
3,0.025,201,64
1,0.025,201,64
2,0.025,201,131
3,0.025,201,47
1,0.025,201,3
2,0.025,201,30
3,0.025,201,2
1,0.025,201,264
2,0.025,201,537
3,0.025,201,180
1,0.025,201,55
2,0.025,201,203
3,0.025,201,31
1,0.025,201,33
2,0.025,201,132
3,0.025,201,17
1,0.025,201,26
2,0.025,201,119
3,0.025,201,8
1,0.025,201,8
2,0.025,201,150
3,0.025,201,3
1,0.025,201,9
2,0.025,201,47
3,0.025,201,6
1,0.025,201,364
2,0.025,201,918
3,0.025,201,118
1,0.025,201,12
2,0.025,201,154
3,0.025,201,5
1,0.025,201,38
2,0.025,201,289
3,0.025,201,27
1,0.025,201,120
2,0.025,201,195
3,0.025,201,85
1,0.025,201,185
2,0.025,201,394
3,0.025,201,136
1,0.025,201,11
2,0.025,201,17
3,0.025,201,2
1,0.025,201,70
2,0.025,201,270
3,0.025,201,36
1,0.025,201,12
2,0.025,201,26
3,0.025,201,8
1,0.025,201,20
2,0.025,201,89
3,0.025,201,13
1,0.025,201,4
2,0.025,201,8
3,0.025,201,2
1,0.025,201,20
2,0.025,201,71
3,0.025,201,10
1,0.025,201,46
2,0.025,201,80
3,0.025,201,37
1,0.025,201,6
2,0.025,201,53
3,0.025,201,6
1,0.025,201,0
2,0.025,201,4
3,0.025,201,0
1,0.025,201,7
2,0.025,201,25
3,0.025,201,5
1,0.025,201,26
2,0.025,201,81
3,0.025,201,14
1,0.025,201,41
2,0.025,201,228
3,0.025,201,27
1,0.025,201,169
2,0.025,201,325
3,0.025,201,114
1,0.025,201,22
2,0.025,201,164
3,0.025,201,8
1,0.025,201,0
2,0.025,201,0
3,0.025,201,0
1,0.025,201,32
2,0.025,201,53
3,0.025,201,22
1,0.025,201,63
2,0.025,201,184
3,0.025,201,43
1,0.025,201,0
2,0.025,201,15
3,0.025,201,0
1,0.025,201,4
2,0.025,201,6
3,0.025,201,2
1,0.025,201,25
2,0.025,201,185
3,0.025,201,12
1,0.025,201,26
2,0.025,201,94
3,0.025,201,14
1,0.025,201,11
2,0.025,201,78
3,0.025,201,8
1,0.025,201,69
2,0.025,201,206
3,0.025,201,51
1,0.025,201,234
2,0.025,201,330
3,0.025,201,177
1,0.025,201,602
2,0.025,201,863
3,0.025,201,401
1,0.025,201,8
2,0.025,201,13
3,0.025,201,5
1,0.025,201,26
2,0.025,201,102
3,0.025,201,18
1,0.025,201,2
2,0.025,201,40
3,0.025,201,2
1,0.025,201,2
2,0.025,201,32
3,0.025,201,1
1,0.025,201,103
2,0.025,201,161
3,0.025,201,76
1,0.025,201,970
2,0.025,201,1000
3,0.025,201,90
1,0.025,201,0
2,0.025,201,0
3,0.025,201,0
1,0.025,201,2
2,0.025,201,5
3,0.025,201,2
1,0.025,201,121
2,0.025,201,556
3,0.025,201,72
1,0.025,201,12
2,0.025,201,39
3,0.025,201,6
1,0.025,201,375
2,0.025,201,530
3,0.025,201,306
1,0.025,201,175
2,0.025,201,502
3,0.025,201,121
1,0.025,201,115
2,0.025,201,1000
3,0.025,201,0
1,0.025,201,77
2,0.025,201,149
3,0.025,201,58
1,0.025,201,729
2,0.025,201,1000
3,0.025,201,1
1,0.025,201,46
2,0.025,201,189
3,0.025,201,33
1,0.025,201,9
2,0.025,201,52
3,0.025,201,5
1,0.025,201,89
2,0.025,201,247
3,0.025,201,51
1,0.025,201,5
2,0.025,201,27
3,0.025,201,4
1,0.025,201,108
2,0.025,201,327
3,0.025,201,71
1,0.05,11,132
2,0.05,11,565
3,0.05,11,55
1,0.05,11,23
2,0.05,11,152
3,0.05,11,8
1,0.05,11,387
2,0.05,11,829
3,0.05,11,176
1,0.05,11,312
2,0.05,11,821
3,0.05,11,138
1,0.05,11,295
2,0.05,11,684
3,0.05,11,134
1,0.05,11,330
2,0.05,11,708
3,0.05,11,159
1,0.05,11,153
2,0.05,11,441
3,0.05,11,80
1,0.05,11,89
2,0.05,11,285
3,0.05,11,46
1,0.05,11,703
2,0.05,11,927
3,0.05,11,426
1,0.05,11,936
2,0.05,11,981
3,0.05,11,782
1,0.05,11,683
2,0.05,11,943
3,0.05,11,474
1,0.05,11,101
2,0.05,11,434
3,0.05,11,39
1,0.05,11,473
2,0.05,11,818
3,0.05,11,234
1,0.05,11,664
2,0.05,11,906
3,0.05,11,483
1,0.05,11,211
2,0.05,11,699
3,0.05,11,88
1,0.05,11,961
2,0.05,11,989
3,0.05,11,896
1,0.05,11,445
2,0.05,11,823
3,0.05,11,268
1,0.05,11,405
2,0.05,11,736
3,0.05,11,219
1,0.05,11,124
2,0.05,11,480
3,0.05,11,50
1,0.05,11,213
2,0.05,11,535
3,0.05,11,94
1,0.05,11,952
2,0.05,11,999
3,0.05,11,827
1,0.05,11,205
2,0.05,11,561
3,0.05,11,83
1,0.05,11,183
2,0.05,11,505
3,0.05,11,90
1,0.05,11,29
2,0.05,11,131
3,0.05,11,10
1,0.05,11,641
2,0.05,11,887
3,0.05,11,446
1,0.05,11,329
2,0.05,11,838
3,0.05,11,152
1,0.05,11,48
2,0.05,11,184
3,0.05,11,26
1,0.05,11,553
2,0.05,11,829
3,0.05,11,375
1,0.05,11,365
2,0.05,11,912
3,0.05,11,148
1,0.05,11,263
2,0.05,11,649
3,0.05,11,115
1,0.05,11,678
2,0.05,11,889
3,0.05,11,417
1,0.05,11,20
2,0.05,11,214
3,0.05,11,4
1,0.05,11,76
2,0.05,11,396
3,0.05,11,33
1,0.05,11,277
2,0.05,11,588
3,0.05,11,127
1,0.05,11,217
2,0.05,11,552
3,0.05,11,109
1,0.05,11,880
2,0.05,11,966
3,0.05,11,786
1,0.05,11,147
2,0.05,11,384
3,0.05,11,67
1,0.05,11,323
2,0.05,11,730
3,0.05,11,160
1,0.05,11,48
2,0.05,11,304
3,0.05,11,21
1,0.05,11,205
2,0.05,11,703
3,0.05,11,98
1,0.05,11,499
2,0.05,11,833
3,0.05,11,314
1,0.05,11,438
2,0.05,11,778
3,0.05,11,256
1,0.05,11,675
2,0.05,11,921
3,0.05,11,419
1,0.05,11,295
2,0.05,11,669
3,0.05,11,141
1,0.05,11,525
2,0.05,11,853
3,0.05,11,366
1,0.05,11,169
2,0.05,11,581
3,0.05,11,78
1,0.05,11,134
2,0.05,11,521
3,0.05,11,43
1,0.05,11,542
2,0.05,11,889
3,0.05,11,258
1,0.05,11,19
2,0.05,11,184
3,0.05,11,4
1,0.05,11,328
2,0.05,11,695
3,0.05,11,181
1,0.05,11,95
2,0.05,11,407
3,0.05,11,34
1,0.05,11,233
2,0.05,11,793
3,0.05,11,86
1,0.05,11,142
2,0.05,11,467
3,0.05,11,66
1,0.05,11,509
2,0.05,11,803
3,0.05,11,292
1,0.05,11,419
2,0.05,11,705
3,0.05,11,237
1,0.05,11,224
2,0.05,11,633
3,0.05,11,95
1,0.05,11,189
2,0.05,11,482
3,0.05,11,88
1,0.05,11,325
2,0.05,11,818
3,0.05,11,138
1,0.05,11,191
2,0.05,11,590
3,0.05,11,78
1,0.05,11,512
2,0.05,11,860
3,0.05,11,251
1,0.05,11,243
2,0.05,11,549
3,0.05,11,124
1,0.05,11,106
2,0.05,11,284
3,0.05,11,69
1,0.05,11,573
2,0.05,11,817
3,0.05,11,317
1,0.05,11,823
2,0.05,11,969
3,0.05,11,582
1,0.05,11,52
2,0.05,11,283
3,0.05,11,26
1,0.05,11,380
2,0.05,11,726
3,0.05,11,188
1,0.05,11,109
2,0.05,11,359
3,0.05,11,50
1,0.05,11,908
2,0.05,11,998
3,0.05,11,641
1,0.05,11,59
2,0.05,11,298
3,0.05,11,25
1,0.05,11,893
2,0.05,11,967
3,0.05,11,769
1,0.05,11,922
2,0.05,11,996
3,0.05,11,759
1,0.05,11,192
2,0.05,11,447
3,0.05,11,97
1,0.05,11,593
2,0.05,11,876
3,0.05,11,367
1,0.05,11,305
2,0.05,11,613
3,0.05,11,181
1,0.05,11,190
2,0.05,11,665
3,0.05,11,70
1,0.05,11,577
2,0.05,11,904
3,0.05,11,380
1,0.05,11,103
2,0.05,11,475
3,0.05,11,36
1,0.05,11,330
2,0.05,11,659
3,0.05,11,165
1,0.05,11,758
2,0.05,11,938
3,0.05,11,590
1,0.05,11,250
2,0.05,11,569
3,0.05,11,155
1,0.05,11,160
2,0.05,11,454
3,0.05,11,87
1,0.05,11,41
2,0.05,11,232
3,0.05,11,15
1,0.05,11,109
2,0.05,11,390
3,0.05,11,41
1,0.05,11,50
2,0.05,11,289
3,0.05,11,12
1,0.05,11,494
2,0.05,11,788
3,0.05,11,295
1,0.05,11,649
2,0.05,11,917
3,0.05,11,419
1,0.05,11,229
2,0.05,11,671
3,0.05,11,86
1,0.05,11,108
2,0.05,11,434
3,0.05,11,47
1,0.05,11,75
2,0.05,11,351
3,0.05,11,38
1,0.05,11,107
2,0.05,11,454
3,0.05,11,39
1,0.05,11,721
2,0.05,11,925
3,0.05,11,482
1,0.05,11,142
2,0.05,11,579
3,0.05,11,52
1,0.05,11,361
2,0.05,11,740
3,0.05,11,202
1,0.05,11,382
2,0.05,11,786
3,0.05,11,195
1,0.05,11,102
2,0.05,11,404
3,0.05,11,51
1,0.05,11,517
2,0.05,11,854
3,0.05,11,299
1,0.05,11,266
2,0.05,11,538
3,0.05,11,141
1,0.05,11,572
2,0.05,11,922
3,0.05,11,336
1,0.05,11,263
2,0.05,11,624
3,0.05,11,127
1,0.05,11,283
2,0.05,11,660
3,0.05,11,139
1,0.05,21,199
2,0.05,21,632
3,0.05,21,85
1,0.05,21,82
2,0.05,21,309
3,0.05,21,44
1,0.05,21,531
2,0.05,21,969
3,0.05,21,257
1,0.05,21,718
2,0.05,21,994
3,0.05,21,338
1,0.05,21,415
2,0.05,21,741
3,0.05,21,216
1,0.05,21,369
2,0.05,21,677
3,0.05,21,196
1,0.05,21,368
2,0.05,21,786
3,0.05,21,202
1,0.05,21,289
2,0.05,21,710
3,0.05,21,128
1,0.05,21,546
2,0.05,21,857
3,0.05,21,301
1,0.05,21,832
2,0.05,21,994
3,0.05,21,614
1,0.05,21,798
2,0.05,21,985
3,0.05,21,600
1,0.05,21,154
2,0.05,21,595
3,0.05,21,64
1,0.05,21,471
2,0.05,21,894
3,0.05,21,234
1,0.05,21,788
2,0.05,21,977
3,0.05,21,559
1,0.05,21,511
2,0.05,21,809
3,0.05,21,282
1,0.05,21,976
2,0.05,21,1000
3,0.05,21,916
1,0.05,21,770
2,0.05,21,981
3,0.05,21,538
1,0.05,21,399
2,0.05,21,778
3,0.05,21,255
1,0.05,21,20
2,0.05,21,235
3,0.05,21,4
1,0.05,21,284
2,0.05,21,836
3,0.05,21,113
1,0.05,21,801
2,0.05,21,992
3,0.05,21,564
1,0.05,21,238
2,0.05,21,665
3,0.05,21,130
1,0.05,21,56
2,0.05,21,329
3,0.05,21,21
1,0.05,21,113
2,0.05,21,416
3,0.05,21,47
1,0.05,21,438
2,0.05,21,823
3,0.05,21,289
1,0.05,21,836
2,0.05,21,996
3,0.05,21,441
1,0.05,21,108
2,0.05,21,347
3,0.05,21,54
1,0.05,21,404
2,0.05,21,681
3,0.05,21,255
1,0.05,21,288
2,0.05,21,749
3,0.05,21,120
1,0.05,21,344
2,0.05,21,769
3,0.05,21,149
1,0.05,21,598
2,0.05,21,981
3,0.05,21,359
1,0.05,21,19
2,0.05,21,184
3,0.05,21,6
1,0.05,21,376
2,0.05,21,905
3,0.05,21,164
1,0.05,21,321
2,0.05,21,759
3,0.05,21,159
1,0.05,21,385
2,0.05,21,674
3,0.05,21,206
1,0.05,21,742
2,0.05,21,894
3,0.05,21,574
1,0.05,21,304
2,0.05,21,699
3,0.05,21,145
1,0.05,21,470
2,0.05,21,922
3,0.05,21,201
1,0.05,21,5
2,0.05,21,96
3,0.05,21,1
1,0.05,21,334
2,0.05,21,742
3,0.05,21,186
1,0.05,21,328
2,0.05,21,685
3,0.05,21,204
1,0.05,21,237
2,0.05,21,631
3,0.05,21,114
1,0.05,21,505
2,0.05,21,911
3,0.05,21,279
1,0.05,21,216
2,0.05,21,674
3,0.05,21,88
1,0.05,21,453
2,0.05,21,742
3,0.05,21,328
1,0.05,21,139
2,0.05,21,485
3,0.05,21,55
1,0.05,21,233
2,0.05,21,662
3,0.05,21,105
1,0.05,21,571
2,0.05,21,917
3,0.05,21,271
1,0.05,21,65
2,0.05,21,315
3,0.05,21,23
1,0.05,21,217
2,0.05,21,714
3,0.05,21,107
1,0.05,21,288
2,0.05,21,688
3,0.05,21,119
1,0.05,21,222
2,0.05,21,713
3,0.05,21,68
1,0.05,21,118
2,0.05,21,443
3,0.05,21,56
1,0.05,21,688
2,0.05,21,881
3,0.05,21,458
1,0.05,21,315
2,0.05,21,753
3,0.05,21,184
1,0.05,21,526
2,0.05,21,852
3,0.05,21,297
1,0.05,21,109
2,0.05,21,525
3,0.05,21,43
1,0.05,21,369
2,0.05,21,872
3,0.05,21,146
1,0.05,21,35
2,0.05,21,252
3,0.05,21,12
1,0.05,21,333
2,0.05,21,772
3,0.05,21,151
1,0.05,21,167
2,0.05,21,428
3,0.05,21,83
1,0.05,21,421
2,0.05,21,719
3,0.05,21,274
1,0.05,21,867
2,0.05,21,998
3,0.05,21,578
1,0.05,21,883
2,0.05,21,994
3,0.05,21,625
1,0.05,21,106
2,0.05,21,559
3,0.05,21,32
1,0.05,21,546
2,0.05,21,887
3,0.05,21,295
1,0.05,21,278
2,0.05,21,772
3,0.05,21,124
1,0.05,21,650
2,0.05,21,903
3,0.05,21,419
1,0.05,21,92
2,0.05,21,442
3,0.05,21,36
1,0.05,21,977
2,0.05,21,1000
3,0.05,21,871
1,0.05,21,985
2,0.05,21,1000
3,0.05,21,896
1,0.05,21,354
2,0.05,21,729
3,0.05,21,177
1,0.05,21,555
2,0.05,21,913
3,0.05,21,367
1,0.05,21,444
2,0.05,21,820
3,0.05,21,206
1,0.05,21,674
2,0.05,21,986
3,0.05,21,404
1,0.05,21,667
2,0.05,21,900
3,0.05,21,421
1,0.05,21,486
2,0.05,21,888
3,0.05,21,261
1,0.05,21,180
2,0.05,21,613
3,0.05,21,75
1,0.05,21,892
2,0.05,21,986
3,0.05,21,770
1,0.05,21,362
2,0.05,21,741
3,0.05,21,211
1,0.05,21,526
2,0.05,21,843
3,0.05,21,311
1,0.05,21,12
2,0.05,21,177
3,0.05,21,0
1,0.05,21,59
2,0.05,21,369
3,0.05,21,20
1,0.05,21,11
2,0.05,21,187
3,0.05,21,6
1,0.05,21,787
2,0.05,21,954
3,0.05,21,568
1,0.05,21,768
2,0.05,21,948
3,0.05,21,505
1,0.05,21,705
2,0.05,21,980
3,0.05,21,324
1,0.05,21,113
2,0.05,21,460
3,0.05,21,55
1,0.05,21,164
2,0.05,21,587
3,0.05,21,74
1,0.05,21,96
2,0.05,21,437
3,0.05,21,41
1,0.05,21,644
2,0.05,21,918
3,0.05,21,450
1,0.05,21,78
2,0.05,21,396
3,0.05,21,32
1,0.05,21,163
2,0.05,21,552
3,0.05,21,75
1,0.05,21,108
2,0.05,21,444
3,0.05,21,60
1,0.05,21,219
2,0.05,21,717
3,0.05,21,86
1,0.05,21,606
2,0.05,21,935
3,0.05,21,375
1,0.05,21,289
2,0.05,21,733
3,0.05,21,156
1,0.05,21,923
2,0.05,21,984
3,0.05,21,654
1,0.05,21,187
2,0.05,21,625
3,0.05,21,75
1,0.05,21,530
2,0.05,21,956
3,0.05,21,233
1,0.05,41,536
2,0.05,41,938
3,0.05,41,181
1,0.05,41,314
2,0.05,41,884
3,0.05,41,56
1,0.05,41,129
2,0.05,41,361
3,0.05,41,69
1,0.05,41,98
2,0.05,41,201
3,0.05,41,48
1,0.05,41,595
2,0.05,41,1000
3,0.05,41,233
1,0.05,41,783
2,0.05,41,960
3,0.05,41,583
1,0.05,41,704
2,0.05,41,951
3,0.05,41,398
1,0.05,41,264
2,0.05,41,678
3,0.05,41,155
1,0.05,41,897
2,0.05,41,994
3,0.05,41,680
1,0.05,41,887
2,0.05,41,995
3,0.05,41,646
1,0.05,41,941
2,0.05,41,1000
3,0.05,41,820
1,0.05,41,93
2,0.05,41,362
3,0.05,41,55
1,0.05,41,730
2,0.05,41,1000
3,0.05,41,349
1,0.05,41,582
2,0.05,41,894
3,0.05,41,440
1,0.05,41,864
2,0.05,41,998
3,0.05,41,646
1,0.05,41,927
2,0.05,41,975
3,0.05,41,799
1,0.05,41,719
2,0.05,41,966
3,0.05,41,492
1,0.05,41,710
2,0.05,41,957
3,0.05,41,479
1,0.05,41,127
2,0.05,41,607
3,0.05,41,45
1,0.05,41,298
2,0.05,41,796
3,0.05,41,129
1,0.05,41,968
2,0.05,41,1000
3,0.05,41,846
1,0.05,41,674
2,0.05,41,955
3,0.05,41,362
1,0.05,41,32
2,0.05,41,250
3,0.05,41,14
1,0.05,41,883
2,0.05,41,1000
3,0.05,41,481
1,0.05,41,803
2,0.05,41,927
3,0.05,41,661
1,0.05,41,545
2,0.05,41,993
3,0.05,41,245
1,0.05,41,385
2,0.05,41,868
3,0.05,41,189
1,0.05,41,499
2,0.05,41,943
3,0.05,41,200
1,0.05,41,413
2,0.05,41,857
3,0.05,41,235
1,0.05,41,215
2,0.05,41,899
3,0.05,41,65
1,0.05,41,648
2,0.05,41,947
3,0.05,41,431
1,0.05,41,34
2,0.05,41,257
3,0.05,41,17
1,0.05,41,398
2,0.05,41,965
3,0.05,41,131
1,0.05,41,283
2,0.05,41,746
3,0.05,41,147
1,0.05,41,446
2,0.05,41,678
3,0.05,41,234
1,0.05,41,938
2,0.05,41,989
3,0.05,41,813
1,0.05,41,252
2,0.05,41,725
3,0.05,41,145
1,0.05,41,633
2,0.05,41,983
3,0.05,41,258
1,0.05,41,3
2,0.05,41,86
3,0.05,41,0
1,0.05,41,225
2,0.05,41,534
3,0.05,41,135
1,0.05,41,166
2,0.05,41,329
3,0.05,41,121
1,0.05,41,692
2,0.05,41,924
3,0.05,41,471
1,0.05,41,685
2,0.05,41,983
3,0.05,41,414
1,0.05,41,293
2,0.05,41,641
3,0.05,41,165
1,0.05,41,973
2,0.05,41,996
3,0.05,41,874
1,0.05,41,693
2,0.05,41,985
3,0.05,41,302
1,0.05,41,186
2,0.05,41,669
3,0.05,41,88
1,0.05,41,690
2,0.05,41,990
3,0.05,41,270
1,0.05,41,178
2,0.05,41,587
3,0.05,41,54
1,0.05,41,386
2,0.05,41,864
3,0.05,41,193
1,0.05,41,446
2,0.05,41,947
3,0.05,41,127
1,0.05,41,83
2,0.05,41,455
3,0.05,41,36
1,0.05,41,175
2,0.05,41,702
3,0.05,41,74
1,0.05,41,579
2,0.05,41,962
3,0.05,41,286
1,0.05,41,577
2,0.05,41,906
3,0.05,41,243
1,0.05,41,384
2,0.05,41,766
3,0.05,41,265
1,0.05,41,239
2,0.05,41,838
3,0.05,41,72
1,0.05,41,276
2,0.05,41,728
3,0.05,41,146
1,0.05,41,37
2,0.05,41,314
3,0.05,41,15
1,0.05,41,639
2,0.05,41,984
3,0.05,41,365
1,0.05,41,505
2,0.05,41,873
3,0.05,41,227
1,0.05,41,639
2,0.05,41,971
3,0.05,41,385
1,0.05,41,293
2,0.05,41,552
3,0.05,41,202
1,0.05,41,974
2,0.05,41,1000
3,0.05,41,857
1,0.05,41,285
2,0.05,41,788
3,0.05,41,105
1,0.05,41,627
2,0.05,41,921
3,0.05,41,326
1,0.05,41,116
2,0.05,41,461
3,0.05,41,59
1,0.05,41,482
2,0.05,41,874
3,0.05,41,308
1,0.05,41,151
2,0.05,41,686
3,0.05,41,56
1,0.05,41,991
2,0.05,41,1000
3,0.05,41,935
1,0.05,41,526
2,0.05,41,700
3,0.05,41,453
1,0.05,41,452
2,0.05,41,841
3,0.05,41,267
1,0.05,41,459
2,0.05,41,776
3,0.05,41,331
1,0.05,41,204
2,0.05,41,646
3,0.05,41,119
1,0.05,41,316
2,0.05,41,936
3,0.05,41,98
1,0.05,41,525
2,0.05,41,822
3,0.05,41,397
1,0.05,41,111
2,0.05,41,405
3,0.05,41,51
1,0.05,41,196
2,0.05,41,647
3,0.05,41,107
1,0.05,41,797
2,0.05,41,956
3,0.05,41,620
1,0.05,41,360
2,0.05,41,702
3,0.05,41,249
1,0.05,41,488
2,0.05,41,828
3,0.05,41,336
1,0.05,41,56
2,0.05,41,610
3,0.05,41,9
1,0.05,41,41
2,0.05,41,315
3,0.05,41,10
1,0.05,41,61
2,0.05,41,551
3,0.05,41,19
1,0.05,41,658
2,0.05,41,916
3,0.05,41,464
1,0.05,41,175
2,0.05,41,788
3,0.05,41,69
1,0.05,41,885
2,0.05,41,995
3,0.05,41,505
1,0.05,41,41
2,0.05,41,331
3,0.05,41,13
1,0.05,41,101
2,0.05,41,298
3,0.05,41,53
1,0.05,41,103
2,0.05,41,515
3,0.05,41,55
1,0.05,41,678
2,0.05,41,981
3,0.05,41,403
1,0.05,41,107
2,0.05,41,458
3,0.05,41,54
1,0.05,41,490
2,0.05,41,742
3,0.05,41,350
1,0.05,41,157
2,0.05,41,483
3,0.05,41,98
1,0.05,41,130
2,0.05,41,497
3,0.05,41,59
1,0.05,41,367
2,0.05,41,666
3,0.05,41,248
1,0.05,41,394
2,0.05,41,833
3,0.05,41,171
1,0.05,41,494
2,0.05,41,869
3,0.05,41,323
1,0.05,41,103
2,0.05,41,586
3,0.05,41,34
1,0.05,41,319
2,0.05,41,655
3,0.05,41,209
1,0.05,81,47
2,0.05,81,197
3,0.05,81,25
1,0.05,81,93
2,0.05,81,400
3,0.05,81,44
1,0.05,81,79
2,0.05,81,319
3,0.05,81,43
1,0.05,81,94
2,0.05,81,198
3,0.05,81,63
1,0.05,81,76
2,0.05,81,298
3,0.05,81,44
1,0.05,81,737
2,0.05,81,988
3,0.05,81,492
1,0.05,81,815
2,0.05,81,1000
3,0.05,81,298
1,0.05,81,219
2,0.05,81,544
3,0.05,81,144
1,0.05,81,350
2,0.05,81,654
3,0.05,81,224
1,0.05,81,185
2,0.05,81,274
3,0.05,81,134
1,0.05,81,927
2,0.05,81,1000
3,0.05,81,660
1,0.05,81,92
2,0.05,81,417
3,0.05,81,42
1,0.05,81,116
2,0.05,81,231
3,0.05,81,89
1,0.05,81,431
2,0.05,81,886
3,0.05,81,251
1,0.05,81,433
2,0.05,81,825
3,0.05,81,240
1,0.05,81,515
2,0.05,81,664
3,0.05,81,452
1,0.05,81,522
2,0.05,81,923
3,0.05,81,312
1,0.05,81,535
2,0.05,81,934
3,0.05,81,317
1,0.05,81,68
2,0.05,81,228
3,0.05,81,40
1,0.05,81,216
2,0.05,81,653
3,0.05,81,134
1,0.05,81,424
2,0.05,81,663
3,0.05,81,340
1,0.05,81,77
2,0.05,81,194
3,0.05,81,52
1,0.05,81,54
2,0.05,81,520
3,0.05,81,15
1,0.05,81,189
2,0.05,81,641
3,0.05,81,98
1,0.05,81,790
2,0.05,81,951
3,0.05,81,678
1,0.05,81,89
2,0.05,81,240
3,0.05,81,67
1,0.05,81,347
2,0.05,81,585
3,0.05,81,278
1,0.05,81,325
2,0.05,81,779
3,0.05,81,198
1,0.05,81,620
2,0.05,81,991
3,0.05,81,216
1,0.05,81,178
2,0.05,81,662
3,0.05,81,100
1,0.05,81,531
2,0.05,81,917
3,0.05,81,334
1,0.05,81,37
2,0.05,81,497
3,0.05,81,18
1,0.05,81,268
2,0.05,81,817
3,0.05,81,135
1,0.05,81,299
2,0.05,81,994
3,0.05,81,55
1,0.05,81,81
2,0.05,81,160
3,0.05,81,51
1,0.05,81,424
2,0.05,81,544
3,0.05,81,355
1,0.05,81,127
2,0.05,81,297
3,0.05,81,85
1,0.05,81,817
2,0.05,81,1000
3,0.05,81,328
1,0.05,81,11
2,0.05,81,182
3,0.05,81,2
1,0.05,81,843
2,0.05,81,1000
3,0.05,81,295
1,0.05,81,281
2,0.05,81,528
3,0.05,81,211
1,0.05,81,497
2,0.05,81,824
3,0.05,81,371
1,0.05,81,360
2,0.05,81,677
3,0.05,81,263
1,0.05,81,86
2,0.05,81,290
3,0.05,81,42
1,0.05,81,668
2,0.05,81,899
3,0.05,81,551
1,0.05,81,139
2,0.05,81,303
3,0.05,81,94
1,0.05,81,204
2,0.05,81,616
3,0.05,81,123
1,0.05,81,442
2,0.05,81,994
3,0.05,81,123
1,0.05,81,388
2,0.05,81,971
3,0.05,81,94
1,0.05,81,89
2,0.05,81,522
3,0.05,81,35
1,0.05,81,830
2,0.05,81,1000
3,0.05,81,306
1,0.05,81,61
2,0.05,81,206
3,0.05,81,33
1,0.05,81,182
2,0.05,81,486
3,0.05,81,112
1,0.05,81,536
2,0.05,81,894
3,0.05,81,382
1,0.05,81,391
2,0.05,81,783
3,0.05,81,264
1,0.05,81,464
2,0.05,81,844
3,0.05,81,339
1,0.05,81,138
2,0.05,81,430
3,0.05,81,60
1,0.05,81,87
2,0.05,81,681
3,0.05,81,15
1,0.05,81,73
2,0.05,81,264
3,0.05,81,40
1,0.05,81,468
2,0.05,81,879
3,0.05,81,256
1,0.05,81,230
2,0.05,81,522
3,0.05,81,158
1,0.05,81,657
2,0.05,81,999
3,0.05,81,295
1,0.05,81,451
2,0.05,81,786
3,0.05,81,319
1,0.05,81,426
2,0.05,81,846
3,0.05,81,261
1,0.05,81,80
2,0.05,81,198
3,0.05,81,58
1,0.05,81,221
2,0.05,81,644
3,0.05,81,124
1,0.05,81,208
2,0.05,81,763
3,0.05,81,87
1,0.05,81,434
2,0.05,81,761
3,0.05,81,309
1,0.05,81,153
2,0.05,81,647
3,0.05,81,57
1,0.05,81,506
2,0.05,81,677
3,0.05,81,427
1,0.05,81,395
2,0.05,81,732
3,0.05,81,290
1,0.05,81,360
2,0.05,81,671
3,0.05,81,269
1,0.05,81,273
2,0.05,81,556
3,0.05,81,193
1,0.05,81,237
2,0.05,81,582
3,0.05,81,162
1,0.05,81,341
2,0.05,81,726
3,0.05,81,227
1,0.05,81,425
2,0.05,81,813
3,0.05,81,260
1,0.05,81,153
2,0.05,81,542
3,0.05,81,68
1,0.05,81,110
2,0.05,81,279
3,0.05,81,74
1,0.05,81,577
2,0.05,81,867
3,0.05,81,423
1,0.05,81,409
2,0.05,81,656
3,0.05,81,298
1,0.05,81,185
2,0.05,81,415
3,0.05,81,121
1,0.05,81,85
2,0.05,81,336
3,0.05,81,42
1,0.05,81,6
2,0.05,81,131
3,0.05,81,1
1,0.05,81,43
2,0.05,81,390
3,0.05,81,15
1,0.05,81,342
2,0.05,81,533
3,0.05,81,290
1,0.05,81,273
2,0.05,81,513
3,0.05,81,184
1,0.05,81,115
2,0.05,81,398
3,0.05,81,84
1,0.05,81,106
2,0.05,81,823
3,0.05,81,19
1,0.05,81,393
2,0.05,81,698
3,0.05,81,280
1,0.05,81,71
2,0.05,81,207
3,0.05,81,54
1,0.05,81,413
2,0.05,81,583
3,0.05,81,353
1,0.05,81,131
2,0.05,81,361
3,0.05,81,87
1,0.05,81,307
2,0.05,81,584
3,0.05,81,212
1,0.05,81,116
2,0.05,81,411
3,0.05,81,62
1,0.05,81,177
2,0.05,81,446
3,0.05,81,122
1,0.05,81,746
2,0.05,81,988
3,0.05,81,492
1,0.05,81,460
2,0.05,81,840
3,0.05,81,271
1,0.05,81,283
2,0.05,81,512
3,0.05,81,216
1,0.05,81,36
2,0.05,81,169
3,0.05,81,20
1,0.05,81,113
2,0.05,81,263
3,0.05,81,73
1,0.05,101,248
2,0.05,101,718
3,0.05,101,130
1,0.05,101,68
2,0.05,101,273
3,0.05,101,46
1,0.05,101,60
2,0.05,101,182
3,0.05,101,39
1,0.05,101,90
2,0.05,101,258
3,0.05,101,58
1,0.05,101,45
2,0.05,101,91
3,0.05,101,31
1,0.05,101,186
2,0.05,101,315
3,0.05,101,152
1,0.05,101,247
2,0.05,101,496
3,0.05,101,142
1,0.05,101,182
2,0.05,101,917
3,0.05,101,29
1,0.05,101,490
2,0.05,101,951
3,0.05,101,269
1,0.05,101,659
2,0.05,101,912
3,0.05,101,465
1,0.05,101,248
2,0.05,101,628
3,0.05,101,160
1,0.05,101,127
2,0.05,101,629
3,0.05,101,59
1,0.05,101,75
2,0.05,101,161
3,0.05,101,53
1,0.05,101,326
2,0.05,101,816
3,0.05,101,216
1,0.05,101,271
2,0.05,101,827
3,0.05,101,160
1,0.05,101,708
2,0.05,101,792
3,0.05,101,628
1,0.05,101,726
2,0.05,101,985
3,0.05,101,490
1,0.05,101,185
2,0.05,101,301
3,0.05,101,146
1,0.05,101,8
2,0.05,101,255
3,0.05,101,1
1,0.05,101,32
2,0.05,101,99
3,0.05,101,19
1,0.05,101,319
2,0.05,101,415
3,0.05,101,282
1,0.05,101,464
2,0.05,101,1000
3,0.05,101,108
1,0.05,101,133
2,0.05,101,566
3,0.05,101,73
1,0.05,101,199
2,0.05,101,701
3,0.05,101,97
1,0.05,101,317
2,0.05,101,396
3,0.05,101,279
1,0.05,101,187
2,0.05,101,586
3,0.05,101,124
1,0.05,101,220
2,0.05,101,529
3,0.05,101,154
1,0.05,101,100
2,0.05,101,176
3,0.05,101,72
1,0.05,101,736
2,0.05,101,927
3,0.05,101,497
1,0.05,101,81
2,0.05,101,387
3,0.05,101,45
1,0.05,101,222
2,0.05,101,648
3,0.05,101,114
1,0.05,101,107
2,0.05,101,665
3,0.05,101,29
1,0.05,101,2
2,0.05,101,36
3,0.05,101,0
1,0.05,101,166
2,0.05,101,442
3,0.05,101,118
1,0.05,101,47
2,0.05,101,102
3,0.05,101,28
1,0.05,101,969
2,0.05,101,999
3,0.05,101,886
1,0.05,101,135
2,0.05,101,307
3,0.05,101,110
1,0.05,101,253
2,0.05,101,525
3,0.05,101,185
1,0.05,101,92
2,0.05,101,380
3,0.05,101,44
1,0.05,101,602
2,0.05,101,991
3,0.05,101,213
1,0.05,101,129
2,0.05,101,169
3,0.05,101,113
1,0.05,101,751
2,0.05,101,944
3,0.05,101,556
1,0.05,101,163
2,0.05,101,384
3,0.05,101,114
1,0.05,101,15
2,0.05,101,26
3,0.05,101,11
1,0.05,101,537
2,0.05,101,962
3,0.05,101,288
1,0.05,101,302
2,0.05,101,671
3,0.05,101,200
1,0.05,101,130
2,0.05,101,342
3,0.05,101,88
1,0.05,101,810
2,0.05,101,1000
3,0.05,101,233
1,0.05,101,21
2,0.05,101,90
3,0.05,101,11
1,0.05,101,89
2,0.05,101,209
3,0.05,101,66
1,0.05,101,39
2,0.05,101,265
3,0.05,101,23
1,0.05,101,44
2,0.05,101,183
3,0.05,101,26
1,0.05,101,72
2,0.05,101,387
3,0.05,101,32
1,0.05,101,185
2,0.05,101,238
3,0.05,101,141
1,0.05,101,588
2,0.05,101,865
3,0.05,101,415
1,0.05,101,168
2,0.05,101,377
3,0.05,101,130
1,0.05,101,53
2,0.05,101,172
3,0.05,101,30
1,0.05,101,288
2,0.05,101,781
3,0.05,101,158
1,0.05,101,268
2,0.05,101,876
3,0.05,101,83
1,0.05,101,111
2,0.05,101,240
3,0.05,101,83
1,0.05,101,286
2,0.05,101,595
3,0.05,101,205
1,0.05,101,347
2,0.05,101,491
3,0.05,101,275
1,0.05,101,27
2,0.05,101,33
3,0.05,101,24
1,0.05,101,262
2,0.05,101,890
3,0.05,101,116
1,0.05,101,107
2,0.05,101,344
3,0.05,101,72
1,0.05,101,323
2,0.05,101,941
3,0.05,101,97
1,0.05,101,236
2,0.05,101,582
3,0.05,101,131
1,0.05,101,321
2,0.05,101,551
3,0.05,101,247
1,0.05,101,81
2,0.05,101,359
3,0.05,101,39
1,0.05,101,649
2,0.05,101,796
3,0.05,101,582
1,0.05,101,88
2,0.05,101,149
3,0.05,101,60
1,0.05,101,237
2,0.05,101,392
3,0.05,101,196
1,0.05,101,603
2,0.05,101,1000
3,0.05,101,202
1,0.05,101,83
2,0.05,101,276
3,0.05,101,51
1,0.05,101,581
2,0.05,101,989
3,0.05,101,208
1,0.05,101,584
2,0.05,101,923
3,0.05,101,383
1,0.05,101,19
2,0.05,101,114
3,0.05,101,12
1,0.05,101,456
2,0.05,101,845
3,0.05,101,334
1,0.05,101,480
2,0.05,101,830
3,0.05,101,395
1,0.05,101,426
2,0.05,101,773
3,0.05,101,294
1,0.05,101,473
2,0.05,101,772
3,0.05,101,337
1,0.05,101,115
2,0.05,101,426
3,0.05,101,61
1,0.05,101,123
2,0.05,101,795
3,0.05,101,37
1,0.05,101,64
2,0.05,101,301
3,0.05,101,42
1,0.05,101,469
2,0.05,101,880
3,0.05,101,280
1,0.05,101,155
2,0.05,101,219
3,0.05,101,126
1,0.05,101,503
2,0.05,101,860
3,0.05,101,346
1,0.05,101,231
2,0.05,101,556
3,0.05,101,164
1,0.05,101,95
2,0.05,101,473
3,0.05,101,46
1,0.05,101,86
2,0.05,101,218
3,0.05,101,62
1,0.05,101,749
2,0.05,101,984
3,0.05,101,545
1,0.05,101,128
2,0.05,101,372
3,0.05,101,90
1,0.05,101,66
2,0.05,101,123
3,0.05,101,50
1,0.05,101,170
2,0.05,101,318
3,0.05,101,132
1,0.05,101,305
2,0.05,101,893
3,0.05,101,138
1,0.05,101,88
2,0.05,101,143
3,0.05,101,69
1,0.05,101,50
2,0.05,101,185
3,0.05,101,30
1,0.05,101,280
2,0.05,101,480
3,0.05,101,217
1,0.05,101,295
2,0.05,101,852
3,0.05,101,134
1,0.05,101,438
2,0.05,101,909
3,0.05,101,220
1,0.05,201,80
2,0.05,201,181
3,0.05,201,54
1,0.05,201,51
2,0.05,201,164
3,0.05,201,36
1,0.05,201,83
2,0.05,201,392
3,0.05,201,42
1,0.05,201,21
2,0.05,201,102
3,0.05,201,17
1,0.05,201,30
2,0.05,201,134
3,0.05,201,13
1,0.05,201,101
2,0.05,201,160
3,0.05,201,88
1,0.05,201,54
2,0.05,201,140
3,0.05,201,29
1,0.05,201,2
2,0.05,201,44
3,0.05,201,2
1,0.05,201,86
2,0.05,201,168
3,0.05,201,75
1,0.05,201,39
2,0.05,201,169
3,0.05,201,24
1,0.05,201,358
2,0.05,201,716
3,0.05,201,247
1,0.05,201,26
2,0.05,201,67
3,0.05,201,18
1,0.05,201,103
2,0.05,201,293
3,0.05,201,71
1,0.05,201,341
2,0.05,201,534
3,0.05,201,288
1,0.05,201,17
2,0.05,201,68
3,0.05,201,7
1,0.05,201,158
2,0.05,201,204
3,0.05,201,127
1,0.05,201,37
2,0.05,201,78
3,0.05,201,32
1,0.05,201,94
2,0.05,201,184
3,0.05,201,78
1,0.05,201,0
2,0.05,201,6
3,0.05,201,0
1,0.05,201,26
2,0.05,201,122
3,0.05,201,16
1,0.05,201,228
2,0.05,201,455
3,0.05,201,175
1,0.05,201,0
2,0.05,201,0
3,0.05,201,0
1,0.05,201,59
2,0.05,201,162
3,0.05,201,45
1,0.05,201,68
2,0.05,201,251
3,0.05,201,37
1,0.05,201,285
2,0.05,201,409
3,0.05,201,241
1,0.05,201,15
2,0.05,201,47
3,0.05,201,12
1,0.05,201,81
2,0.05,201,344
3,0.05,201,59
1,0.05,201,777
2,0.05,201,915
3,0.05,201,548
1,0.05,201,252
2,0.05,201,530
3,0.05,201,206
1,0.05,201,28
2,0.05,201,92
3,0.05,201,16
1,0.05,201,81
2,0.05,201,224
3,0.05,201,52
1,0.05,201,236
2,0.05,201,964
3,0.05,201,73
1,0.05,201,0
2,0.05,201,0
3,0.05,201,0
1,0.05,201,19
2,0.05,201,38
3,0.05,201,10
1,0.05,201,91
2,0.05,201,218
3,0.05,201,67
1,0.05,201,624
2,0.05,201,811
3,0.05,201,564
1,0.05,201,84
2,0.05,201,163
3,0.05,201,64
1,0.05,201,21
2,0.05,201,74
3,0.05,201,10
1,0.05,201,7
2,0.05,201,89
3,0.05,201,3
1,0.05,201,71
2,0.05,201,137
3,0.05,201,54
1,0.05,201,48
2,0.05,201,63
3,0.05,201,42
1,0.05,201,11
2,0.05,201,31
3,0.05,201,7
1,0.05,201,75
2,0.05,201,132
3,0.05,201,58
1,0.05,201,96
2,0.05,201,234
3,0.05,201,71
1,0.05,201,140
2,0.05,201,221
3,0.05,201,118
1,0.05,201,72
2,0.05,201,220
3,0.05,201,47
1,0.05,201,388
2,0.05,201,981
3,0.05,201,78
1,0.05,201,4
2,0.05,201,20
3,0.05,201,2
1,0.05,201,560
2,0.05,201,1000
3,0.05,201,55
1,0.05,201,108
2,0.05,201,280
3,0.05,201,75
1,0.05,201,5
2,0.05,201,36
3,0.05,201,3
1,0.05,201,22
2,0.05,201,50
3,0.05,201,13
1,0.05,201,20
2,0.05,201,78
3,0.05,201,9
1,0.05,201,283
2,0.05,201,512
3,0.05,201,219
1,0.05,201,462
2,0.05,201,748
3,0.05,201,338
1,0.05,201,28
2,0.05,201,66
3,0.05,201,15
1,0.05,201,119
2,0.05,201,455
3,0.05,201,87
1,0.05,201,117
2,0.05,201,295
3,0.05,201,90
1,0.05,201,87
2,0.05,201,242
3,0.05,201,63
1,0.05,201,63
2,0.05,201,210
3,0.05,201,46
1,0.05,201,90
2,0.05,201,179
3,0.05,201,69
1,0.05,201,187
2,0.05,201,272
3,0.05,201,160
1,0.05,201,24
2,0.05,201,125
3,0.05,201,17
1,0.05,201,206
2,0.05,201,1000
3,0.05,201,24
1,0.05,201,42
2,0.05,201,94
3,0.05,201,31
1,0.05,201,0
2,0.05,201,0
3,0.05,201,0
1,0.05,201,46
2,0.05,201,151
3,0.05,201,32
1,0.05,201,331
2,0.05,201,647
3,0.05,201,246
1,0.05,201,88
2,0.05,201,391
3,0.05,201,56
1,0.05,201,637
2,0.05,201,839
3,0.05,201,534
1,0.05,201,171
2,0.05,201,243
3,0.05,201,152
1,0.05,201,319
2,0.05,201,664
3,0.05,201,232
1,0.05,201,9
2,0.05,201,45
3,0.05,201,4
1,0.05,201,45
2,0.05,201,176
3,0.05,201,26
1,0.05,201,80
2,0.05,201,276
3,0.05,201,41
1,0.05,201,61
2,0.05,201,126
3,0.05,201,40
1,0.05,201,11
2,0.05,201,161
3,0.05,201,6
1,0.05,201,107
2,0.05,201,315
3,0.05,201,79
1,0.05,201,364
2,0.05,201,463
3,0.05,201,316
1,0.05,201,137
2,0.05,201,205
3,0.05,201,119
1,0.05,201,121
2,0.05,201,212
3,0.05,201,89
1,0.05,201,113
2,0.05,201,329
3,0.05,201,75
1,0.05,201,6
2,0.05,201,31
3,0.05,201,5
1,0.05,201,5
2,0.05,201,23
3,0.05,201,1
1,0.05,201,69
2,0.05,201,146
3,0.05,201,51
1,0.05,201,533
2,0.05,201,791
3,0.05,201,441
1,0.05,201,236
2,0.05,201,514
3,0.05,201,163
1,0.05,201,61
2,0.05,201,237
3,0.05,201,32
1,0.05,201,75
2,0.05,201,244
3,0.05,201,53
1,0.05,201,13
2,0.05,201,48
3,0.05,201,8
1,0.05,201,836
2,0.05,201,956
3,0.05,201,734
1,0.05,201,190
2,0.05,201,574
3,0.05,201,107
1,0.05,201,127
2,0.05,201,201
3,0.05,201,110
1,0.05,201,31
2,0.05,201,102
3,0.05,201,23
1,0.05,201,6
2,0.05,201,31
3,0.05,201,4
1,0.05,201,132
2,0.05,201,176
3,0.05,201,114
1,0.05,201,0
2,0.05,201,17
3,0.05,201,0
1,0.05,201,58
2,0.05,201,151
3,0.05,201,44
1,0.05,201,12
2,0.05,201,40
3,0.05,201,6
1,0.05,201,108
2,0.05,201,202
3,0.05,201,85
1,0.1,11,144
2,0.1,11,414
3,0.1,11,78
1,0.1,11,12
2,0.1,11,88
3,0.1,11,4
1,0.1,11,131
2,0.1,11,384
3,0.1,11,72
1,0.1,11,143
2,0.1,11,419
3,0.1,11,77
1,0.1,11,164
2,0.1,11,477
3,0.1,11,83
1,0.1,11,252
2,0.1,11,488
3,0.1,11,153
1,0.1,11,55
2,0.1,11,210
3,0.1,11,25
1,0.1,11,47
2,0.1,11,194
3,0.1,11,27
1,0.1,11,312
2,0.1,11,652
3,0.1,11,207
1,0.1,11,145
2,0.1,11,452
3,0.1,11,87
1,0.1,11,342
2,0.1,11,574
3,0.1,11,242
1,0.1,11,32
2,0.1,11,157
3,0.1,11,14
1,0.1,11,202
2,0.1,11,523
3,0.1,11,133
1,0.1,11,66
2,0.1,11,262
3,0.1,11,33
1,0.1,11,118
2,0.1,11,325
3,0.1,11,60
1,0.1,11,597
2,0.1,11,813
3,0.1,11,499
1,0.1,11,108
2,0.1,11,170
3,0.1,11,72
1,0.1,11,108
2,0.1,11,305
3,0.1,11,61
1,0.1,11,117
2,0.1,11,417
3,0.1,11,57
1,0.1,11,67
2,0.1,11,267
3,0.1,11,29
1,0.1,11,569
2,0.1,11,854
3,0.1,11,415
1,0.1,11,138
2,0.1,11,433
3,0.1,11,75
1,0.1,11,60
2,0.1,11,220
3,0.1,11,28
1,0.1,11,7
2,0.1,11,76
3,0.1,11,4
1,0.1,11,467
2,0.1,11,689
3,0.1,11,396
1,0.1,11,127
2,0.1,11,409
3,0.1,11,62
1,0.1,11,16
2,0.1,11,205
3,0.1,11,7
1,0.1,11,186
2,0.1,11,444
3,0.1,11,94
1,0.1,11,198
2,0.1,11,489
3,0.1,11,115
1,0.1,11,129
2,0.1,11,360
3,0.1,11,69
1,0.1,11,236
2,0.1,11,472
3,0.1,11,131
1,0.1,11,5
2,0.1,11,79
3,0.1,11,3
1,0.1,11,22
2,0.1,11,127
3,0.1,11,14
1,0.1,11,122
2,0.1,11,328
3,0.1,11,73
1,0.1,11,97
2,0.1,11,308
3,0.1,11,56
1,0.1,11,496
2,0.1,11,738
3,0.1,11,417
1,0.1,11,41
2,0.1,11,147
3,0.1,11,19
1,0.1,11,141
2,0.1,11,418
3,0.1,11,84
1,0.1,11,33
2,0.1,11,165
3,0.1,11,11
1,0.1,11,71
2,0.1,11,218
3,0.1,11,35
1,0.1,11,249
2,0.1,11,499
3,0.1,11,163
1,0.1,11,116
2,0.1,11,366
3,0.1,11,65
1,0.1,11,95
2,0.1,11,315
3,0.1,11,61
1,0.1,11,130
2,0.1,11,335
3,0.1,11,69
1,0.1,11,244
2,0.1,11,470
3,0.1,11,177
1,0.1,11,101
2,0.1,11,394
3,0.1,11,44
1,0.1,11,86
2,0.1,11,362
3,0.1,11,27
1,0.1,11,91
2,0.1,11,302
3,0.1,11,47
1,0.1,11,13
2,0.1,11,97
3,0.1,11,3
1,0.1,11,125
2,0.1,11,313
3,0.1,11,70
1,0.1,11,49
2,0.1,11,186
3,0.1,11,25
1,0.1,11,62
2,0.1,11,312
3,0.1,11,34
1,0.1,11,101
2,0.1,11,328
3,0.1,11,53
1,0.1,11,191
2,0.1,11,440
3,0.1,11,133
1,0.1,11,177
2,0.1,11,469
3,0.1,11,108
1,0.1,11,101
2,0.1,11,305
3,0.1,11,63
1,0.1,11,43
2,0.1,11,167
3,0.1,11,23
1,0.1,11,173
2,0.1,11,420
3,0.1,11,94
1,0.1,11,51
2,0.1,11,245
3,0.1,11,30
1,0.1,11,176
2,0.1,11,505
3,0.1,11,92
1,0.1,11,127
2,0.1,11,388
3,0.1,11,95
1,0.1,11,135
2,0.1,11,265
3,0.1,11,87
1,0.1,11,110
2,0.1,11,304
3,0.1,11,71
1,0.1,11,423
2,0.1,11,628
3,0.1,11,291
1,0.1,11,20
2,0.1,11,71
3,0.1,11,8
1,0.1,11,50
2,0.1,11,157
3,0.1,11,38
1,0.1,11,59
2,0.1,11,248
3,0.1,11,28
1,0.1,11,215
2,0.1,11,644
3,0.1,11,118
1,0.1,11,12
2,0.1,11,56
3,0.1,11,7
1,0.1,11,736
2,0.1,11,886
3,0.1,11,630
1,0.1,11,372
2,0.1,11,577
3,0.1,11,255
1,0.1,11,76
2,0.1,11,257
3,0.1,11,34
1,0.1,11,203
2,0.1,11,420
3,0.1,11,153
1,0.1,11,78
2,0.1,11,242
3,0.1,11,46
1,0.1,11,69
2,0.1,11,247
3,0.1,11,41
1,0.1,11,343
2,0.1,11,622
3,0.1,11,256
1,0.1,11,59
2,0.1,11,212
3,0.1,11,22
1,0.1,11,132
2,0.1,11,336
3,0.1,11,66
1,0.1,11,319
2,0.1,11,534
3,0.1,11,224
1,0.1,11,144
2,0.1,11,425
3,0.1,11,87
1,0.1,11,61
2,0.1,11,259
3,0.1,11,25
1,0.1,11,24
2,0.1,11,145
3,0.1,11,11
1,0.1,11,63
2,0.1,11,338
3,0.1,11,33
1,0.1,11,17
2,0.1,11,133
3,0.1,11,9
1,0.1,11,226
2,0.1,11,485
3,0.1,11,164
1,0.1,11,181
2,0.1,11,425
3,0.1,11,118
1,0.1,11,68
2,0.1,11,244
3,0.1,11,34
1,0.1,11,40
2,0.1,11,159
3,0.1,11,25
1,0.1,11,91
2,0.1,11,276
3,0.1,11,48
1,0.1,11,26
2,0.1,11,139
3,0.1,11,13
1,0.1,11,237
2,0.1,11,510
3,0.1,11,153
1,0.1,11,64
2,0.1,11,283
3,0.1,11,31
1,0.1,11,145
2,0.1,11,377
3,0.1,11,97
1,0.1,11,124
2,0.1,11,352
3,0.1,11,76
1,0.1,11,56
2,0.1,11,216
3,0.1,11,34
1,0.1,11,199
2,0.1,11,396
3,0.1,11,143
1,0.1,11,22
2,0.1,11,151
3,0.1,11,16
1,0.1,11,136
2,0.1,11,394
3,0.1,11,86
1,0.1,11,36
2,0.1,11,153
3,0.1,11,11
1,0.1,11,97
2,0.1,11,344
3,0.1,11,54
1,0.1,21,49
2,0.1,21,264
3,0.1,21,28
1,0.1,21,52
2,0.1,21,211
3,0.1,21,31
1,0.1,21,140
2,0.1,21,443
3,0.1,21,81
1,0.1,21,190
2,0.1,21,486
3,0.1,21,95
1,0.1,21,347
2,0.1,21,825
3,0.1,21,191
1,0.1,21,121
2,0.1,21,309
3,0.1,21,74
1,0.1,21,87
2,0.1,21,260
3,0.1,21,54
1,0.1,21,61
2,0.1,21,232
3,0.1,21,30
1,0.1,21,109
2,0.1,21,317
3,0.1,21,66
1,0.1,21,676
2,0.1,21,874
3,0.1,21,525
1,0.1,21,320
2,0.1,21,587
3,0.1,21,210
1,0.1,21,139
2,0.1,21,435
3,0.1,21,79
1,0.1,21,216
2,0.1,21,508
3,0.1,21,122
1,0.1,21,418
2,0.1,21,573
3,0.1,21,311
1,0.1,21,95
2,0.1,21,395
3,0.1,21,54
1,0.1,21,703
2,0.1,21,837
3,0.1,21,621
1,0.1,21,288
2,0.1,21,553
3,0.1,21,208
1,0.1,21,282
2,0.1,21,511
3,0.1,21,191
1,0.1,21,22
2,0.1,21,115
3,0.1,21,7
1,0.1,21,91
2,0.1,21,316
3,0.1,21,42
1,0.1,21,371
2,0.1,21,695
3,0.1,21,272
1,0.1,21,203
2,0.1,21,431
3,0.1,21,120
1,0.1,21,47
2,0.1,21,247
3,0.1,21,19
1,0.1,21,60
2,0.1,21,230
3,0.1,21,28
1,0.1,21,206
2,0.1,21,442
3,0.1,21,138
1,0.1,21,235
2,0.1,21,591
3,0.1,21,113
1,0.1,21,7
2,0.1,21,63
3,0.1,21,2
1,0.1,21,85
2,0.1,21,352
3,0.1,21,57
1,0.1,21,150
2,0.1,21,436
3,0.1,21,93
1,0.1,21,216
2,0.1,21,504
3,0.1,21,114
1,0.1,21,302
2,0.1,21,579
3,0.1,21,203
1,0.1,21,17
2,0.1,21,126
3,0.1,21,7
1,0.1,21,170
2,0.1,21,468
3,0.1,21,95
1,0.1,21,184
2,0.1,21,467
3,0.1,21,99
1,0.1,21,125
2,0.1,21,448
3,0.1,21,64
1,0.1,21,196
2,0.1,21,377
3,0.1,21,146
1,0.1,21,131
2,0.1,21,329
3,0.1,21,80
1,0.1,21,139
2,0.1,21,388
3,0.1,21,82
1,0.1,21,4
2,0.1,21,74
3,0.1,21,1
1,0.1,21,95
2,0.1,21,360
3,0.1,21,48
1,0.1,21,74
2,0.1,21,256
3,0.1,21,41
1,0.1,21,107
2,0.1,21,233
3,0.1,21,64
1,0.1,21,153
2,0.1,21,389
3,0.1,21,78
1,0.1,21,110
2,0.1,21,255
3,0.1,21,70
1,0.1,21,80
2,0.1,21,286
3,0.1,21,44
1,0.1,21,86
2,0.1,21,326
3,0.1,21,48
1,0.1,21,73
2,0.1,21,266
3,0.1,21,40
1,0.1,21,178
2,0.1,21,461
3,0.1,21,93
1,0.1,21,23
2,0.1,21,155
3,0.1,21,9
1,0.1,21,59
2,0.1,21,266
3,0.1,21,28
1,0.1,21,162
2,0.1,21,474
3,0.1,21,79
1,0.1,21,79
2,0.1,21,375
3,0.1,21,28
1,0.1,21,37
2,0.1,21,189
3,0.1,21,12
1,0.1,21,179
2,0.1,21,381
3,0.1,21,109
1,0.1,21,97
2,0.1,21,315
3,0.1,21,55
1,0.1,21,195
2,0.1,21,460
3,0.1,21,123
1,0.1,21,131
2,0.1,21,410
3,0.1,21,63
1,0.1,21,101
2,0.1,21,400
3,0.1,21,54
1,0.1,21,31
2,0.1,21,176
3,0.1,21,15
1,0.1,21,138
2,0.1,21,352
3,0.1,21,82
1,0.1,21,120
2,0.1,21,372
3,0.1,21,58
1,0.1,21,219
2,0.1,21,563
3,0.1,21,133
1,0.1,21,317
2,0.1,21,785
3,0.1,21,162
1,0.1,21,296
2,0.1,21,484
3,0.1,21,206
1,0.1,21,16
2,0.1,21,106
3,0.1,21,9
1,0.1,21,38
2,0.1,21,220
3,0.1,21,9
1,0.1,21,171
2,0.1,21,457
3,0.1,21,80
1,0.1,21,433
2,0.1,21,760
3,0.1,21,284
1,0.1,21,27
2,0.1,21,144
3,0.1,21,18
1,0.1,21,898
2,0.1,21,957
3,0.1,21,804
1,0.1,21,715
2,0.1,21,928
3,0.1,21,527
1,0.1,21,197
2,0.1,21,493
3,0.1,21,107
1,0.1,21,120
2,0.1,21,339
3,0.1,21,69
1,0.1,21,122
2,0.1,21,408
3,0.1,21,53
1,0.1,21,254
2,0.1,21,624
3,0.1,21,125
1,0.1,21,339
2,0.1,21,693
3,0.1,21,238
1,0.1,21,133
2,0.1,21,403
3,0.1,21,70
1,0.1,21,116
2,0.1,21,398
3,0.1,21,54
1,0.1,21,420
2,0.1,21,678
3,0.1,21,296
1,0.1,21,97
2,0.1,21,331
3,0.1,21,62
1,0.1,21,220
2,0.1,21,481
3,0.1,21,139
1,0.1,21,5
2,0.1,21,41
3,0.1,21,3
1,0.1,21,11
2,0.1,21,115
3,0.1,21,3
1,0.1,21,16
2,0.1,21,123
3,0.1,21,6
1,0.1,21,394
2,0.1,21,579
3,0.1,21,274
1,0.1,21,535
2,0.1,21,833
3,0.1,21,369
1,0.1,21,97
2,0.1,21,308
3,0.1,21,54
1,0.1,21,18
2,0.1,21,75
3,0.1,21,9
1,0.1,21,81
2,0.1,21,318
3,0.1,21,34
1,0.1,21,3
2,0.1,21,63
3,0.1,21,0
1,0.1,21,248
2,0.1,21,525
3,0.1,21,175
1,0.1,21,18
2,0.1,21,151
3,0.1,21,6
1,0.1,21,156
2,0.1,21,420
3,0.1,21,105
1,0.1,21,62
2,0.1,21,193
3,0.1,21,35
1,0.1,21,76
2,0.1,21,231
3,0.1,21,50
1,0.1,21,227
2,0.1,21,499
3,0.1,21,161
1,0.1,21,108
2,0.1,21,296
3,0.1,21,65
1,0.1,21,294
2,0.1,21,706
3,0.1,21,171
1,0.1,21,117
2,0.1,21,444
3,0.1,21,47
1,0.1,21,288
2,0.1,21,639
3,0.1,21,152
1,0.1,41,167
2,0.1,41,600
3,0.1,41,64
1,0.1,41,74
2,0.1,41,331
3,0.1,41,41
1,0.1,41,86
2,0.1,41,358
3,0.1,41,54
1,0.1,41,214
2,0.1,41,485
3,0.1,41,138
1,0.1,41,199
2,0.1,41,624
3,0.1,41,96
1,0.1,41,337
2,0.1,41,636
3,0.1,41,269
1,0.1,41,354
2,0.1,41,695
3,0.1,41,211
1,0.1,41,94
2,0.1,41,328
3,0.1,41,48
1,0.1,41,676
2,0.1,41,929
3,0.1,41,504
1,0.1,41,488
2,0.1,41,856
3,0.1,41,294
1,0.1,41,805
2,0.1,41,993
3,0.1,41,674
1,0.1,41,29
2,0.1,41,91
3,0.1,41,15
1,0.1,41,588
2,0.1,41,933
3,0.1,41,353
1,0.1,41,204
2,0.1,41,511
3,0.1,41,151
1,0.1,41,723
2,0.1,41,918
3,0.1,41,554
1,0.1,41,385
2,0.1,41,629
3,0.1,41,302
1,0.1,41,479
2,0.1,41,722
3,0.1,41,363
1,0.1,41,210
2,0.1,41,578
3,0.1,41,135
1,0.1,41,74
2,0.1,41,303
3,0.1,41,39
1,0.1,41,50
2,0.1,41,290
3,0.1,41,24
1,0.1,41,857
2,0.1,41,966
3,0.1,41,748
1,0.1,41,328
2,0.1,41,679
3,0.1,41,212
1,0.1,41,39
2,0.1,41,230
3,0.1,41,21
1,0.1,41,127
2,0.1,41,405
3,0.1,41,82
1,0.1,41,450
2,0.1,41,744
3,0.1,41,352
1,0.1,41,259
2,0.1,41,688
3,0.1,41,149
1,0.1,41,148
2,0.1,41,486
3,0.1,41,89
1,0.1,41,101
2,0.1,41,245
3,0.1,41,63
1,0.1,41,256
2,0.1,41,529
3,0.1,41,176
1,0.1,41,120
2,0.1,41,394
3,0.1,41,71
1,0.1,41,488
2,0.1,41,898
3,0.1,41,258
1,0.1,41,7
2,0.1,41,69
3,0.1,41,3
1,0.1,41,262
2,0.1,41,685
3,0.1,41,140
1,0.1,41,83
2,0.1,41,294
3,0.1,41,38
1,0.1,41,119
2,0.1,41,323
3,0.1,41,66
1,0.1,41,616
2,0.1,41,749
3,0.1,41,514
1,0.1,41,101
2,0.1,41,283
3,0.1,41,58
1,0.1,41,190
2,0.1,41,537
3,0.1,41,110
1,0.1,41,2
2,0.1,41,42
3,0.1,41,0
1,0.1,41,230
2,0.1,41,576
3,0.1,41,132
1,0.1,41,97
2,0.1,41,243
3,0.1,41,76
1,0.1,41,137
2,0.1,41,328
3,0.1,41,96
1,0.1,41,136
2,0.1,41,350
3,0.1,41,96
1,0.1,41,342
2,0.1,41,764
3,0.1,41,194
1,0.1,41,790
2,0.1,41,896
3,0.1,41,692
1,0.1,41,202
2,0.1,41,545
3,0.1,41,116
1,0.1,41,67
2,0.1,41,380
3,0.1,41,36
1,0.1,41,325
2,0.1,41,674
3,0.1,41,193
1,0.1,41,31
2,0.1,41,196
3,0.1,41,14
1,0.1,41,192
2,0.1,41,501
3,0.1,41,115
1,0.1,41,126
2,0.1,41,520
3,0.1,41,59
1,0.1,41,45
2,0.1,41,309
3,0.1,41,22
1,0.1,41,104
2,0.1,41,300
3,0.1,41,56
1,0.1,41,148
2,0.1,41,476
3,0.1,41,85
1,0.1,41,107
2,0.1,41,448
3,0.1,41,59
1,0.1,41,74
2,0.1,41,269
3,0.1,41,37
1,0.1,41,153
2,0.1,41,582
3,0.1,41,82
1,0.1,41,128
2,0.1,41,449
3,0.1,41,66
1,0.1,41,18
2,0.1,41,142
3,0.1,41,7
1,0.1,41,255
2,0.1,41,486
3,0.1,41,166
1,0.1,41,167
2,0.1,41,492
3,0.1,41,96
1,0.1,41,190
2,0.1,41,522
3,0.1,41,112
1,0.1,41,543
2,0.1,41,906
3,0.1,41,331
1,0.1,41,687
2,0.1,41,919
3,0.1,41,482
1,0.1,41,27
2,0.1,41,190
3,0.1,41,11
1,0.1,41,304
2,0.1,41,745
3,0.1,41,138
1,0.1,41,58
2,0.1,41,269
3,0.1,41,37
1,0.1,41,325
2,0.1,41,662
3,0.1,41,213
1,0.1,41,80
2,0.1,41,375
3,0.1,41,45
1,0.1,41,937
2,0.1,41,977
3,0.1,41,852
1,0.1,41,553
2,0.1,41,932
3,0.1,41,317
1,0.1,41,138
2,0.1,41,342
3,0.1,41,98
1,0.1,41,136
2,0.1,41,358
3,0.1,41,80
1,0.1,41,94
2,0.1,41,306
3,0.1,41,60
1,0.1,41,88
2,0.1,41,361
3,0.1,41,43
1,0.1,41,222
2,0.1,41,502
3,0.1,41,142
1,0.1,41,79
2,0.1,41,309
3,0.1,41,46
1,0.1,41,87
2,0.1,41,366
3,0.1,41,43
1,0.1,41,369
2,0.1,41,637
3,0.1,41,299
1,0.1,41,117
2,0.1,41,361
3,0.1,41,82
1,0.1,41,361
2,0.1,41,604
3,0.1,41,254
1,0.1,41,20
2,0.1,41,127
3,0.1,41,8
1,0.1,41,3
2,0.1,41,99
3,0.1,41,0
1,0.1,41,20
2,0.1,41,145
3,0.1,41,3
1,0.1,41,434
2,0.1,41,704
3,0.1,41,297
1,0.1,41,151
2,0.1,41,499
3,0.1,41,94
1,0.1,41,310
2,0.1,41,827
3,0.1,41,156
1,0.1,41,15
2,0.1,41,132
3,0.1,41,9
1,0.1,41,150
2,0.1,41,451
3,0.1,41,65
1,0.1,41,77
2,0.1,41,274
3,0.1,41,39
1,0.1,41,336
2,0.1,41,553
3,0.1,41,248
1,0.1,41,46
2,0.1,41,221
3,0.1,41,25
1,0.1,41,303
2,0.1,41,652
3,0.1,41,234
1,0.1,41,26
2,0.1,41,169
3,0.1,41,10
1,0.1,41,51
2,0.1,41,192
3,0.1,41,24
1,0.1,41,186
2,0.1,41,435
3,0.1,41,132
1,0.1,41,86
2,0.1,41,354
3,0.1,41,43
1,0.1,41,229
2,0.1,41,532
3,0.1,41,140
1,0.1,41,56
2,0.1,41,280
3,0.1,41,29
1,0.1,41,150
2,0.1,41,445
3,0.1,41,91
1,0.1,81,98
2,0.1,81,650
3,0.1,81,26
1,0.1,81,83
2,0.1,81,238
3,0.1,81,49
1,0.1,81,37
2,0.1,81,242
3,0.1,81,16
1,0.1,81,246
2,0.1,81,502
3,0.1,81,168
1,0.1,81,111
2,0.1,81,388
3,0.1,81,55
1,0.1,81,556
2,0.1,81,775
3,0.1,81,449
1,0.1,81,101
2,0.1,81,232
3,0.1,81,73
1,0.1,81,232
2,0.1,81,724
3,0.1,81,106
1,0.1,81,588
2,0.1,81,912
3,0.1,81,417
1,0.1,81,186
2,0.1,81,429
3,0.1,81,129
1,0.1,81,630
2,0.1,81,949
3,0.1,81,421
1,0.1,81,20
2,0.1,81,95
3,0.1,81,8
1,0.1,81,465
2,0.1,81,812
3,0.1,81,339
1,0.1,81,149
2,0.1,81,533
3,0.1,81,77
1,0.1,81,235
2,0.1,81,483
3,0.1,81,185
1,0.1,81,569
2,0.1,81,750
3,0.1,81,524
1,0.1,81,456
2,0.1,81,705
3,0.1,81,350
1,0.1,81,216
2,0.1,81,373
3,0.1,81,178
1,0.1,81,20
2,0.1,81,122
3,0.1,81,11
1,0.1,81,282
2,0.1,81,651
3,0.1,81,179
1,0.1,81,232
2,0.1,81,463
3,0.1,81,165
1,0.1,81,246
2,0.1,81,482
3,0.1,81,185
1,0.1,81,13
2,0.1,81,155
3,0.1,81,6
1,0.1,81,185
2,0.1,81,632
3,0.1,81,74
1,0.1,81,269
2,0.1,81,590
3,0.1,81,193
1,0.1,81,125
2,0.1,81,401
3,0.1,81,77
1,0.1,81,197
2,0.1,81,514
3,0.1,81,119
1,0.1,81,131
2,0.1,81,365
3,0.1,81,82
1,0.1,81,99
2,0.1,81,260
3,0.1,81,74
1,0.1,81,381
2,0.1,81,904
3,0.1,81,188
1,0.1,81,347
2,0.1,81,569
3,0.1,81,267
1,0.1,81,15
2,0.1,81,128
3,0.1,81,7
1,0.1,81,184
2,0.1,81,503
3,0.1,81,97
1,0.1,81,70
2,0.1,81,188
3,0.1,81,51
1,0.1,81,90
2,0.1,81,321
3,0.1,81,62
1,0.1,81,303
2,0.1,81,482
3,0.1,81,248
1,0.1,81,214
2,0.1,81,490
3,0.1,81,155
1,0.1,81,370
2,0.1,81,770
3,0.1,81,238
1,0.1,81,13
2,0.1,81,121
3,0.1,81,4
1,0.1,81,410
2,0.1,81,799
3,0.1,81,270
1,0.1,81,138
2,0.1,81,308
3,0.1,81,104
1,0.1,81,391
2,0.1,81,782
3,0.1,81,238
1,0.1,81,140
2,0.1,81,391
3,0.1,81,99
1,0.1,81,86
2,0.1,81,282
3,0.1,81,58
1,0.1,81,223
2,0.1,81,346
3,0.1,81,182
1,0.1,81,235
2,0.1,81,428
3,0.1,81,156
1,0.1,81,44
2,0.1,81,229
3,0.1,81,29
1,0.1,81,208
2,0.1,81,449
3,0.1,81,138
1,0.1,81,155
2,0.1,81,598
3,0.1,81,69
1,0.1,81,118
2,0.1,81,333
3,0.1,81,84
1,0.1,81,95
2,0.1,81,291
3,0.1,81,51
1,0.1,81,239
2,0.1,81,894
3,0.1,81,109
1,0.1,81,98
2,0.1,81,407
3,0.1,81,56
1,0.1,81,109
2,0.1,81,393
3,0.1,81,74
1,0.1,81,330
2,0.1,81,649
3,0.1,81,217
1,0.1,81,219
2,0.1,81,530
3,0.1,81,146
1,0.1,81,131
2,0.1,81,542
3,0.1,81,71
1,0.1,81,49
2,0.1,81,240
3,0.1,81,26
1,0.1,81,17
2,0.1,81,143
3,0.1,81,8
1,0.1,81,467
2,0.1,81,802
3,0.1,81,311
1,0.1,81,230
2,0.1,81,496
3,0.1,81,166
1,0.1,81,327
2,0.1,81,610
3,0.1,81,246
1,0.1,81,758
2,0.1,81,996
3,0.1,81,444
1,0.1,81,582
2,0.1,81,964
3,0.1,81,332
1,0.1,81,259
2,0.1,81,603
3,0.1,81,183
1,0.1,81,276
2,0.1,81,673
3,0.1,81,152
1,0.1,81,67
2,0.1,81,298
3,0.1,81,32
1,0.1,81,391
2,0.1,81,711
3,0.1,81,253
1,0.1,81,43
2,0.1,81,164
3,0.1,81,32
1,0.1,81,601
2,0.1,81,877
3,0.1,81,461
1,0.1,81,90
2,0.1,81,378
3,0.1,81,51
1,0.1,81,124
2,0.1,81,409
3,0.1,81,68
1,0.1,81,25
2,0.1,81,151
3,0.1,81,11
1,0.1,81,147
2,0.1,81,381
3,0.1,81,102
1,0.1,81,293
2,0.1,81,745
3,0.1,81,137
1,0.1,81,295
2,0.1,81,571
3,0.1,81,225
1,0.1,81,96
2,0.1,81,355
3,0.1,81,57
1,0.1,81,146
2,0.1,81,394
3,0.1,81,104
1,0.1,81,302
2,0.1,81,484
3,0.1,81,255
1,0.1,81,181
2,0.1,81,433
3,0.1,81,129
1,0.1,81,41
2,0.1,81,143
3,0.1,81,24
1,0.1,81,15
2,0.1,81,161
3,0.1,81,3
1,0.1,81,4
2,0.1,81,62
3,0.1,81,2
1,0.1,81,10
2,0.1,81,97
3,0.1,81,4
1,0.1,81,298
2,0.1,81,552
3,0.1,81,230
1,0.1,81,180
2,0.1,81,460
3,0.1,81,119
1,0.1,81,157
2,0.1,81,462
3,0.1,81,91
1,0.1,81,157
2,0.1,81,420
3,0.1,81,105
1,0.1,81,223
2,0.1,81,611
3,0.1,81,113
1,0.1,81,116
2,0.1,81,468
3,0.1,81,63
1,0.1,81,231
2,0.1,81,629
3,0.1,81,139
1,0.1,81,82
2,0.1,81,247
3,0.1,81,48
1,0.1,81,298
2,0.1,81,536
3,0.1,81,219
1,0.1,81,22
2,0.1,81,164
3,0.1,81,12
1,0.1,81,125
2,0.1,81,301
3,0.1,81,87
1,0.1,81,467
2,0.1,81,751
3,0.1,81,373
1,0.1,81,92
2,0.1,81,422
3,0.1,81,45
1,0.1,81,343
2,0.1,81,647
3,0.1,81,243
1,0.1,81,33
2,0.1,81,168
3,0.1,81,25
1,0.1,81,246
2,0.1,81,601
3,0.1,81,163
1,0.1,101,101
2,0.1,101,304
3,0.1,101,66
1,0.1,101,11
2,0.1,101,94
3,0.1,101,8
1,0.1,101,83
2,0.1,101,183
3,0.1,101,49
1,0.1,101,65
2,0.1,101,189
3,0.1,101,39
1,0.1,101,20
2,0.1,101,81
3,0.1,101,13
1,0.1,101,216
2,0.1,101,429
3,0.1,101,153
1,0.1,101,239
2,0.1,101,710
3,0.1,101,118
1,0.1,101,103
2,0.1,101,269
3,0.1,101,71
1,0.1,101,373
2,0.1,101,712
3,0.1,101,276
1,0.1,101,136
2,0.1,101,282
3,0.1,101,106
1,0.1,101,109
2,0.1,101,306
3,0.1,101,62
1,0.1,101,37
2,0.1,101,342
3,0.1,101,14
1,0.1,101,96
2,0.1,101,293
3,0.1,101,68
1,0.1,101,138
2,0.1,101,442
3,0.1,101,82
1,0.1,101,454
2,0.1,101,939
3,0.1,101,225
1,0.1,101,282
2,0.1,101,347
3,0.1,101,252
1,0.1,101,545
2,0.1,101,756
3,0.1,101,454
1,0.1,101,252
2,0.1,101,407
3,0.1,101,218
1,0.1,101,0
2,0.1,101,64
3,0.1,101,0
1,0.1,101,257
2,0.1,101,860
3,0.1,101,85
1,0.1,101,189
2,0.1,101,481
3,0.1,101,126
1,0.1,101,96
2,0.1,101,406
3,0.1,101,48
1,0.1,101,118
2,0.1,101,377
3,0.1,101,67
1,0.1,101,64
2,0.1,101,205
3,0.1,101,42
1,0.1,101,321
2,0.1,101,602
3,0.1,101,241
1,0.1,101,149
2,0.1,101,424
3,0.1,101,93
1,0.1,101,32
2,0.1,101,106
3,0.1,101,19
1,0.1,101,64
2,0.1,101,98
3,0.1,101,51
1,0.1,101,643
2,0.1,101,850
3,0.1,101,511
1,0.1,101,26
2,0.1,101,160
3,0.1,101,15
1,0.1,101,1
2,0.1,101,87
3,0.1,101,0
1,0.1,101,137
2,0.1,101,534
3,0.1,101,52
1,0.1,101,392
2,0.1,101,926
3,0.1,101,187
1,0.1,101,96
2,0.1,101,314
3,0.1,101,68
1,0.1,101,240
2,0.1,101,753
3,0.1,101,138
1,0.1,101,87
2,0.1,101,134
3,0.1,101,72
1,0.1,101,248
2,0.1,101,572
3,0.1,101,169
1,0.1,101,387
2,0.1,101,724
3,0.1,101,264
1,0.1,101,37
2,0.1,101,230
3,0.1,101,17
1,0.1,101,115
2,0.1,101,237
3,0.1,101,84
1,0.1,101,234
2,0.1,101,405
3,0.1,101,198
1,0.1,101,437
2,0.1,101,700
3,0.1,101,321
1,0.1,101,192
2,0.1,101,321
3,0.1,101,161
1,0.1,101,102
2,0.1,101,229
3,0.1,101,67
1,0.1,101,373
2,0.1,101,645
3,0.1,101,283
1,0.1,101,176
2,0.1,101,332
3,0.1,101,128
1,0.1,101,130
2,0.1,101,279
3,0.1,101,92
1,0.1,101,53
2,0.1,101,124
3,0.1,101,41
1,0.1,101,146
2,0.1,101,617
3,0.1,101,77
1,0.1,101,196
2,0.1,101,424
3,0.1,101,151
1,0.1,101,17
2,0.1,101,113
3,0.1,101,4
1,0.1,101,24
2,0.1,101,106
3,0.1,101,13
1,0.1,101,103
2,0.1,101,396
3,0.1,101,66
1,0.1,101,457
2,0.1,101,786
3,0.1,101,323
1,0.1,101,479
2,0.1,101,742
3,0.1,101,343
1,0.1,101,285
2,0.1,101,588
3,0.1,101,214
1,0.1,101,186
2,0.1,101,569
3,0.1,101,120
1,0.1,101,275
2,0.1,101,573
3,0.1,101,174
1,0.1,101,99
2,0.1,101,316
3,0.1,101,72
1,0.1,101,32
2,0.1,101,118
3,0.1,101,21
1,0.1,101,226
2,0.1,101,486
3,0.1,101,162
1,0.1,101,584
2,0.1,101,757
3,0.1,101,507
1,0.1,101,96
2,0.1,101,195
3,0.1,101,83
1,0.1,101,108
2,0.1,101,349
3,0.1,101,65
1,0.1,101,113
2,0.1,101,386
3,0.1,101,60
1,0.1,101,222
2,0.1,101,514
3,0.1,101,167
1,0.1,101,28
2,0.1,101,119
3,0.1,101,16
1,0.1,101,172
2,0.1,101,584
3,0.1,101,113
1,0.1,101,176
2,0.1,101,553
3,0.1,101,121
1,0.1,101,804
2,0.1,101,902
3,0.1,101,716
1,0.1,101,312
2,0.1,101,576
3,0.1,101,233
1,0.1,101,90
2,0.1,101,143
3,0.1,101,75
1,0.1,101,123
2,0.1,101,310
3,0.1,101,97
1,0.1,101,114
2,0.1,101,373
3,0.1,101,67
1,0.1,101,167
2,0.1,101,471
3,0.1,101,93
1,0.1,101,305
2,0.1,101,442
3,0.1,101,259
1,0.1,101,112
2,0.1,101,413
3,0.1,101,66
1,0.1,101,373
2,0.1,101,667
3,0.1,101,273
1,0.1,101,88
2,0.1,101,165
3,0.1,101,65
1,0.1,101,281
2,0.1,101,669
3,0.1,101,180
1,0.1,101,206
2,0.1,101,366
3,0.1,101,158
1,0.1,101,19
2,0.1,101,115
3,0.1,101,7
1,0.1,101,213
2,0.1,101,748
3,0.1,101,87
1,0.1,101,244
2,0.1,101,754
3,0.1,101,102
1,0.1,101,332
2,0.1,101,615
3,0.1,101,241
1,0.1,101,889
2,0.1,101,989
3,0.1,101,773
1,0.1,101,378
2,0.1,101,674
3,0.1,101,248
1,0.1,101,208
2,0.1,101,497
3,0.1,101,128
1,0.1,101,20
2,0.1,101,110
3,0.1,101,14
1,0.1,101,134
2,0.1,101,329
3,0.1,101,85
1,0.1,101,681
2,0.1,101,857
3,0.1,101,582
1,0.1,101,45
2,0.1,101,132
3,0.1,101,33
1,0.1,101,108
2,0.1,101,197
3,0.1,101,88
1,0.1,101,41
2,0.1,101,147
3,0.1,101,28
1,0.1,101,221
2,0.1,101,517
3,0.1,101,114
1,0.1,101,149
2,0.1,101,298
3,0.1,101,124
1,0.1,101,142
2,0.1,101,377
3,0.1,101,95
1,0.1,101,314
2,0.1,101,711
3,0.1,101,213
1,0.1,101,45
2,0.1,101,172
3,0.1,101,28
1,0.1,101,250
2,0.1,101,654
3,0.1,101,165
1,0.1,201,17
2,0.1,201,76
3,0.1,201,6
1,0.1,201,48
2,0.1,201,234
3,0.1,201,24
1,0.1,201,4
2,0.1,201,21
3,0.1,201,1
1,0.1,201,131
2,0.1,201,530
3,0.1,201,62
1,0.1,201,10
2,0.1,201,21
3,0.1,201,6
1,0.1,201,471
2,0.1,201,604
3,0.1,201,400
1,0.1,201,34
2,0.1,201,102
3,0.1,201,21
1,0.1,201,0
2,0.1,201,2
3,0.1,201,0
1,0.1,201,34
2,0.1,201,60
3,0.1,201,20
1,0.1,201,247
2,0.1,201,482
3,0.1,201,191
1,0.1,201,146
2,0.1,201,377
3,0.1,201,109
1,0.1,201,124
2,0.1,201,328
3,0.1,201,88
1,0.1,201,25
2,0.1,201,97
3,0.1,201,19
1,0.1,201,363
2,0.1,201,492
3,0.1,201,314
1,0.1,201,30
2,0.1,201,69
3,0.1,201,22
1,0.1,201,108
2,0.1,201,173
3,0.1,201,90
1,0.1,201,761
2,0.1,201,976
3,0.1,201,538
1,0.1,201,65
2,0.1,201,104
3,0.1,201,58
1,0.1,201,4
2,0.1,201,24
3,0.1,201,2
1,0.1,201,42
2,0.1,201,215
3,0.1,201,28
1,0.1,201,42
2,0.1,201,76
3,0.1,201,36
1,0.1,201,72
2,0.1,201,259
3,0.1,201,46
1,0.1,201,34
2,0.1,201,45
3,0.1,201,26
1,0.1,201,57
2,0.1,201,195
3,0.1,201,31
1,0.1,201,366
2,0.1,201,511
3,0.1,201,330
1,0.1,201,86
2,0.1,201,313
3,0.1,201,57
1,0.1,201,1
2,0.1,201,17
3,0.1,201,0
1,0.1,201,399
2,0.1,201,549
3,0.1,201,347
1,0.1,201,217
2,0.1,201,334
3,0.1,201,184
1,0.1,201,80
2,0.1,201,316
3,0.1,201,43
1,0.1,201,45
2,0.1,201,310
3,0.1,201,14
1,0.1,201,34
2,0.1,201,124
3,0.1,201,24
1,0.1,201,12
2,0.1,201,158
3,0.1,201,5
1,0.1,201,75
2,0.1,201,201
3,0.1,201,50
1,0.1,201,121
2,0.1,201,259
3,0.1,201,89
1,0.1,201,582
2,0.1,201,732
3,0.1,201,526
1,0.1,201,97
2,0.1,201,170
3,0.1,201,76
1,0.1,201,57
2,0.1,201,244
3,0.1,201,36
1,0.1,201,85
2,0.1,201,473
3,0.1,201,47
1,0.1,201,165
2,0.1,201,339
3,0.1,201,130
1,0.1,201,218
2,0.1,201,822
3,0.1,201,97
1,0.1,201,195
2,0.1,201,384
3,0.1,201,144
1,0.1,201,176
2,0.1,201,412
3,0.1,201,140
1,0.1,201,26
2,0.1,201,49
3,0.1,201,18
1,0.1,201,179
2,0.1,201,355
3,0.1,201,139
1,0.1,201,125
2,0.1,201,350
3,0.1,201,97
1,0.1,201,130
2,0.1,201,330
3,0.1,201,88
1,0.1,201,29
2,0.1,201,93
3,0.1,201,22
1,0.1,201,69
2,0.1,201,244
3,0.1,201,44
1,0.1,201,385
2,0.1,201,824
3,0.1,201,164
1,0.1,201,58
2,0.1,201,303
3,0.1,201,29
1,0.1,201,82
2,0.1,201,499
3,0.1,201,23
1,0.1,201,147
2,0.1,201,589
3,0.1,201,83
1,0.1,201,177
2,0.1,201,303
3,0.1,201,144
1,0.1,201,439
2,0.1,201,830
3,0.1,201,304
1,0.1,201,161
2,0.1,201,273
3,0.1,201,137
1,0.1,201,81
2,0.1,201,208
3,0.1,201,54
1,0.1,201,798
2,0.1,201,1000
3,0.1,201,509
1,0.1,201,193
2,0.1,201,479
3,0.1,201,147
1,0.1,201,52
2,0.1,201,116
3,0.1,201,34
1,0.1,201,121
2,0.1,201,235
3,0.1,201,95
1,0.1,201,107
2,0.1,201,233
3,0.1,201,84
1,0.1,201,192
2,0.1,201,380
3,0.1,201,151
1,0.1,201,197
2,0.1,201,800
3,0.1,201,84
1,0.1,201,58
2,0.1,201,196
3,0.1,201,37
1,0.1,201,103
2,0.1,201,298
3,0.1,201,77
1,0.1,201,92
2,0.1,201,268
3,0.1,201,69
1,0.1,201,345
2,0.1,201,691
3,0.1,201,234
1,0.1,201,56
2,0.1,201,190
3,0.1,201,40
1,0.1,201,444
2,0.1,201,529
3,0.1,201,387
1,0.1,201,65
2,0.1,201,121
3,0.1,201,55
1,0.1,201,313
2,0.1,201,475
3,0.1,201,253
1,0.1,201,13
2,0.1,201,50
3,0.1,201,8
1,0.1,201,19
2,0.1,201,71
3,0.1,201,15
1,0.1,201,44
2,0.1,201,102
3,0.1,201,36
1,0.1,201,346
2,0.1,201,658
3,0.1,201,250
1,0.1,201,52
2,0.1,201,303
3,0.1,201,27
1,0.1,201,84
2,0.1,201,265
3,0.1,201,63
1,0.1,201,345
2,0.1,201,622
3,0.1,201,279
1,0.1,201,165
2,0.1,201,332
3,0.1,201,133
1,0.1,201,26
2,0.1,201,39
3,0.1,201,22
1,0.1,201,174
2,0.1,201,516
3,0.1,201,92
1,0.1,201,10
2,0.1,201,36
3,0.1,201,7
1,0.1,201,0
2,0.1,201,7
3,0.1,201,0
1,0.1,201,354
2,0.1,201,616
3,0.1,201,291
1,0.1,201,250
2,0.1,201,370
3,0.1,201,206
1,0.1,201,168
2,0.1,201,311
3,0.1,201,127
1,0.1,201,102
2,0.1,201,233
3,0.1,201,79
1,0.1,201,28
2,0.1,201,152
3,0.1,201,16
1,0.1,201,169
2,0.1,201,778
3,0.1,201,63
1,0.1,201,627
2,0.1,201,818
3,0.1,201,544
1,0.1,201,155
2,0.1,201,259
3,0.1,201,128
1,0.1,201,501
2,0.1,201,944
3,0.1,201,314
1,0.1,201,39
2,0.1,201,177
3,0.1,201,26
1,0.1,201,74
2,0.1,201,407
3,0.1,201,41
1,0.1,201,47
2,0.1,201,108
3,0.1,201,39
1,0.1,201,7
2,0.1,201,101
3,0.1,201,4
1,0.1,201,101
2,0.1,201,215
3,0.1,201,76
1,0.1,201,6
2,0.1,201,50
3,0.1,201,6
1,0.1,201,389
2,0.1,201,779
3,0.1,201,253
1,0.2,11,78
2,0.2,11,285
3,0.2,11,50
1,0.2,11,16
2,0.2,11,79
3,0.2,11,7
1,0.2,11,99
2,0.2,11,330
3,0.2,11,59
1,0.2,11,100
2,0.2,11,297
3,0.2,11,51
1,0.2,11,89
2,0.2,11,370
3,0.2,11,59
1,0.2,11,229
2,0.2,11,426
3,0.2,11,157
1,0.2,11,55
2,0.2,11,225
3,0.2,11,31
1,0.2,11,17
2,0.2,11,109
3,0.2,11,6
1,0.2,11,85
2,0.2,11,226
3,0.2,11,52
1,0.2,11,37
2,0.2,11,170
3,0.2,11,22
1,0.2,11,103
2,0.2,11,257
3,0.2,11,71
1,0.2,11,22
2,0.2,11,100
3,0.2,11,10
1,0.2,11,94
2,0.2,11,288
3,0.2,11,54
1,0.2,11,22
2,0.2,11,72
3,0.2,11,12
1,0.2,11,60
2,0.2,11,191
3,0.2,11,41
1,0.2,11,746
2,0.2,11,818
3,0.2,11,709
1,0.2,11,47
2,0.2,11,128
3,0.2,11,31
1,0.2,11,58
2,0.2,11,157
3,0.2,11,33
1,0.2,11,41
2,0.2,11,148
3,0.2,11,18
1,0.2,11,71
2,0.2,11,205
3,0.2,11,42
1,0.2,11,140
2,0.2,11,293
3,0.2,11,104
1,0.2,11,119
2,0.2,11,323
3,0.2,11,80
1,0.2,11,68
2,0.2,11,252
3,0.2,11,37
1,0.2,11,20
2,0.2,11,99
3,0.2,11,7
1,0.2,11,277
2,0.2,11,387
3,0.2,11,234
1,0.2,11,45
2,0.2,11,124
3,0.2,11,30
1,0.2,11,59
2,0.2,11,225
3,0.2,11,28
1,0.2,11,125
2,0.2,11,338
3,0.2,11,78
1,0.2,11,92
2,0.2,11,230
3,0.2,11,54
1,0.2,11,49
2,0.2,11,224
3,0.2,11,24
1,0.2,11,66
2,0.2,11,229
3,0.2,11,39
1,0.2,11,22
2,0.2,11,88
3,0.2,11,7
1,0.2,11,14
2,0.2,11,54
3,0.2,11,8
1,0.2,11,43
2,0.2,11,107
3,0.2,11,35
1,0.2,11,33
2,0.2,11,129
3,0.2,11,19
1,0.2,11,486
2,0.2,11,614
3,0.2,11,457
1,0.2,11,107
2,0.2,11,250
3,0.2,11,62
1,0.2,11,104
2,0.2,11,281
3,0.2,11,58
1,0.2,11,24
2,0.2,11,134
3,0.2,11,12
1,0.2,11,25
2,0.2,11,102
3,0.2,11,15
1,0.2,11,145
2,0.2,11,317
3,0.2,11,121
1,0.2,11,43
2,0.2,11,113
3,0.2,11,27
1,0.2,11,43
2,0.2,11,138
3,0.2,11,24
1,0.2,11,138
2,0.2,11,363
3,0.2,11,86
1,0.2,11,124
2,0.2,11,287
3,0.2,11,75
1,0.2,11,79
2,0.2,11,309
3,0.2,11,51
1,0.2,11,47
2,0.2,11,230
3,0.2,11,29
1,0.2,11,11
2,0.2,11,75
3,0.2,11,9
1,0.2,11,12
2,0.2,11,50
3,0.2,11,8
1,0.2,11,39
2,0.2,11,139
3,0.2,11,19
1,0.2,11,15
2,0.2,11,72
3,0.2,11,7
1,0.2,11,69
2,0.2,11,250
3,0.2,11,39
1,0.2,11,88
2,0.2,11,285
3,0.2,11,50
1,0.2,11,129
2,0.2,11,351
3,0.2,11,78
1,0.2,11,81
2,0.2,11,250
3,0.2,11,43
1,0.2,11,58
2,0.2,11,230
3,0.2,11,39
1,0.2,11,18
2,0.2,11,102
3,0.2,11,9
1,0.2,11,83
2,0.2,11,208
3,0.2,11,52
1,0.2,11,28
2,0.2,11,131
3,0.2,11,18
1,0.2,11,83
2,0.2,11,312
3,0.2,11,53
1,0.2,11,33
2,0.2,11,134
3,0.2,11,19
1,0.2,11,19
2,0.2,11,167
3,0.2,11,10
1,0.2,11,79
2,0.2,11,207
3,0.2,11,46
1,0.2,11,105
2,0.2,11,204
3,0.2,11,80
1,0.2,11,13
2,0.2,11,63
3,0.2,11,5
1,0.2,11,13
2,0.2,11,56
3,0.2,11,5
1,0.2,11,38
2,0.2,11,167
3,0.2,11,19
1,0.2,11,157
2,0.2,11,342
3,0.2,11,102
1,0.2,11,11
2,0.2,11,52
3,0.2,11,4
1,0.2,11,521
2,0.2,11,664
3,0.2,11,487
1,0.2,11,165
2,0.2,11,348
3,0.2,11,111
1,0.2,11,52
2,0.2,11,192
3,0.2,11,22
1,0.2,11,74
2,0.2,11,197
3,0.2,11,38
1,0.2,11,42
2,0.2,11,109
3,0.2,11,23
1,0.2,11,29
2,0.2,11,91
3,0.2,11,18
1,0.2,11,254
2,0.2,11,486
3,0.2,11,197
1,0.2,11,49
2,0.2,11,226
3,0.2,11,29
1,0.2,11,49
2,0.2,11,142
3,0.2,11,33
1,0.2,11,250
2,0.2,11,434
3,0.2,11,202
1,0.2,11,71
2,0.2,11,200
3,0.2,11,53
1,0.2,11,63
2,0.2,11,194
3,0.2,11,41
1,0.2,11,52
2,0.2,11,168
3,0.2,11,28
1,0.2,11,54
2,0.2,11,188
3,0.2,11,34
1,0.2,11,23
2,0.2,11,122
3,0.2,11,12
1,0.2,11,69
2,0.2,11,218
3,0.2,11,44
1,0.2,11,101
2,0.2,11,295
3,0.2,11,69
1,0.2,11,29
2,0.2,11,129
3,0.2,11,16
1,0.2,11,29
2,0.2,11,126
3,0.2,11,20
1,0.2,11,32
2,0.2,11,140
3,0.2,11,15
1,0.2,11,10
2,0.2,11,61
3,0.2,11,7
1,0.2,11,72
2,0.2,11,195
3,0.2,11,44
1,0.2,11,40
2,0.2,11,201
3,0.2,11,19
1,0.2,11,57
2,0.2,11,225
3,0.2,11,29
1,0.2,11,47
2,0.2,11,146
3,0.2,11,35
1,0.2,11,40
2,0.2,11,148
3,0.2,11,15
1,0.2,11,218
2,0.2,11,453
3,0.2,11,163
1,0.2,11,31
2,0.2,11,111
3,0.2,11,20
1,0.2,11,58
2,0.2,11,150
3,0.2,11,41
1,0.2,11,21
2,0.2,11,73
3,0.2,11,14
1,0.2,11,66
2,0.2,11,229
3,0.2,11,32
1,0.2,21,24
2,0.2,21,96
3,0.2,21,7
1,0.2,21,11
2,0.2,21,105
3,0.2,21,7
1,0.2,21,96
2,0.2,21,326
3,0.2,21,63
1,0.2,21,91
2,0.2,21,284
3,0.2,21,58
1,0.2,21,199
2,0.2,21,466
3,0.2,21,127
1,0.2,21,77
2,0.2,21,195
3,0.2,21,50
1,0.2,21,111
2,0.2,21,288
3,0.2,21,73
1,0.2,21,5
2,0.2,21,74
3,0.2,21,3
1,0.2,21,153
2,0.2,21,357
3,0.2,21,101
1,0.2,21,62
2,0.2,21,172
3,0.2,21,42
1,0.2,21,39
2,0.2,21,134
3,0.2,21,23
1,0.2,21,37
2,0.2,21,131
3,0.2,21,26
1,0.2,21,44
2,0.2,21,208
3,0.2,21,21
1,0.2,21,204
2,0.2,21,448
3,0.2,21,135
1,0.2,21,109
2,0.2,21,240
3,0.2,21,73
1,0.2,21,420
2,0.2,21,641
3,0.2,21,367
1,0.2,21,138
2,0.2,21,284
3,0.2,21,90
1,0.2,21,139
2,0.2,21,273
3,0.2,21,94
1,0.2,21,21
2,0.2,21,102
3,0.2,21,8
1,0.2,21,68
2,0.2,21,189
3,0.2,21,32
1,0.2,21,176
2,0.2,21,396
3,0.2,21,135
1,0.2,21,113
2,0.2,21,403
3,0.2,21,67
1,0.2,21,51
2,0.2,21,216
3,0.2,21,23
1,0.2,21,65
2,0.2,21,191
3,0.2,21,38
1,0.2,21,168
2,0.2,21,305
3,0.2,21,146
1,0.2,21,78
2,0.2,21,288
3,0.2,21,28
1,0.2,21,64
2,0.2,21,227
3,0.2,21,44
1,0.2,21,22
2,0.2,21,121
3,0.2,21,12
1,0.2,21,43
2,0.2,21,158
3,0.2,21,27
1,0.2,21,36
2,0.2,21,158
3,0.2,21,22
1,0.2,21,42
2,0.2,21,145
3,0.2,21,22
1,0.2,21,3
2,0.2,21,37
3,0.2,21,2
1,0.2,21,80
2,0.2,21,260
3,0.2,21,50
1,0.2,21,100
2,0.2,21,251
3,0.2,21,66
1,0.2,21,29
2,0.2,21,78
3,0.2,21,18
1,0.2,21,302
2,0.2,21,551
3,0.2,21,251
1,0.2,21,89
2,0.2,21,323
3,0.2,21,52
1,0.2,21,37
2,0.2,21,152
3,0.2,21,24
1,0.2,21,7
2,0.2,21,94
3,0.2,21,1
1,0.2,21,17
2,0.2,21,99
3,0.2,21,9
1,0.2,21,147
2,0.2,21,356
3,0.2,21,82
1,0.2,21,14
2,0.2,21,100
3,0.2,21,4
1,0.2,21,9
2,0.2,21,64
3,0.2,21,1
1,0.2,21,78
2,0.2,21,315
3,0.2,21,47
1,0.2,21,30
2,0.2,21,133
3,0.2,21,23
1,0.2,21,85
2,0.2,21,220
3,0.2,21,59
1,0.2,21,55
2,0.2,21,281
3,0.2,21,36
1,0.2,21,147
2,0.2,21,374
3,0.2,21,85
1,0.2,21,5
2,0.2,21,52
3,0.2,21,3
1,0.2,21,17
2,0.2,21,104
3,0.2,21,11
1,0.2,21,34
2,0.2,21,121
3,0.2,21,21
1,0.2,21,54
2,0.2,21,245
3,0.2,21,26
1,0.2,21,50
2,0.2,21,203
3,0.2,21,32
1,0.2,21,150
2,0.2,21,358
3,0.2,21,106
1,0.2,21,50
2,0.2,21,160
3,0.2,21,26
1,0.2,21,151
2,0.2,21,361
3,0.2,21,109
1,0.2,21,69
2,0.2,21,241
3,0.2,21,37
1,0.2,21,28
2,0.2,21,108
3,0.2,21,17
1,0.2,21,26
2,0.2,21,117
3,0.2,21,14
1,0.2,21,155
2,0.2,21,385
3,0.2,21,92
1,0.2,21,45
2,0.2,21,165
3,0.2,21,32
1,0.2,21,193
2,0.2,21,375
3,0.2,21,151
1,0.2,21,65
2,0.2,21,204
3,0.2,21,41
1,0.2,21,202
2,0.2,21,335
3,0.2,21,152
1,0.2,21,0
2,0.2,21,28
3,0.2,21,0
1,0.2,21,18
2,0.2,21,85
3,0.2,21,7
1,0.2,21,143
2,0.2,21,371
3,0.2,21,88
1,0.2,21,138
2,0.2,21,328
3,0.2,21,91
1,0.2,21,27
2,0.2,21,162
3,0.2,21,14
1,0.2,21,521
2,0.2,21,655
3,0.2,21,474
1,0.2,21,247
2,0.2,21,433
3,0.2,21,189
1,0.2,21,89
2,0.2,21,316
3,0.2,21,56
1,0.2,21,66
2,0.2,21,202
3,0.2,21,43
1,0.2,21,86
2,0.2,21,246
3,0.2,21,53
1,0.2,21,129
2,0.2,21,276
3,0.2,21,80
1,0.2,21,235
2,0.2,21,418
3,0.2,21,177
1,0.2,21,55
2,0.2,21,242
3,0.2,21,30
1,0.2,21,42
2,0.2,21,194
3,0.2,21,21
1,0.2,21,126
2,0.2,21,336
3,0.2,21,89
1,0.2,21,164
2,0.2,21,374
3,0.2,21,107
1,0.2,21,167
2,0.2,21,384
3,0.2,21,102
1,0.2,21,1
2,0.2,21,49
3,0.2,21,1
1,0.2,21,17
2,0.2,21,93
3,0.2,21,5
1,0.2,21,16
2,0.2,21,94
3,0.2,21,6
1,0.2,21,267
2,0.2,21,485
3,0.2,21,205
1,0.2,21,63
2,0.2,21,217
3,0.2,21,48
1,0.2,21,55
2,0.2,21,153
3,0.2,21,28
1,0.2,21,23
2,0.2,21,97
3,0.2,21,11
1,0.2,21,29
2,0.2,21,129
3,0.2,21,14
1,0.2,21,3
2,0.2,21,19
3,0.2,21,2
1,0.2,21,134
2,0.2,21,325
3,0.2,21,91
1,0.2,21,27
2,0.2,21,144
3,0.2,21,11
1,0.2,21,102
2,0.2,21,304
3,0.2,21,62
1,0.2,21,35
2,0.2,21,127
3,0.2,21,18
1,0.2,21,78
2,0.2,21,253
3,0.2,21,43
1,0.2,21,238
2,0.2,21,487
3,0.2,21,179
1,0.2,21,41
2,0.2,21,186
3,0.2,21,22
1,0.2,21,111
2,0.2,21,261
3,0.2,21,77
1,0.2,21,40
2,0.2,21,141
3,0.2,21,16
1,0.2,21,90
2,0.2,21,316
3,0.2,21,54
1,0.2,41,32
2,0.2,41,169
3,0.2,41,13
1,0.2,41,39
2,0.2,41,202
3,0.2,41,20
1,0.2,41,40
2,0.2,41,186
3,0.2,41,24
1,0.2,41,149
2,0.2,41,490
3,0.2,41,87
1,0.2,41,74
2,0.2,41,178
3,0.2,41,43
1,0.2,41,119
2,0.2,41,283
3,0.2,41,92
1,0.2,41,143
2,0.2,41,375
3,0.2,41,94
1,0.2,41,18
2,0.2,41,78
3,0.2,41,10
1,0.2,41,273
2,0.2,41,511
3,0.2,41,212
1,0.2,41,99
2,0.2,41,236
3,0.2,41,62
1,0.2,41,522
2,0.2,41,874
3,0.2,41,400
1,0.2,41,52
2,0.2,41,205
3,0.2,41,22
1,0.2,41,269
2,0.2,41,494
3,0.2,41,183
1,0.2,41,151
2,0.2,41,360
3,0.2,41,102
1,0.2,41,37
2,0.2,41,95
3,0.2,41,25
1,0.2,41,546
2,0.2,41,731
3,0.2,41,454
1,0.2,41,45
2,0.2,41,135
3,0.2,41,32
1,0.2,41,33
2,0.2,41,154
3,0.2,41,18
1,0.2,41,16
2,0.2,41,107
3,0.2,41,6
1,0.2,41,50
2,0.2,41,264
3,0.2,41,27
1,0.2,41,418
2,0.2,41,605
3,0.2,41,376
1,0.2,41,152
2,0.2,41,367
3,0.2,41,94
1,0.2,41,26
2,0.2,41,153
3,0.2,41,13
1,0.2,41,126
2,0.2,41,396
3,0.2,41,72
1,0.2,41,408
2,0.2,41,643
3,0.2,41,316
1,0.2,41,37
2,0.2,41,151
3,0.2,41,17
1,0.2,41,154
2,0.2,41,371
3,0.2,41,109
1,0.2,41,37
2,0.2,41,132
3,0.2,41,22
1,0.2,41,27
2,0.2,41,107
3,0.2,41,14
1,0.2,41,109
2,0.2,41,341
3,0.2,41,73
1,0.2,41,87
2,0.2,41,228
3,0.2,41,65
1,0.2,41,6
2,0.2,41,32
3,0.2,41,3
1,0.2,41,92
2,0.2,41,314
3,0.2,41,46
1,0.2,41,72
2,0.2,41,237
3,0.2,41,43
1,0.2,41,79
2,0.2,41,294
3,0.2,41,54
1,0.2,41,436
2,0.2,41,545
3,0.2,41,402
1,0.2,41,125
2,0.2,41,328
3,0.2,41,81
1,0.2,41,241
2,0.2,41,586
3,0.2,41,152
1,0.2,41,27
2,0.2,41,145
3,0.2,41,13
1,0.2,41,63
2,0.2,41,268
3,0.2,41,26
1,0.2,41,80
2,0.2,41,257
3,0.2,41,48
1,0.2,41,90
2,0.2,41,184
3,0.2,41,67
1,0.2,41,57
2,0.2,41,163
3,0.2,41,44
1,0.2,41,420
2,0.2,41,784
3,0.2,41,244
1,0.2,41,81
2,0.2,41,236
3,0.2,41,48
1,0.2,41,86
2,0.2,41,272
3,0.2,41,56
1,0.2,41,31
2,0.2,41,194
3,0.2,41,11
1,0.2,41,107
2,0.2,41,281
3,0.2,41,66
1,0.2,41,34
2,0.2,41,126
3,0.2,41,21
1,0.2,41,119
2,0.2,41,283
3,0.2,41,81
1,0.2,41,69
2,0.2,41,296
3,0.2,41,26
1,0.2,41,14
2,0.2,41,114
3,0.2,41,10
1,0.2,41,108
2,0.2,41,298
3,0.2,41,75
1,0.2,41,67
2,0.2,41,210
3,0.2,41,38
1,0.2,41,79
2,0.2,41,269
3,0.2,41,47
1,0.2,41,158
2,0.2,41,378
3,0.2,41,118
1,0.2,41,152
2,0.2,41,365
3,0.2,41,90
1,0.2,41,71
2,0.2,41,291
3,0.2,41,38
1,0.2,41,2
2,0.2,41,46
3,0.2,41,0
1,0.2,41,221
2,0.2,41,468
3,0.2,41,148
1,0.2,41,202
2,0.2,41,489
3,0.2,41,126
1,0.2,41,88
2,0.2,41,175
3,0.2,41,68
1,0.2,41,109
2,0.2,41,457
3,0.2,41,67
1,0.2,41,397
2,0.2,41,715
3,0.2,41,299
1,0.2,41,37
2,0.2,41,150
3,0.2,41,25
1,0.2,41,104
2,0.2,41,268
3,0.2,41,73
1,0.2,41,95
2,0.2,41,319
3,0.2,41,62
1,0.2,41,197
2,0.2,41,432
3,0.2,41,150
1,0.2,41,73
2,0.2,41,307
3,0.2,41,47
1,0.2,41,795
2,0.2,41,938
3,0.2,41,743
1,0.2,41,327
2,0.2,41,594
3,0.2,41,240
1,0.2,41,33
2,0.2,41,145
3,0.2,41,21
1,0.2,41,39
2,0.2,41,133
3,0.2,41,24
1,0.2,41,106
2,0.2,41,260
3,0.2,41,69
1,0.2,41,88
2,0.2,41,271
3,0.2,41,53
1,0.2,41,200
2,0.2,41,450
3,0.2,41,148
1,0.2,41,30
2,0.2,41,146
3,0.2,41,18
1,0.2,41,51
2,0.2,41,177
3,0.2,41,32
1,0.2,41,362
2,0.2,41,575
3,0.2,41,300
1,0.2,41,74
2,0.2,41,231
3,0.2,41,52
1,0.2,41,241
2,0.2,41,522
3,0.2,41,167
1,0.2,41,14
2,0.2,41,71
3,0.2,41,6
1,0.2,41,12
2,0.2,41,97
3,0.2,41,4
1,0.2,41,34
2,0.2,41,174
3,0.2,41,16
1,0.2,41,187
2,0.2,41,296
3,0.2,41,147
1,0.2,41,121
2,0.2,41,339
3,0.2,41,80
1,0.2,41,124
2,0.2,41,310
3,0.2,41,78
1,0.2,41,22
2,0.2,41,117
3,0.2,41,11
1,0.2,41,25
2,0.2,41,130
3,0.2,41,11
1,0.2,41,14
2,0.2,41,49
3,0.2,41,9
1,0.2,41,44
2,0.2,41,127
3,0.2,41,33
1,0.2,41,57
2,0.2,41,273
3,0.2,41,28
1,0.2,41,156
2,0.2,41,302
3,0.2,41,121
1,0.2,41,27
2,0.2,41,72
3,0.2,41,22
1,0.2,41,27
2,0.2,41,103
3,0.2,41,9
1,0.2,41,150
2,0.2,41,353
3,0.2,41,106
1,0.2,41,28
2,0.2,41,128
3,0.2,41,17
1,0.2,41,90
2,0.2,41,277
3,0.2,41,57
1,0.2,41,27
2,0.2,41,147
3,0.2,41,12
1,0.2,41,175
2,0.2,41,358
3,0.2,41,113
1,0.2,81,92
2,0.2,81,327
3,0.2,81,56
1,0.2,81,28
2,0.2,81,200
3,0.2,81,15
1,0.2,81,11
2,0.2,81,66
3,0.2,81,5
1,0.2,81,198
2,0.2,81,469
3,0.2,81,150
1,0.2,81,60
2,0.2,81,294
3,0.2,81,41
1,0.2,81,344
2,0.2,81,508
3,0.2,81,299
1,0.2,81,235
2,0.2,81,649
3,0.2,81,113
1,0.2,81,48
2,0.2,81,191
3,0.2,81,30
1,0.2,81,76
2,0.2,81,159
3,0.2,81,53
1,0.2,81,57
2,0.2,81,223
3,0.2,81,33
1,0.2,81,460
2,0.2,81,600
3,0.2,81,384
1,0.2,81,33
2,0.2,81,161
3,0.2,81,13
1,0.2,81,492
2,0.2,81,894
3,0.2,81,336
1,0.2,81,42
2,0.2,81,194
3,0.2,81,26
1,0.2,81,225
2,0.2,81,443
3,0.2,81,184
1,0.2,81,373
2,0.2,81,522
3,0.2,81,342
1,0.2,81,205
2,0.2,81,375
3,0.2,81,171
1,0.2,81,124
2,0.2,81,392
3,0.2,81,84
1,0.2,81,34
2,0.2,81,144
3,0.2,81,17
1,0.2,81,226
2,0.2,81,559
3,0.2,81,142
1,0.2,81,352
2,0.2,81,609
3,0.2,81,282
1,0.2,81,111
2,0.2,81,257
3,0.2,81,84
1,0.2,81,33
2,0.2,81,150
3,0.2,81,19
1,0.2,81,104
2,0.2,81,392
3,0.2,81,58
1,0.2,81,86
2,0.2,81,377
3,0.2,81,62
1,0.2,81,22
2,0.2,81,99
3,0.2,81,10
1,0.2,81,86
2,0.2,81,226
3,0.2,81,53
1,0.2,81,3
2,0.2,81,50
3,0.2,81,2
1,0.2,81,43
2,0.2,81,104
3,0.2,81,38
1,0.2,81,113
2,0.2,81,402
3,0.2,81,57
1,0.2,81,236
2,0.2,81,423
3,0.2,81,188
1,0.2,81,19
2,0.2,81,134
3,0.2,81,5
1,0.2,81,79
2,0.2,81,251
3,0.2,81,52
1,0.2,81,90
2,0.2,81,296
3,0.2,81,63
1,0.2,81,17
2,0.2,81,88
3,0.2,81,8
1,0.2,81,200
2,0.2,81,304
3,0.2,81,174
1,0.2,81,154
2,0.2,81,313
3,0.2,81,111
1,0.2,81,65
2,0.2,81,144
3,0.2,81,54
1,0.2,81,7
2,0.2,81,123
3,0.2,81,4
1,0.2,81,171
2,0.2,81,434
3,0.2,81,108
1,0.2,81,121
2,0.2,81,258
3,0.2,81,99
1,0.2,81,121
2,0.2,81,270
3,0.2,81,87
1,0.2,81,30
2,0.2,81,77
3,0.2,81,22
1,0.2,81,78
2,0.2,81,302
3,0.2,81,49
1,0.2,81,299
2,0.2,81,540
3,0.2,81,256
1,0.2,81,254
2,0.2,81,634
3,0.2,81,180
1,0.2,81,57
2,0.2,81,223
3,0.2,81,32
1,0.2,81,93
2,0.2,81,320
3,0.2,81,55
1,0.2,81,51
2,0.2,81,179
3,0.2,81,34
1,0.2,81,26
2,0.2,81,121
3,0.2,81,19
1,0.2,81,89
2,0.2,81,348
3,0.2,81,46
1,0.2,81,103
2,0.2,81,293
3,0.2,81,65
1,0.2,81,25
2,0.2,81,158
3,0.2,81,17
1,0.2,81,87
2,0.2,81,260
3,0.2,81,63
1,0.2,81,282
2,0.2,81,575
3,0.2,81,199
1,0.2,81,50
2,0.2,81,152
3,0.2,81,38
1,0.2,81,122
2,0.2,81,279
3,0.2,81,95
1,0.2,81,15
2,0.2,81,84
3,0.2,81,7
1,0.2,81,16
2,0.2,81,94
3,0.2,81,13
1,0.2,81,151
2,0.2,81,253
3,0.2,81,120
1,0.2,81,169
2,0.2,81,336
3,0.2,81,132
1,0.2,81,76
2,0.2,81,307
3,0.2,81,50
1,0.2,81,185
2,0.2,81,376
3,0.2,81,141
1,0.2,81,101
2,0.2,81,224
3,0.2,81,74
1,0.2,81,208
2,0.2,81,605
3,0.2,81,127
1,0.2,81,131
2,0.2,81,321
3,0.2,81,85
1,0.2,81,14
2,0.2,81,104
3,0.2,81,9
1,0.2,81,99
2,0.2,81,236
3,0.2,81,73
1,0.2,81,12
2,0.2,81,65
3,0.2,81,7
1,0.2,81,147
2,0.2,81,286
3,0.2,81,123
1,0.2,81,371
2,0.2,81,753
3,0.2,81,259
1,0.2,81,73
2,0.2,81,189
3,0.2,81,48
1,0.2,81,113
2,0.2,81,283
3,0.2,81,89
1,0.2,81,203
2,0.2,81,464
3,0.2,81,151
1,0.2,81,15
2,0.2,81,140
3,0.2,81,6
1,0.2,81,58
2,0.2,81,161
3,0.2,81,47
1,0.2,81,19
2,0.2,81,114
3,0.2,81,7
1,0.2,81,68
2,0.2,81,327
3,0.2,81,36
1,0.2,81,216
2,0.2,81,360
3,0.2,81,186
1,0.2,81,28
2,0.2,81,158
3,0.2,81,18
1,0.2,81,184
2,0.2,81,546
3,0.2,81,100
1,0.2,81,37
2,0.2,81,143
3,0.2,81,27
1,0.2,81,0
2,0.2,81,24
3,0.2,81,0
1,0.2,81,14
2,0.2,81,109
3,0.2,81,7
1,0.2,81,318
2,0.2,81,643
3,0.2,81,226
1,0.2,81,96
2,0.2,81,251
3,0.2,81,72
1,0.2,81,38
2,0.2,81,163
3,0.2,81,26
1,0.2,81,33
2,0.2,81,135
3,0.2,81,20
1,0.2,81,75
2,0.2,81,196
3,0.2,81,51
1,0.2,81,45
2,0.2,81,109
3,0.2,81,31
1,0.2,81,142
2,0.2,81,305
3,0.2,81,107
1,0.2,81,18
2,0.2,81,93
3,0.2,81,14
1,0.2,81,84
2,0.2,81,256
3,0.2,81,50
1,0.2,81,27
2,0.2,81,125
3,0.2,81,13
1,0.2,81,82
2,0.2,81,299
3,0.2,81,50
1,0.2,81,479
2,0.2,81,790
3,0.2,81,376
1,0.2,81,52
2,0.2,81,184
3,0.2,81,33
1,0.2,81,203
2,0.2,81,496
3,0.2,81,131
1,0.2,81,36
2,0.2,81,138
3,0.2,81,22
1,0.2,81,41
2,0.2,81,176
3,0.2,81,19
1,0.2,101,23
2,0.2,101,119
3,0.2,101,10
1,0.2,101,6
2,0.2,101,51
3,0.2,101,4
1,0.2,101,58
2,0.2,101,218
3,0.2,101,44
1,0.2,101,64
2,0.2,101,481
3,0.2,101,37
1,0.2,101,138
2,0.2,101,458
3,0.2,101,95
1,0.2,101,54
2,0.2,101,151
3,0.2,101,40
1,0.2,101,74
2,0.2,101,177
3,0.2,101,51
1,0.2,101,44
2,0.2,101,139
3,0.2,101,31
1,0.2,101,33
2,0.2,101,67
3,0.2,101,23
1,0.2,101,179
2,0.2,101,274
3,0.2,101,158
1,0.2,101,27
2,0.2,101,102
3,0.2,101,11
1,0.2,101,31
2,0.2,101,107
3,0.2,101,24
1,0.2,101,98
2,0.2,101,293
3,0.2,101,60
1,0.2,101,31
2,0.2,101,120
3,0.2,101,19
1,0.2,101,61
2,0.2,101,176
3,0.2,101,43
1,0.2,101,370
2,0.2,101,507
3,0.2,101,325
1,0.2,101,193
2,0.2,101,364
3,0.2,101,170
1,0.2,101,112
2,0.2,101,183
3,0.2,101,94
1,0.2,101,15
2,0.2,101,80
3,0.2,101,4
1,0.2,101,64
2,0.2,101,207
3,0.2,101,43
1,0.2,101,149
2,0.2,101,312
3,0.2,101,109
1,0.2,101,65
2,0.2,101,203
3,0.2,101,36
1,0.2,101,30
2,0.2,101,100
3,0.2,101,20
1,0.2,101,69
2,0.2,101,335
3,0.2,101,36
1,0.2,101,157
2,0.2,101,389
3,0.2,101,116
1,0.2,101,79
2,0.2,101,233
3,0.2,101,42
1,0.2,101,11
2,0.2,101,50
3,0.2,101,6
1,0.2,101,125
2,0.2,101,312
3,0.2,101,89
1,0.2,101,218
2,0.2,101,430
3,0.2,101,177
1,0.2,101,40
2,0.2,101,206
3,0.2,101,21
1,0.2,101,3
2,0.2,101,29
3,0.2,101,3
1,0.2,101,78
2,0.2,101,282
3,0.2,101,43
1,0.2,101,119
2,0.2,101,493
3,0.2,101,67
1,0.2,101,53
2,0.2,101,157
3,0.2,101,38
1,0.2,101,47
2,0.2,101,191
3,0.2,101,26
1,0.2,101,226
2,0.2,101,398
3,0.2,101,193
1,0.2,101,137
2,0.2,101,342
3,0.2,101,104
1,0.2,101,104
2,0.2,101,240
3,0.2,101,77
1,0.2,101,107
2,0.2,101,384
3,0.2,101,63
1,0.2,101,260
2,0.2,101,549
3,0.2,101,172
1,0.2,101,190
2,0.2,101,433
3,0.2,101,157
1,0.2,101,210
2,0.2,101,427
3,0.2,101,157
1,0.2,101,160
2,0.2,101,312
3,0.2,101,135
1,0.2,101,277
2,0.2,101,718
3,0.2,101,190
1,0.2,101,78
2,0.2,101,127
3,0.2,101,67
1,0.2,101,81
2,0.2,101,238
3,0.2,101,49
1,0.2,101,210
2,0.2,101,499
3,0.2,101,148
1,0.2,101,137
2,0.2,101,398
3,0.2,101,77
1,0.2,101,135
2,0.2,101,396
3,0.2,101,78
1,0.2,101,215
2,0.2,101,714
3,0.2,101,105
1,0.2,101,19
2,0.2,101,115
3,0.2,101,7
1,0.2,101,82
2,0.2,101,376
3,0.2,101,39
1,0.2,101,77
2,0.2,101,211
3,0.2,101,45
1,0.2,101,271
2,0.2,101,476
3,0.2,101,208
1,0.2,101,154
2,0.2,101,318
3,0.2,101,122
1,0.2,101,70
2,0.2,101,164
3,0.2,101,53
1,0.2,101,91
2,0.2,101,283
3,0.2,101,60
1,0.2,101,76
2,0.2,101,277
3,0.2,101,42
1,0.2,101,33
2,0.2,101,73
3,0.2,101,27
1,0.2,101,233
2,0.2,101,673
3,0.2,101,145
1,0.2,101,157
2,0.2,101,369
3,0.2,101,112
1,0.2,101,386
2,0.2,101,567
3,0.2,101,312
1,0.2,101,206
2,0.2,101,556
3,0.2,101,158
1,0.2,101,37
2,0.2,101,131
3,0.2,101,28
1,0.2,101,31
2,0.2,101,89
3,0.2,101,19
1,0.2,101,103
2,0.2,101,259
3,0.2,101,76
1,0.2,101,46
2,0.2,101,208
3,0.2,101,24
1,0.2,101,150
2,0.2,101,297
3,0.2,101,110
1,0.2,101,42
2,0.2,101,183
3,0.2,101,20
1,0.2,101,789
2,0.2,101,917
3,0.2,101,719
1,0.2,101,136
2,0.2,101,392
3,0.2,101,74
1,0.2,101,234
2,0.2,101,392
3,0.2,101,189
1,0.2,101,111
2,0.2,101,206
3,0.2,101,79
1,0.2,101,68
2,0.2,101,344
3,0.2,101,44
1,0.2,101,9
2,0.2,101,48
3,0.2,101,4
1,0.2,101,89
2,0.2,101,195
3,0.2,101,68
1,0.2,101,109
2,0.2,101,452
3,0.2,101,54
1,0.2,101,161
2,0.2,101,419
3,0.2,101,124
1,0.2,101,175
2,0.2,101,349
3,0.2,101,126
1,0.2,101,130
2,0.2,101,380
3,0.2,101,93
1,0.2,101,336
2,0.2,101,615
3,0.2,101,261
1,0.2,101,9
2,0.2,101,31
3,0.2,101,7
1,0.2,101,11
2,0.2,101,48
3,0.2,101,8
1,0.2,101,190
2,0.2,101,659
3,0.2,101,107
1,0.2,101,64
2,0.2,101,217
3,0.2,101,39
1,0.2,101,0
2,0.2,101,1
3,0.2,101,0
1,0.2,101,165
2,0.2,101,327
3,0.2,101,120
1,0.2,101,124
2,0.2,101,301
3,0.2,101,98
1,0.2,101,50
2,0.2,101,231
3,0.2,101,22
1,0.2,101,137
2,0.2,101,330
3,0.2,101,108
1,0.2,101,264
2,0.2,101,460
3,0.2,101,222
1,0.2,101,112
2,0.2,101,332
3,0.2,101,75
1,0.2,101,356
2,0.2,101,614
3,0.2,101,294
1,0.2,101,53
2,0.2,101,140
3,0.2,101,43
1,0.2,101,111
2,0.2,101,308
3,0.2,101,78
1,0.2,101,304
2,0.2,101,635
3,0.2,101,215
1,0.2,101,133
2,0.2,101,334
3,0.2,101,107
1,0.2,101,17
2,0.2,101,28
3,0.2,101,15
1,0.2,101,42
2,0.2,101,179
3,0.2,101,24
1,0.2,101,90
2,0.2,101,260
3,0.2,101,61
1,0.2,201,32
2,0.2,201,88
3,0.2,201,22
1,0.2,201,17
2,0.2,201,121
3,0.2,201,9
1,0.2,201,81
2,0.2,201,323
3,0.2,201,51
1,0.2,201,19
2,0.2,201,58
3,0.2,201,11
1,0.2,201,114
2,0.2,201,366
3,0.2,201,70
1,0.2,201,299
2,0.2,201,443
3,0.2,201,256
1,0.2,201,241
2,0.2,201,572
3,0.2,201,176
1,0.2,201,19
2,0.2,201,74
3,0.2,201,12
1,0.2,201,377
2,0.2,201,627
3,0.2,201,305
1,0.2,201,82
2,0.2,201,183
3,0.2,201,63
1,0.2,201,97
2,0.2,201,387
3,0.2,201,57
1,0.2,201,110
2,0.2,201,380
3,0.2,201,60
1,0.2,201,109
2,0.2,201,240
3,0.2,201,92
1,0.2,201,379
2,0.2,201,574
3,0.2,201,329
1,0.2,201,42
2,0.2,201,123
3,0.2,201,26
1,0.2,201,124
2,0.2,201,259
3,0.2,201,103
1,0.2,201,399
2,0.2,201,555
3,0.2,201,371
1,0.2,201,359
2,0.2,201,524
3,0.2,201,308
1,0.2,201,12
2,0.2,201,86
3,0.2,201,6
1,0.2,201,12
2,0.2,201,81
3,0.2,201,8
1,0.2,201,6
2,0.2,201,9
3,0.2,201,5
1,0.2,201,106
2,0.2,201,272
3,0.2,201,77
1,0.2,201,66
2,0.2,201,179
3,0.2,201,42
1,0.2,201,146
2,0.2,201,468
3,0.2,201,99
1,0.2,201,386
2,0.2,201,557
3,0.2,201,337
1,0.2,201,21
2,0.2,201,65
3,0.2,201,17
1,0.2,201,43
2,0.2,201,131
3,0.2,201,33
1,0.2,201,477
2,0.2,201,641
3,0.2,201,429
1,0.2,201,703
2,0.2,201,931
3,0.2,201,596
1,0.2,201,28
2,0.2,201,166
3,0.2,201,15
1,0.2,201,33
2,0.2,201,142
3,0.2,201,24
1,0.2,201,125
2,0.2,201,410
3,0.2,201,93
1,0.2,201,20
2,0.2,201,53
3,0.2,201,19
1,0.2,201,20
2,0.2,201,75
3,0.2,201,12
1,0.2,201,167
2,0.2,201,343
3,0.2,201,130
1,0.2,201,164
2,0.2,201,232
3,0.2,201,147
1,0.2,201,120
2,0.2,201,227
3,0.2,201,105
1,0.2,201,28
2,0.2,201,200
3,0.2,201,16
1,0.2,201,35
2,0.2,201,183
3,0.2,201,22
1,0.2,201,90
2,0.2,201,169
3,0.2,201,82
1,0.2,201,98
2,0.2,201,273
3,0.2,201,60
1,0.2,201,113
2,0.2,201,248
3,0.2,201,91
1,0.2,201,80
2,0.2,201,138
3,0.2,201,63
1,0.2,201,31
2,0.2,201,80
3,0.2,201,25
1,0.2,201,45
2,0.2,201,89
3,0.2,201,39
1,0.2,201,209
2,0.2,201,625
3,0.2,201,124
1,0.2,201,74
2,0.2,201,178
3,0.2,201,62
1,0.2,201,76
2,0.2,201,185
3,0.2,201,57
1,0.2,201,232
2,0.2,201,683
3,0.2,201,136
1,0.2,201,111
2,0.2,201,491
3,0.2,201,62
1,0.2,201,40
2,0.2,201,138
3,0.2,201,27
1,0.2,201,43
2,0.2,201,159
3,0.2,201,24
1,0.2,201,44
2,0.2,201,139
3,0.2,201,32
1,0.2,201,68
2,0.2,201,153
3,0.2,201,54
1,0.2,201,108
2,0.2,201,276
3,0.2,201,74
1,0.2,201,303
2,0.2,201,505
3,0.2,201,247
1,0.2,201,173
2,0.2,201,495
3,0.2,201,113
1,0.2,201,134
2,0.2,201,286
3,0.2,201,99
1,0.2,201,48
2,0.2,201,214
3,0.2,201,33
1,0.2,201,99
2,0.2,201,260
3,0.2,201,67
1,0.2,201,86
2,0.2,201,199
3,0.2,201,67
1,0.2,201,27
2,0.2,201,84
3,0.2,201,21
1,0.2,201,48
2,0.2,201,141
3,0.2,201,41
1,0.2,201,24
2,0.2,201,145
3,0.2,201,14
1,0.2,201,150
2,0.2,201,457
3,0.2,201,103
1,0.2,201,185
2,0.2,201,570
3,0.2,201,122
1,0.2,201,80
2,0.2,201,169
3,0.2,201,72
1,0.2,201,255
2,0.2,201,813
3,0.2,201,135
1,0.2,201,333
2,0.2,201,699
3,0.2,201,259
1,0.2,201,583
2,0.2,201,776
3,0.2,201,536
1,0.2,201,69
2,0.2,201,127
3,0.2,201,61
1,0.2,201,180
2,0.2,201,280
3,0.2,201,165
1,0.2,201,60
2,0.2,201,292
3,0.2,201,39
1,0.2,201,90
2,0.2,201,257
3,0.2,201,60
1,0.2,201,105
2,0.2,201,329
3,0.2,201,65
1,0.2,201,188
2,0.2,201,271
3,0.2,201,166
1,0.2,201,22
2,0.2,201,94
3,0.2,201,17
1,0.2,201,42
2,0.2,201,108
3,0.2,201,27
1,0.2,201,94
2,0.2,201,165
3,0.2,201,81
1,0.2,201,11
2,0.2,201,57
3,0.2,201,8
1,0.2,201,885
2,0.2,201,1000
3,0.2,201,656
1,0.2,201,100
2,0.2,201,255
3,0.2,201,73
1,0.2,201,24
2,0.2,201,69
3,0.2,201,18
1,0.2,201,4
2,0.2,201,17
3,0.2,201,2
1,0.2,201,235
2,0.2,201,505
3,0.2,201,183
1,0.2,201,49
2,0.2,201,71
3,0.2,201,44
1,0.2,201,83
2,0.2,201,161
3,0.2,201,64
1,0.2,201,178
2,0.2,201,481
3,0.2,201,101
1,0.2,201,28
2,0.2,201,71
3,0.2,201,19
1,0.2,201,51
2,0.2,201,128
3,0.2,201,39
1,0.2,201,443
2,0.2,201,517
3,0.2,201,430
1,0.2,201,131
2,0.2,201,265
3,0.2,201,104
1,0.2,201,287
2,0.2,201,517
3,0.2,201,220
1,0.2,201,83
2,0.2,201,269
3,0.2,201,41
1,0.2,201,47
2,0.2,201,162
3,0.2,201,28
1,0.2,201,8
2,0.2,201,53
3,0.2,201,6
1,0.2,201,62
2,0.2,201,181
3,0.2,201,42
1,0.2,201,148
2,0.2,201,293
3,0.2,201,118
1,0.2,201,274
2,0.2,201,778
3,0.2,201,127
1,0.2,201,326
2,0.2,201,570
3,0.2,201,239
