1,0.025,11,553
2,0.025,11,971
3,0.025,11,161
1,0.025,11,127
2,0.025,11,651
3,0.025,11,49
1,0.025,11,971
2,0.025,11,1000
3,0.025,11,491
1,0.025,11,612
2,0.025,11,983
3,0.025,11,366
1,0.025,11,623
2,0.025,11,977
3,0.025,11,343
1,0.025,11,745
2,0.025,11,995
3,0.025,11,433
1,0.025,11,575
2,0.025,11,926
3,0.025,11,245
1,0.025,11,384
2,0.025,11,889
3,0.025,11,120
1,0.025,11,946
2,0.025,11,995
3,0.025,11,701
1,0.025,11,997
2,0.025,11,1000
3,0.025,11,882
1,0.025,11,967
2,0.025,11,1000
3,0.025,11,780
1,0.025,11,614
2,0.025,11,992
3,0.025,11,205
1,0.025,11,939
2,0.025,11,1000
3,0.025,11,662
1,0.025,11,984
2,0.025,11,1000
3,0.025,11,941
1,0.025,11,909
2,0.025,11,1000
3,0.025,11,615
1,0.025,11,1000
2,0.025,11,1000
3,0.025,11,988
1,0.025,11,989
2,0.025,11,1000
3,0.025,11,924
1,0.025,11,956
2,0.025,11,1000
3,0.025,11,744
1,0.025,11,521
2,0.025,11,867
3,0.025,11,165
1,0.025,11,511
2,0.025,11,990
3,0.025,11,125
1,0.025,11,1000
2,0.025,11,1000
3,0.025,11,990
1,0.025,11,535
2,0.025,11,965
3,0.025,11,208
1,0.025,11,710
2,0.025,11,984
3,0.025,11,330
1,0.025,11,231
2,0.025,11,793
3,0.025,11,65
1,0.025,11,968
2,0.025,11,1000
3,0.025,11,830
1,0.025,11,788
2,0.025,11,999
3,0.025,11,314
1,0.025,11,558
2,0.025,11,925
3,0.025,11,297
1,0.025,11,982
2,0.025,11,1000
3,0.025,11,749
1,0.025,11,772
2,0.025,11,987
3,0.025,11,415
1,0.025,11,878
2,0.025,11,988
3,0.025,11,474
1,0.025,11,961
2,0.025,11,1000
3,0.025,11,709
1,0.025,11,182
2,0.025,11,831
3,0.025,11,26
1,0.025,11,416
2,0.025,11,917
3,0.025,11,111
1,0.025,11,825
2,0.025,11,989
3,0.025,11,516
1,0.025,11,692
2,0.025,11,972
3,0.025,11,319
1,0.025,11,996
2,0.025,11,999
3,0.025,11,952
1,0.025,11,457
2,0.025,11,912
3,0.025,11,177
1,0.025,11,734
2,0.025,11,987
3,0.025,11,360
1,0.025,11,472
2,0.025,11,1000
3,0.025,11,49
1,0.025,11,849
2,0.025,11,998
3,0.025,11,456
1,0.025,11,868
2,0.025,11,1000
3,0.025,11,519
1,0.025,11,870
2,0.025,11,997
3,0.025,11,588
1,0.025,11,964
2,0.025,11,1000
3,0.025,11,864
1,0.025,11,657
2,0.025,11,991
3,0.025,11,449
1,0.025,11,947
2,0.025,11,1000
3,0.025,11,832
1,0.025,11,668
2,0.025,11,994
3,0.025,11,133
1,0.025,11,522
2,0.025,11,914
3,0.025,11,221
1,0.025,11,896
2,0.025,11,1000
3,0.025,11,621
1,0.025,11,81
2,0.025,11,624
3,0.025,11,16
1,0.025,11,869
2,0.025,11,999
3,0.025,11,498
1,0.025,11,345
2,0.025,11,889
3,0.025,11,77
1,0.025,11,555
2,0.025,11,796
3,0.025,11,185
1,0.025,11,424
2,0.025,11,916
3,0.025,11,126
1,0.025,11,908
2,0.025,11,996
3,0.025,11,671
1,0.025,11,764
2,0.025,11,1000
3,0.025,11,329
1,0.025,11,743
2,0.025,11,985
3,0.025,11,488
1,0.025,11,680
2,0.025,11,984
3,0.025,11,361
1,0.025,11,712
2,0.025,11,997
3,0.025,11,397
1,0.025,11,698
2,0.025,11,972
3,0.025,11,245
1,0.025,11,868
2,0.025,11,999
3,0.025,11,518
1,0.025,11,860
2,0.025,11,994
3,0.025,11,582
1,0.025,11,889
2,0.025,11,999
3,0.025,11,576
1,0.025,11,1000
2,0.025,11,1000
3,0.025,11,696
1,0.025,11,994
2,0.025,11,1000
3,0.025,11,899
1,0.025,11,637
2,0.025,11,906
3,0.025,11,315
1,0.025,11,929
2,0.025,11,999
3,0.025,11,639
1,0.025,11,436
2,0.025,11,880
3,0.025,11,169
1,0.025,11,979
2,0.025,11,1000
3,0.025,11,904
1,0.025,11,377
2,0.025,11,971
3,0.025,11,89
1,0.025,11,996
2,0.025,11,1000
3,0.025,11,934
1,0.025,11,1000
2,0.025,11,1000
3,0.025,11,986
1,0.025,11,509
2,0.025,11,944
3,0.025,11,251
1,0.025,11,896
2,0.025,11,990
3,0.025,11,602
1,0.025,11,569
2,0.025,11,973
3,0.025,11,209
1,0.025,11,757
2,0.025,11,996
3,0.025,11,432
1,0.025,11,957
2,0.025,11,999
3,0.025,11,785
1,0.025,11,438
2,0.025,11,953
3,0.025,11,95
1,0.025,11,792
2,0.025,11,997
3,0.025,11,431
1,0.025,11,959
2,0.025,11,1000
3,0.025,11,777
1,0.025,11,732
2,0.025,11,976
3,0.025,11,379
1,0.025,11,636
2,0.025,11,962
3,0.025,11,283
1,0.025,11,41
2,0.025,11,741
3,0.025,11,6
1,0.025,11,494
2,0.025,11,973
3,0.025,11,154
1,0.025,11,50
2,0.025,11,635
3,0.025,11,12
1,0.025,11,878
2,0.025,11,998
3,0.025,11,549
1,0.025,11,940
2,0.025,11,998
3,0.025,11,740
1,0.025,11,823
2,0.025,11,1000
3,0.025,11,473
1,0.025,11,524
2,0.025,11,957
3,0.025,11,190
1,0.025,11,304
2,0.025,11,838
3,0.025,11,118
1,0.025,11,688
2,0.025,11,979
3,0.025,11,344
1,0.025,11,951
2,0.025,11,996
3,0.025,11,804
1,0.025,11,485
2,0.025,11,981
3,0.025,11,157
1,0.025,11,573
2,0.025,11,992
3,0.025,11,276
1,0.025,11,776
2,0.025,11,993
3,0.025,11,563
1,0.025,11,479
2,0.025,11,967
3,0.025,11,139
1,0.025,11,936
2,0.025,11,993
3,0.025,11,575
1,0.025,11,824
2,0.025,11,997
3,0.025,11,443
1,0.025,11,942
2,0.025,11,1000
3,0.025,11,720
1,0.025,11,459
2,0.025,11,986
3,0.025,11,151
1,0.025,11,725
2,0.025,11,999
3,0.025,11,350
1,0.025,21,585
2,0.025,21,990
3,0.025,21,147
1,0.025,21,685
2,0.025,21,997
3,0.025,21,220
1,0.025,21,970
2,0.025,21,1000
3,0.025,21,466
1,0.025,21,786
2,0.025,21,1000
3,0.025,21,149
1,0.025,21,979
2,0.025,21,1000
3,0.025,21,510
1,0.025,21,639
2,0.025,21,965
3,0.025,21,323
1,0.025,21,886
2,0.025,21,999
3,0.025,21,488
1,0.025,21,867
2,0.025,21,998
3,0.025,21,362
1,0.025,21,817
2,0.025,21,1000
3,0.025,21,419
1,0.025,21,995
2,0.025,21,1000
3,0.025,21,796
1,0.025,21,996
2,0.025,21,1000
3,0.025,21,914
1,0.025,21,899
2,0.025,21,1000
3,0.025,21,635
1,0.025,21,862
2,0.025,21,1000
3,0.025,21,487
1,0.025,21,998
2,0.025,21,1000
3,0.025,21,839
1,0.025,21,966
2,0.025,21,1000
3,0.025,21,674
1,0.025,21,988
2,0.025,21,1000
3,0.025,21,742
1,0.025,21,994
2,0.025,21,1000
3,0.025,21,939
1,0.025,21,962
2,0.025,21,1000
3,0.025,21,644
1,0.025,21,167
2,0.025,21,731
3,0.025,21,48
1,0.025,21,906
2,0.025,21,1000
3,0.025,21,376
1,0.025,21,1000
2,0.025,21,1000
3,0.025,21,733
1,0.025,21,937
2,0.025,21,1000
3,0.025,21,422
1,0.025,21,427
2,0.025,21,993
3,0.025,21,47
1,0.025,21,721
2,0.025,21,999
3,0.025,21,217
1,0.025,21,963
2,0.025,21,997
3,0.025,21,806
1,0.025,21,995
2,0.025,21,1000
3,0.025,21,578
1,0.025,21,430
2,0.025,21,992
3,0.025,21,104
1,0.025,21,961
2,0.025,21,1000
3,0.025,21,588
1,0.025,21,965
2,0.025,21,1000
3,0.025,21,612
1,0.025,21,860
2,0.025,21,999
3,0.025,21,423
1,0.025,21,900
2,0.025,21,1000
3,0.025,21,500
1,0.025,21,228
2,0.025,21,910
3,0.025,21,21
1,0.025,21,927
2,0.025,21,1000
3,0.025,21,580
1,0.025,21,776
2,0.025,21,1000
3,0.025,21,279
1,0.025,21,731
2,0.025,21,997
3,0.025,21,304
1,0.025,21,994
2,0.025,21,999
3,0.025,21,922
1,0.025,21,935
2,0.025,21,1000
3,0.025,21,470
1,0.025,21,798
2,0.025,21,998
3,0.025,21,235
1,0.025,21,19
2,0.025,21,415
3,0.025,21,4
1,0.025,21,910
2,0.025,21,1000
3,0.025,21,502
1,0.025,21,608
2,0.025,21,1000
3,0.025,21,214
1,0.025,21,808
2,0.025,21,996
3,0.025,21,326
1,0.025,21,944
2,0.025,21,1000
3,0.025,21,673
1,0.025,21,848
2,0.025,21,1000
3,0.025,21,310
1,0.025,21,754
2,0.025,21,1000
3,0.025,21,495
1,0.025,21,746
2,0.025,21,997
3,0.025,21,144
1,0.025,21,768
2,0.025,21,994
3,0.025,21,253
1,0.025,21,987
2,0.025,21,1000
3,0.025,21,685
1,0.025,21,430
2,0.025,21,1000
3,0.025,21,101
1,0.025,21,820
2,0.025,21,1000
3,0.025,21,416
1,0.025,21,897
2,0.025,21,1000
3,0.025,21,472
1,0.025,21,879
2,0.025,21,993
3,0.025,21,316
1,0.025,21,307
2,0.025,21,990
3,0.025,21,42
1,0.025,21,962
2,0.025,21,998
3,0.025,21,759
1,0.025,21,751
2,0.025,21,999
3,0.025,21,175
1,0.025,21,754
2,0.025,21,998
3,0.025,21,312
1,0.025,21,882
2,0.025,21,1000
3,0.025,21,567
1,0.025,21,971
2,0.025,21,1000
3,0.025,21,474
1,0.025,21,474
2,0.025,21,987
3,0.025,21,83
1,0.025,21,965
2,0.025,21,1000
3,0.025,21,556
1,0.025,21,882
2,0.025,21,998
3,0.025,21,432
1,0.025,21,993
2,0.025,21,1000
3,0.025,21,880
1,0.025,21,869
2,0.025,21,1000
3,0.025,21,283
1,0.025,21,998
2,0.025,21,1000
3,0.025,21,924
1,0.025,21,814
2,0.025,21,993
3,0.025,21,420
1,0.025,21,989
2,0.025,21,1000
3,0.025,21,785
1,0.025,21,864
2,0.025,21,987
3,0.025,21,431
1,0.025,21,918
2,0.025,21,1000
3,0.025,21,398
1,0.025,21,672
2,0.025,21,1000
3,0.025,21,182
1,0.025,21,997
2,0.025,21,1000
3,0.025,21,938
1,0.025,21,986
2,0.025,21,1000
3,0.025,21,780
1,0.025,21,885
2,0.025,21,998
3,0.025,21,473
1,0.025,21,932
2,0.025,21,1000
3,0.025,21,576
1,0.025,21,870
2,0.025,21,1000
3,0.025,21,407
1,0.025,21,974
2,0.025,21,1000
3,0.025,21,784
1,0.025,21,925
2,0.025,21,1000
3,0.025,21,573
1,0.025,21,962
2,0.025,21,1000
3,0.025,21,672
1,0.025,21,481
2,0.025,21,1000
3,0.025,21,71
1,0.025,21,987
2,0.025,21,1000
3,0.025,21,770
1,0.025,21,962
2,0.025,21,1000
3,0.025,21,623
1,0.025,21,999
2,0.025,21,1000
3,0.025,21,910
1,0.025,21,103
2,0.025,21,787
3,0.025,21,6
1,0.025,21,228
2,0.025,21,891
3,0.025,21,58
1,0.025,21,100
2,0.025,21,872
3,0.025,21,8
1,0.025,21,1000
2,0.025,21,1000
3,0.025,21,950
1,0.025,21,963
2,0.025,21,1000
3,0.025,21,796
1,0.025,21,962
2,0.025,21,1000
3,0.025,21,585
1,0.025,21,640
2,0.025,21,998
3,0.025,21,155
1,0.025,21,625
2,0.025,21,993
3,0.025,21,211
1,0.025,21,481
2,0.025,21,972
3,0.025,21,193
1,0.025,21,932
2,0.025,21,1000
3,0.025,21,673
1,0.025,21,404
2,0.025,21,998
3,0.025,21,36
1,0.025,21,738
2,0.025,21,989
3,0.025,21,289
1,0.025,21,525
2,0.025,21,987
3,0.025,21,146
1,0.025,21,936
2,0.025,21,998
3,0.025,21,560
1,0.025,21,974
2,0.025,21,1000
3,0.025,21,682
1,0.025,21,934
2,0.025,21,1000
3,0.025,21,510
1,0.025,21,1000
2,0.025,21,1000
3,0.025,21,956
1,0.025,21,780
2,0.025,21,1000
3,0.025,21,163
1,0.025,21,963
2,0.025,21,1000
3,0.025,21,361
1,0.025,41,554
2,0.025,41,1000
3,0.025,41,120
1,0.025,41,637
2,0.025,41,1000
3,0.025,41,225
1,0.025,41,586
2,0.025,41,989
3,0.025,41,138
1,0.025,41,957
2,0.025,41,1000
3,0.025,41,350
1,0.025,41,518
2,0.025,41,1000
3,0.025,41,129
1,0.025,41,926
2,0.025,41,1000
3,0.025,41,433
1,0.025,41,968
2,0.025,41,1000
3,0.025,41,697
1,0.025,41,628
2,0.025,41,1000
3,0.025,41,183
1,0.025,41,970
2,0.025,41,1000
3,0.025,41,758
1,0.025,41,965
2,0.025,41,1000
3,0.025,41,375
1,0.025,41,995
2,0.025,41,1000
3,0.025,41,708
1,0.025,41,696
2,0.025,41,996
3,0.025,41,145
1,0.025,41,274
2,0.025,41,451
3,0.025,41,214
1,0.025,41,996
2,0.025,41,1000
3,0.025,41,874
1,0.025,41,1000
2,0.025,41,1000
3,0.025,41,877
1,0.025,41,986
2,0.025,41,1000
3,0.025,41,637
1,0.025,41,991
2,0.025,41,1000
3,0.025,41,787
1,0.025,41,777
2,0.025,41,936
3,0.025,41,546
1,0.025,41,296
2,0.025,41,709
3,0.025,41,166
1,0.025,41,827
2,0.025,41,1000
3,0.025,41,227
1,0.025,41,995
2,0.025,41,1000
3,0.025,41,687
1,0.025,41,429
2,0.025,41,776
3,0.025,41,292
1,0.025,41,343
2,0.025,41,986
3,0.025,41,21
1,0.025,41,362
2,0.025,41,772
3,0.025,41,204
1,0.025,41,919
2,0.025,41,985
3,0.025,41,720
1,0.025,41,905
2,0.025,41,1000
3,0.025,41,254
1,0.025,41,910
2,0.025,41,1000
3,0.025,41,298
1,0.025,41,753
2,0.025,41,977
3,0.025,41,433
1,0.025,41,743
2,0.025,41,1000
3,0.025,41,158
1,0.025,41,711
2,0.025,41,998
3,0.025,41,145
1,0.025,41,236
2,0.025,41,334
3,0.025,41,185
1,0.025,41,588
2,0.025,41,1000
3,0.025,41,147
1,0.025,41,925
2,0.025,41,1000
3,0.025,41,537
1,0.025,41,890
2,0.025,41,1000
3,0.025,41,394
1,0.025,41,781
2,0.025,41,1000
3,0.025,41,219
1,0.025,41,979
2,0.025,41,1000
3,0.025,41,749
1,0.025,41,647
2,0.025,41,985
3,0.025,41,218
1,0.025,41,924
2,0.025,41,1000
3,0.025,41,306
1,0.025,41,114
2,0.025,41,919
3,0.025,41,6
1,0.025,41,781
2,0.025,41,1000
3,0.025,41,243
1,0.025,41,661
2,0.025,41,991
3,0.025,41,196
1,0.025,41,972
2,0.025,41,1000
3,0.025,41,640
1,0.025,41,975
2,0.025,41,1000
3,0.025,41,625
1,0.025,41,841
2,0.025,41,997
3,0.025,41,224
1,0.025,41,999
2,0.025,41,1000
3,0.025,41,977
1,0.025,41,958
2,0.025,41,1000
3,0.025,41,546
1,0.025,41,722
2,0.025,41,999
3,0.025,41,197
1,0.025,41,997
2,0.025,41,1000
3,0.025,41,809
1,0.025,41,789
2,0.025,41,998
3,0.025,41,182
1,0.025,41,770
2,0.025,41,1000
3,0.025,41,81
1,0.025,41,843
2,0.025,41,1000
3,0.025,41,154
1,0.025,41,256
2,0.025,41,872
3,0.025,41,58
1,0.025,41,327
2,0.025,41,904
3,0.025,41,138
1,0.025,41,963
2,0.025,41,1000
3,0.025,41,418
1,0.025,41,867
2,0.025,41,1000
3,0.025,41,372
1,0.025,41,613
2,0.025,41,998
3,0.025,41,194
1,0.025,41,790
2,0.025,41,1000
3,0.025,41,147
1,0.025,41,737
2,0.025,41,1000
3,0.025,41,105
1,0.025,41,242
2,0.025,41,997
3,0.025,41,25
1,0.025,41,874
2,0.025,41,989
3,0.025,41,388
1,0.025,41,917
2,0.025,41,1000
3,0.025,41,459
1,0.025,41,983
2,0.025,41,1000
3,0.025,41,637
1,0.025,41,887
2,0.025,41,988
3,0.025,41,526
1,0.025,41,1000
2,0.025,41,1000
3,0.025,41,987
1,0.025,41,634
2,0.025,41,1000
3,0.025,41,102
1,0.025,41,837
2,0.025,41,1000
3,0.025,41,333
1,0.025,41,427
2,0.025,41,859
3,0.025,41,234
1,0.025,41,993
2,0.025,41,1000
3,0.025,41,661
1,0.025,41,968
2,0.025,41,1000
3,0.025,41,413
1,0.025,41,919
2,0.025,41,977
3,0.025,41,703
1,0.025,41,1000
2,0.025,41,1000
3,0.025,41,847
1,0.025,41,919
2,0.025,41,1000
3,0.025,41,355
1,0.025,41,962
2,0.025,41,1000
3,0.025,41,523
1,0.025,41,744
2,0.025,41,994
3,0.025,41,205
1,0.025,41,618
2,0.025,41,1000
3,0.025,41,24
1,0.025,41,987
2,0.025,41,1000
3,0.025,41,649
1,0.025,41,568
2,0.025,41,987
3,0.025,41,156
1,0.025,41,575
2,0.025,41,1000
3,0.025,41,68
1,0.025,41,947
2,0.025,41,1000
3,0.025,41,335
1,0.025,41,914
2,0.025,41,1000
3,0.025,41,544
1,0.025,41,999
2,0.025,41,1000
3,0.025,41,829
1,0.025,41,157
2,0.025,41,975
3,0.025,41,9
1,0.025,41,291
2,0.025,41,998
3,0.025,41,15
1,0.025,41,33
2,0.025,41,1000
3,0.025,41,1
1,0.025,41,1000
2,0.025,41,1000
3,0.025,41,835
1,0.025,41,698
2,0.025,41,987
3,0.025,41,318
1,0.025,41,1000
2,0.025,41,1000
3,0.025,41,940
1,0.025,41,348
2,0.025,41,996
3,0.025,41,17
1,0.025,41,484
2,0.025,41,894
3,0.025,41,253
1,0.025,41,326
2,0.025,41,963
3,0.025,41,68
1,0.025,41,969
2,0.025,41,1000
3,0.025,41,752
1,0.025,41,296
2,0.025,41,999
3,0.025,41,14
1,0.025,41,924
2,0.025,41,1000
3,0.025,41,639
1,0.025,41,649
2,0.025,41,998
3,0.025,41,198
1,0.025,41,664
2,0.025,41,1000
3,0.025,41,136
1,0.025,41,986
2,0.025,41,1000
3,0.025,41,787
1,0.025,41,911
2,0.025,41,1000
3,0.025,41,331
1,0.025,41,986
2,0.025,41,1000
3,0.025,41,497
1,0.025,41,415
2,0.025,41,1000
3,0.025,41,56
1,0.025,41,821
2,0.025,41,1000
3,0.025,41,328
1,0.025,81,230
2,0.025,81,847
3,0.025,81,86
1,0.025,81,571
2,0.025,81,987
3,0.025,81,162
1,0.025,81,377
2,0.025,81,996
3,0.025,81,44
1,0.025,81,989
2,0.025,81,1000
3,0.025,81,535
1,0.025,81,992
2,0.025,81,1000
3,0.025,81,319
1,0.025,81,888
2,0.025,81,1000
3,0.025,81,261
1,0.025,81,999
2,0.025,81,1000
3,0.025,81,524
1,0.025,81,407
2,0.025,81,777
3,0.025,81,252
1,0.025,81,1000
2,0.025,81,1000
3,0.025,81,863
1,0.025,81,795
2,0.025,81,977
3,0.025,81,492
1,0.025,81,1000
2,0.025,81,1000
3,0.025,81,995
1,0.025,81,450
2,0.025,81,963
3,0.025,81,163
1,0.025,81,997
2,0.025,81,1000
3,0.025,81,703
1,0.025,81,997
2,0.025,81,1000
3,0.025,81,628
1,0.025,81,1000
2,0.025,81,1000
3,0.025,81,831
1,0.025,81,977
2,0.025,81,1000
3,0.025,81,427
1,0.025,81,857
2,0.025,81,1000
3,0.025,81,362
1,0.025,81,934
2,0.025,81,1000
3,0.025,81,334
1,0.025,81,439
2,0.025,81,1000
3,0.025,81,54
1,0.025,81,356
2,0.025,81,772
3,0.025,81,183
1,0.025,81,904
2,0.025,81,999
3,0.025,81,592
1,0.025,81,52
2,0.025,81,129
3,0.025,81,24
1,0.025,81,592
2,0.025,81,1000
3,0.025,81,8
1,0.025,81,772
2,0.025,81,1000
3,0.025,81,67
1,0.025,81,948
2,0.025,81,1000
3,0.025,81,468
1,0.025,81,832
2,0.025,81,1000
3,0.025,81,131
1,0.025,81,828
2,0.025,81,1000
3,0.025,81,138
1,0.025,81,359
2,0.025,81,954
3,0.025,81,146
1,0.025,81,796
2,0.025,81,1000
3,0.025,81,37
1,0.025,81,549
2,0.025,81,889
3,0.025,81,312
1,0.025,81,999
2,0.025,81,1000
3,0.025,81,889
1,0.025,81,933
2,0.025,81,1000
3,0.025,81,89
1,0.025,81,314
2,0.025,81,893
3,0.025,81,128
1,0.025,81,430
2,0.025,81,962
3,0.025,81,161
1,0.025,81,130
2,0.025,81,232
3,0.025,81,94
1,0.025,81,611
2,0.025,81,786
3,0.025,81,517
1,0.025,81,973
2,0.025,81,998
3,0.025,81,521
1,0.025,81,26
2,0.025,81,54
3,0.025,81,17
1,0.025,81,59
2,0.025,81,565
3,0.025,81,14
1,0.025,81,997
2,0.025,81,1000
3,0.025,81,364
1,0.025,81,858
2,0.025,81,986
3,0.025,81,479
1,0.025,81,590
2,0.025,81,941
3,0.025,81,309
1,0.025,81,757
2,0.025,81,974
3,0.025,81,494
1,0.025,81,973
2,0.025,81,1000
3,0.025,81,584
1,0.025,81,897
2,0.025,81,999
3,0.025,81,577
1,0.025,81,947
2,0.025,81,1000
3,0.025,81,138
1,0.025,81,160
2,0.025,81,482
3,0.025,81,97
1,0.025,81,960
2,0.025,81,1000
3,0.025,81,628
1,0.025,81,907
2,0.025,81,1000
3,0.025,81,286
1,0.025,81,124
2,0.025,81,346
3,0.025,81,69
1,0.025,81,946
2,0.025,81,1000
3,0.025,81,232
1,0.025,81,783
2,0.025,81,1000
3,0.025,81,67
1,0.025,81,198
2,0.025,81,518
3,0.025,81,124
1,0.025,81,787
2,0.025,81,986
3,0.025,81,298
1,0.025,81,60
2,0.025,81,120
3,0.025,81,34
1,0.025,81,857
2,0.025,81,1000
3,0.025,81,60
1,0.025,81,995
2,0.025,81,1000
3,0.025,81,541
1,0.025,81,780
2,0.025,81,996
3,0.025,81,136
1,0.025,81,285
2,0.025,81,993
3,0.025,81,8
1,0.025,81,83
2,0.025,81,180
3,0.025,81,51
1,0.025,81,811
2,0.025,81,1000
3,0.025,81,147
1,0.025,81,908
2,0.025,81,1000
3,0.025,81,369
1,0.025,81,634
2,0.025,81,952
3,0.025,81,334
1,0.025,81,882
2,0.025,81,1000
3,0.025,81,344
1,0.025,81,935
2,0.025,81,1000
3,0.025,81,396
1,0.025,81,437
2,0.025,81,904
3,0.025,81,238
1,0.025,81,267
2,0.025,81,955
3,0.025,81,101
1,0.025,81,930
2,0.025,81,1000
3,0.025,81,588
1,0.025,81,310
2,0.025,81,898
3,0.025,81,118
1,0.025,81,985
2,0.025,81,1000
3,0.025,81,331
1,0.025,81,998
2,0.025,81,1000
3,0.025,81,445
1,0.025,81,995
2,0.025,81,1000
3,0.025,81,801
1,0.025,81,371
2,0.025,81,934
3,0.025,81,144
1,0.025,81,563
2,0.025,81,948
3,0.025,81,265
1,0.025,81,219
2,0.025,81,523
3,0.025,81,155
1,0.025,81,1000
2,0.025,81,1000
3,0.025,81,801
1,0.025,81,762
2,0.025,81,1000
3,0.025,81,25
1,0.025,81,731
2,0.025,81,999
3,0.025,81,161
1,0.025,81,925
2,0.025,81,996
3,0.025,81,591
1,0.025,81,820
2,0.025,81,1000
3,0.025,81,252
1,0.025,81,954
2,0.025,81,1000
3,0.025,81,236
1,0.025,81,157
2,0.025,81,447
3,0.025,81,97
1,0.025,81,29
2,0.025,81,968
3,0.025,81,1
1,0.025,81,671
2,0.025,81,1000
3,0.025,81,4
1,0.025,81,961
2,0.025,81,1000
3,0.025,81,517
1,0.025,81,539
2,0.025,81,992
3,0.025,81,181
1,0.025,81,847
2,0.025,81,1000
3,0.025,81,363
1,0.025,81,863
2,0.025,81,1000
3,0.025,81,209
1,0.025,81,765
2,0.025,81,972
3,0.025,81,407
1,0.025,81,198
2,0.025,81,695
3,0.025,81,97
1,0.025,81,531
2,0.025,81,735
3,0.025,81,415
1,0.025,81,503
2,0.025,81,989
3,0.025,81,141
1,0.025,81,605
2,0.025,81,885
3,0.025,81,438
1,0.025,81,507
2,0.025,81,996
3,0.025,81,103
1,0.025,81,357
2,0.025,81,786
3,0.025,81,182
1,0.025,81,940
2,0.025,81,1000
3,0.025,81,321
1,0.025,81,534
2,0.025,81,868
3,0.025,81,332
1,0.025,81,460
2,0.025,81,991
3,0.025,81,134
1,0.025,81,863
2,0.025,81,1000
3,0.025,81,32
1,0.025,81,892
2,0.025,81,1000
3,0.025,81,240
1,0.025,101,179
2,0.025,101,387
3,0.025,101,117
1,0.025,101,270
2,0.025,101,806
3,0.025,101,98
1,0.025,101,958
2,0.025,101,1000
3,0.025,101,207
1,0.025,101,726
2,0.025,101,1000
3,0.025,101,7
1,0.025,101,0
2,0.025,101,0
3,0.025,101,0
1,0.025,101,991
2,0.025,101,1000
3,0.025,101,674
1,0.025,101,874
2,0.025,101,1000
3,0.025,101,304
1,0.025,101,686
2,0.025,101,1000
3,0.025,101,42
1,0.025,101,826
2,0.025,101,994
3,0.025,101,407
1,0.025,101,80
2,0.025,101,109
3,0.025,101,59
1,0.025,101,835
2,0.025,101,999
3,0.025,101,366
1,0.025,101,351
2,0.025,101,897
3,0.025,101,153
1,0.025,101,407
2,0.025,101,808
3,0.025,101,270
1,0.025,101,731
2,0.025,101,973
3,0.025,101,495
1,0.025,101,379
2,0.025,101,1000
3,0.025,101,25
1,0.025,101,837
2,0.025,101,929
3,0.025,101,714
1,0.025,101,688
2,0.025,101,1000
3,0.025,101,91
1,0.025,101,248
2,0.025,101,879
3,0.025,101,87
1,0.025,101,140
2,0.025,101,607
3,0.025,101,62
1,0.025,101,97
2,0.025,101,223
3,0.025,101,54
1,0.025,101,586
2,0.025,101,1000
3,0.025,101,137
1,0.025,101,0
2,0.025,101,0
3,0.025,101,0
1,0.025,101,838
2,0.025,101,949
3,0.025,101,321
1,0.025,101,183
2,0.025,101,719
3,0.025,101,97
1,0.025,101,344
2,0.025,101,564
3,0.025,101,259
1,0.025,101,882
2,0.025,101,1000
3,0.025,101,317
1,0.025,101,857
2,0.025,101,1000
3,0.025,101,245
1,0.025,101,647
2,0.025,101,880
3,0.025,101,479
1,0.025,101,997
2,0.025,101,1000
3,0.025,101,654
1,0.025,101,281
2,0.025,101,555
3,0.025,101,161
1,0.025,101,668
2,0.025,101,999
3,0.025,101,93
1,0.025,101,752
2,0.025,101,1000
3,0.025,101,151
1,0.025,101,35
2,0.025,101,49
3,0.025,101,20
1,0.025,101,881
2,0.025,101,1000
3,0.025,101,303
1,0.025,101,889
2,0.025,101,997
3,0.025,101,206
1,0.025,101,867
2,0.025,101,951
3,0.025,101,726
1,0.025,101,767
2,0.025,101,984
3,0.025,101,395
1,0.025,101,151
2,0.025,101,244
3,0.025,101,120
1,0.025,101,43
2,0.025,101,300
3,0.025,101,19
1,0.025,101,173
2,0.025,101,332
3,0.025,101,123
1,0.025,101,795
2,0.025,101,994
3,0.025,101,379
1,0.025,101,971
2,0.025,101,1000
3,0.025,101,419
1,0.025,101,989
2,0.025,101,1000
3,0.025,101,732
1,0.025,101,909
2,0.025,101,997
3,0.025,101,454
1,0.025,101,961
2,0.025,101,1000
3,0.025,101,638
1,0.025,101,145
2,0.025,101,406
3,0.025,101,87
1,0.025,101,344
2,0.025,101,782
3,0.025,101,215
1,0.025,101,745
2,0.025,101,992
3,0.025,101,185
1,0.025,101,894
2,0.025,101,1000
3,0.025,101,52
1,0.025,101,490
2,0.025,101,961
3,0.025,101,197
1,0.025,101,892
2,0.025,101,1000
3,0.025,101,166
1,0.025,101,629
2,0.025,101,1000
3,0.025,101,53
1,0.025,101,786
2,0.025,101,936
3,0.025,101,324
1,0.025,101,395
2,0.025,101,569
3,0.025,101,285
1,0.025,101,861
2,0.025,101,985
3,0.025,101,561
1,0.025,101,564
2,0.025,101,913
3,0.025,101,324
1,0.025,101,769
2,0.025,101,1000
3,0.025,101,63
1,0.025,101,206
2,0.025,101,449
3,0.025,101,142
1,0.025,101,219
2,0.025,101,685
3,0.025,101,112
1,0.025,101,46
2,0.025,101,137
3,0.025,101,19
1,0.025,101,176
2,0.025,101,300
3,0.025,101,122
1,0.025,101,969
2,0.025,101,1000
3,0.025,101,534
1,0.025,101,1000
2,0.025,101,1000
3,0.025,101,945
1,0.025,101,954
2,0.025,101,1000
3,0.025,101,347
1,0.025,101,314
2,0.025,101,750
3,0.025,101,155
1,0.025,101,935
2,0.025,101,1000
3,0.025,101,220
1,0.025,101,912
2,0.025,101,1000
3,0.025,101,235
1,0.025,101,924
2,0.025,101,1000
3,0.025,101,521
1,0.025,101,1000
2,0.025,101,1000
3,0.025,101,384
1,0.025,101,1000
2,0.025,101,1000
3,0.025,101,963
1,0.025,101,809
2,0.025,101,969
3,0.025,101,582
1,0.025,101,810
2,0.025,101,946
3,0.025,101,536
1,0.025,101,321
2,0.025,101,534
3,0.025,101,223
1,0.025,101,649
2,0.025,101,1000
3,0.025,101,183
1,0.025,101,582
2,0.025,101,998
3,0.025,101,49
1,0.025,101,990
2,0.025,101,1000
3,0.025,101,594
1,0.025,101,914
2,0.025,101,1000
3,0.025,101,172
1,0.025,101,995
2,0.025,101,1000
3,0.025,101,813
1,0.025,101,975
2,0.025,101,1000
3,0.025,101,594
1,0.025,101,973
2,0.025,101,1000
3,0.025,101,665
1,0.025,101,983
2,0.025,101,1000
3,0.025,101,691
1,0.025,101,631
2,0.025,101,1000
3,0.025,101,109
1,0.025,101,836
2,0.025,101,1000
3,0.025,101,103
1,0.025,101,5
2,0.025,101,78
3,0.025,101,0
1,0.025,101,870
2,0.025,101,1000
3,0.025,101,570
1,0.025,101,1000
2,0.025,101,1000
3,0.025,101,1000
1,0.025,101,502
2,0.025,101,907
3,0.025,101,264
1,0.025,101,22
2,0.025,101,64
3,0.025,101,11
1,0.025,101,126
2,0.025,101,683
3,0.025,101,53
1,0.025,101,135
2,0.025,101,346
3,0.025,101,80
1,0.025,101,2
2,0.025,101,1000
3,0.025,101,0
1,0.025,101,986
2,0.025,101,1000
3,0.025,101,189
1,0.025,101,995
2,0.025,101,1000
3,0.025,101,779
1,0.025,101,677
2,0.025,101,1000
3,0.025,101,137
1,0.025,101,236
2,0.025,101,572
3,0.025,101,152
1,0.025,101,968
2,0.025,101,1000
3,0.025,101,412
1,0.025,101,895
2,0.025,101,1000
3,0.025,101,344
1,0.025,101,482
2,0.025,101,856
3,0.025,101,292
1,0.025,101,729
2,0.025,101,1000
3,0.025,101,152
1,0.025,101,832
2,0.025,101,1000
3,0.025,101,107
1,0.025,201,30
2,0.025,201,58
3,0.025,201,20
1,0.025,201,893
2,0.025,201,1000
3,0.025,201,184
1,0.025,201,942
2,0.025,201,1000
3,0.025,201,343
1,0.025,201,30
2,0.025,201,143
3,0.025,201,14
1,0.025,201,248
2,0.025,201,596
3,0.025,201,158
1,0.025,201,339
2,0.025,201,499
3,0.025,201,253
1,0.025,201,410
2,0.025,201,951
3,0.025,201,176
1,0.025,201,301
2,0.025,201,1000
3,0.025,201,0
1,0.025,201,1000
2,0.025,201,1000
3,0.025,201,968
1,0.025,201,353
2,0.025,201,795
3,0.025,201,235
1,0.025,201,959
2,0.025,201,988
3,0.025,201,528
1,0.025,201,215
2,0.025,201,740
3,0.025,201,107
1,0.025,201,37
2,0.025,201,325
3,0.025,201,13
1,0.025,201,789
2,0.025,201,894
3,0.025,201,671
1,0.025,201,536
2,0.025,201,994
3,0.025,201,211
1,0.025,201,81
2,0.025,201,242
3,0.025,201,51
1,0.025,201,140
2,0.025,201,221
3,0.025,201,102
1,0.025,201,453
2,0.025,201,967
3,0.025,201,248
1,0.025,201,4
2,0.025,201,289
3,0.025,201,1
1,0.025,201,618
2,0.025,201,999
3,0.025,201,52
1,0.025,201,573
2,0.025,201,1000
3,0.025,201,23
1,0.025,201,24
2,0.025,201,989
3,0.025,201,0
1,0.025,201,944
2,0.025,201,1000
3,0.025,201,149
1,0.025,201,347
2,0.025,201,1000
3,0.025,201,7
1,0.025,201,561
2,0.025,201,678
3,0.025,201,465
1,0.025,201,17
2,0.025,201,77
3,0.025,201,9
1,0.025,201,973
2,0.025,201,1000
3,0.025,201,275
1,0.025,201,962
2,0.025,201,1000
3,0.025,201,626
1,0.025,201,912
2,0.025,201,933
3,0.025,201,672
1,0.025,201,232
2,0.025,201,713
3,0.025,201,89
1,0.025,201,5
2,0.025,201,10
3,0.025,201,3
1,0.025,201,1000
2,0.025,201,1000
3,0.025,201,78
1,0.025,201,3
2,0.025,201,5
3,0.025,201,0
1,0.025,201,436
2,0.025,201,933
3,0.025,201,133
1,0.025,201,998
2,0.025,201,1000
3,0.025,201,456
1,0.025,201,575
2,0.025,201,862
3,0.025,201,464
1,0.025,201,634
2,0.025,201,968
3,0.025,201,233
1,0.025,201,288
2,0.025,201,612
3,0.025,201,209
1,0.025,201,1
2,0.025,201,15
3,0.025,201,1
1,0.025,201,281
2,0.025,201,625
3,0.025,201,164
1,0.025,201,669
2,0.025,201,885
3,0.025,201,545
1,0.025,201,905
2,0.025,201,1000
3,0.025,201,473
1,0.025,201,1000
2,0.025,201,1000
3,0.025,201,636
1,0.025,201,1000
2,0.025,201,1000
3,0.025,201,445
1,0.025,201,400
2,0.025,201,791
3,0.025,201,279
1,0.025,201,962
2,0.025,201,1000
3,0.025,201,53
1,0.025,201,195
2,0.025,201,652
3,0.025,201,73
1,0.025,201,999
2,0.025,201,1000
3,0.025,201,45
1,0.025,201,970
2,0.025,201,1000
3,0.025,201,173
1,0.025,201,967
2,0.025,201,1000
3,0.025,201,108
1,0.025,201,458
2,0.025,201,968
3,0.025,201,142
1,0.025,201,946
2,0.025,201,1000
3,0.025,201,239
1,0.025,201,237
2,0.025,201,784
3,0.025,201,83
1,0.025,201,823
2,0.025,201,991
3,0.025,201,313
1,0.025,201,959
2,0.025,201,1000
3,0.025,201,766
1,0.025,201,611
2,0.025,201,937
3,0.025,201,389
1,0.025,201,1000
2,0.025,201,1000
3,0.025,201,748
1,0.025,201,936
2,0.025,201,1000
3,0.025,201,579
1,0.025,201,1000
2,0.025,201,1000
3,0.025,201,785
1,0.025,201,961
2,0.025,201,1000
3,0.025,201,375
1,0.025,201,164
2,0.025,201,344
3,0.025,201,98
1,0.025,201,926
2,0.025,201,1000
3,0.025,201,136
1,0.025,201,918
2,0.025,201,1000
3,0.025,201,769
1,0.025,201,996
2,0.025,201,1000
3,0.025,201,210
1,0.025,201,61
2,0.025,201,73
3,0.025,201,34
1,0.025,201,245
2,0.025,201,1000
3,0.025,201,10
1,0.025,201,77
2,0.025,201,275
3,0.025,201,53
1,0.025,201,973
2,0.025,201,1000
3,0.025,201,425
1,0.025,201,993
2,0.025,201,1000
3,0.025,201,538
1,0.025,201,1000
2,0.025,201,1000
3,0.025,201,986
1,0.025,201,978
2,0.025,201,1000
3,0.025,201,136
1,0.025,201,1000
2,0.025,201,1000
3,0.025,201,775
1,0.025,201,279
2,0.025,201,513
3,0.025,201,222
1,0.025,201,721
2,0.025,201,1000
3,0.025,201,171
1,0.025,201,82
2,0.025,201,190
3,0.025,201,65
1,0.025,201,979
2,0.025,201,1000
3,0.025,201,658
1,0.025,201,1000
2,0.025,201,1000
3,0.025,201,26
1,0.025,201,637
2,0.025,201,1000
3,0.025,201,65
1,0.025,201,931
2,0.025,201,1000
3,0.025,201,247
1,0.025,201,484
2,0.025,201,695
3,0.025,201,372
1,0.025,201,1000
2,0.025,201,1000
3,0.025,201,703
1,0.025,201,15
2,0.025,201,90
3,0.025,201,7
1,0.025,201,187
2,0.025,201,1000
3,0.025,201,0
1,0.025,201,0
2,0.025,201,6
3,0.025,201,0
1,0.025,201,305
2,0.025,201,1000
3,0.025,201,10
1,0.025,201,985
2,0.025,201,985
3,0.025,201,849
1,0.025,201,1000
2,0.025,201,1000
3,0.025,201,901
1,0.025,201,121
2,0.025,201,995
3,0.025,201,24
1,0.025,201,847
2,0.025,201,1000
3,0.025,201,236
1,0.025,201,5
2,0.025,201,45
3,0.025,201,2
1,0.025,201,962
2,0.025,201,1000
3,0.025,201,617
1,0.025,201,492
2,0.025,201,1000
3,0.025,201,73
1,0.025,201,989
2,0.025,201,992
3,0.025,201,681
1,0.025,201,129
2,0.025,201,307
3,0.025,201,90
1,0.025,201,73
2,0.025,201,255
3,0.025,201,41
1,0.025,201,984
2,0.025,201,1000
3,0.025,201,473
1,0.025,201,955
2,0.025,201,1000
3,0.025,201,204
1,0.025,201,539
2,0.025,201,1000
3,0.025,201,106
1,0.025,201,966
2,0.025,201,1000
3,0.025,201,114
1,0.025,201,1000
2,0.025,201,1000
3,0.025,201,522
1,0.05,11,173
2,0.05,11,592
3,0.05,11,64
1,0.05,11,16
2,0.05,11,142
3,0.05,11,6
1,0.05,11,377
2,0.05,11,718
3,0.05,11,199
1,0.05,11,330
2,0.05,11,772
3,0.05,11,148
1,0.05,11,477
2,0.05,11,808
3,0.05,11,269
1,0.05,11,382
2,0.05,11,685
3,0.05,11,226
1,0.05,11,195
2,0.05,11,408
3,0.05,11,90
1,0.05,11,116
2,0.05,11,528
3,0.05,11,35
1,0.05,11,777
2,0.05,11,921
3,0.05,11,551
1,0.05,11,920
2,0.05,11,993
3,0.05,11,803
1,0.05,11,702
2,0.05,11,942
3,0.05,11,478
1,0.05,11,158
2,0.05,11,469
3,0.05,11,68
1,0.05,11,518
2,0.05,11,872
3,0.05,11,272
1,0.05,11,711
2,0.05,11,905
3,0.05,11,558
1,0.05,11,451
2,0.05,11,772
3,0.05,11,216
1,0.05,11,891
2,0.05,11,977
3,0.05,11,813
1,0.05,11,606
2,0.05,11,805
3,0.05,11,416
1,0.05,11,366
2,0.05,11,715
3,0.05,11,210
1,0.05,11,162
2,0.05,11,509
3,0.05,11,76
1,0.05,11,117
2,0.05,11,472
3,0.05,11,49
1,0.05,11,979
2,0.05,11,998
3,0.05,11,897
1,0.05,11,285
2,0.05,11,649
3,0.05,11,137
1,0.05,11,276
2,0.05,11,731
3,0.05,11,118
1,0.05,11,32
2,0.05,11,212
3,0.05,11,14
1,0.05,11,646
2,0.05,11,913
3,0.05,11,388
1,0.05,11,428
2,0.05,11,838
3,0.05,11,190
1,0.05,11,66
2,0.05,11,239
3,0.05,11,33
1,0.05,11,623
2,0.05,11,940
3,0.05,11,385
1,0.05,11,392
2,0.05,11,682
3,0.05,11,207
1,0.05,11,438
2,0.05,11,793
3,0.05,11,232
1,0.05,11,681
2,0.05,11,932
3,0.05,11,432
1,0.05,11,35
2,0.05,11,196
3,0.05,11,6
1,0.05,11,102
2,0.05,11,346
3,0.05,11,41
1,0.05,11,375
2,0.05,11,731
3,0.05,11,192
1,0.05,11,275
2,0.05,11,586
3,0.05,11,157
1,0.05,11,846
2,0.05,11,942
3,0.05,11,653
1,0.05,11,62
2,0.05,11,295
3,0.05,11,26
1,0.05,11,465
2,0.05,11,823
3,0.05,11,256
1,0.05,11,74
2,0.05,11,380
3,0.05,11,25
1,0.05,11,337
2,0.05,11,741
3,0.05,11,163
1,0.05,11,569
2,0.05,11,826
3,0.05,11,410
1,0.05,11,507
2,0.05,11,861
3,0.05,11,286
1,0.05,11,550
2,0.05,11,924
3,0.05,11,284
1,0.05,11,463
2,0.05,11,725
3,0.05,11,227
1,0.05,11,577
2,0.05,11,796
3,0.05,11,360
1,0.05,11,183
2,0.05,11,490
3,0.05,11,81
1,0.05,11,296
2,0.05,11,666
3,0.05,11,139
1,0.05,11,405
2,0.05,11,880
3,0.05,11,199
1,0.05,11,25
2,0.05,11,229
3,0.05,11,9
1,0.05,11,516
2,0.05,11,806
3,0.05,11,311
1,0.05,11,80
2,0.05,11,361
3,0.05,11,32
1,0.05,11,135
2,0.05,11,465
3,0.05,11,41
1,0.05,11,149
2,0.05,11,411
3,0.05,11,69
1,0.05,11,494
2,0.05,11,737
3,0.05,11,309
1,0.05,11,455
2,0.05,11,859
3,0.05,11,270
1,0.05,11,288
2,0.05,11,581
3,0.05,11,163
1,0.05,11,166
2,0.05,11,487
3,0.05,11,81
1,0.05,11,398
2,0.05,11,835
3,0.05,11,194
1,0.05,11,229
2,0.05,11,611
3,0.05,11,87
1,0.05,11,514
2,0.05,11,833
3,0.05,11,267
1,0.05,11,435
2,0.05,11,810
3,0.05,11,240
1,0.05,11,385
2,0.05,11,595
3,0.05,11,269
1,0.05,11,824
2,0.05,11,958
3,0.05,11,514
1,0.05,11,787
2,0.05,11,942
3,0.05,11,551
1,0.05,11,91
2,0.05,11,441
3,0.05,11,35
1,0.05,11,307
2,0.05,11,779
3,0.05,11,146
1,0.05,11,120
2,0.05,11,365
3,0.05,11,52
1,0.05,11,782
2,0.05,11,936
3,0.05,11,512
1,0.05,11,135
2,0.05,11,531
3,0.05,11,47
1,0.05,11,925
2,0.05,11,985
3,0.05,11,832
1,0.05,11,892
2,0.05,11,995
3,0.05,11,703
1,0.05,11,146
2,0.05,11,495
3,0.05,11,72
1,0.05,11,457
2,0.05,11,802
3,0.05,11,270
1,0.05,11,217
2,0.05,11,558
3,0.05,11,120
1,0.05,11,239
2,0.05,11,627
3,0.05,11,104
1,0.05,11,591
2,0.05,11,872
3,0.05,11,363
1,0.05,11,177
2,0.05,11,424
3,0.05,11,88
1,0.05,11,418
2,0.05,11,702
3,0.05,11,214
1,0.05,11,864
2,0.05,11,980
3,0.05,11,630
1,0.05,11,278
2,0.05,11,607
3,0.05,11,124
1,0.05,11,226
2,0.05,11,509
3,0.05,11,121
1,0.05,11,65
2,0.05,11,270
3,0.05,11,28
1,0.05,11,195
2,0.05,11,533
3,0.05,11,90
1,0.05,11,21
2,0.05,11,182
3,0.05,11,6
1,0.05,11,634
2,0.05,11,878
3,0.05,11,407
1,0.05,11,604
2,0.05,11,937
3,0.05,11,346
1,0.05,11,343
2,0.05,11,786
3,0.05,11,168
1,0.05,11,189
2,0.05,11,588
3,0.05,11,79
1,0.05,11,95
2,0.05,11,256
3,0.05,11,46
1,0.05,11,119
2,0.05,11,422
3,0.05,11,50
1,0.05,11,641
2,0.05,11,845
3,0.05,11,512
1,0.05,11,143
2,0.05,11,497
3,0.05,11,65
1,0.05,11,358
2,0.05,11,693
3,0.05,11,198
1,0.05,11,320
2,0.05,11,697
3,0.05,11,160
1,0.05,11,185
2,0.05,11,548
3,0.05,11,103
1,0.05,11,538
2,0.05,11,797
3,0.05,11,332
1,0.05,11,303
2,0.05,11,705
3,0.05,11,148
1,0.05,11,787
2,0.05,11,957
3,0.05,11,566
1,0.05,11,178
2,0.05,11,472
3,0.05,11,88
1,0.05,11,423
2,0.05,11,698
3,0.05,11,250
1,0.05,21,139
2,0.05,21,682
3,0.05,21,47
1,0.05,21,189
2,0.05,21,581
3,0.05,21,92
1,0.05,21,461
2,0.05,21,873
3,0.05,21,146
1,0.05,21,763
2,0.05,21,991
3,0.05,21,334
1,0.05,21,686
2,0.05,21,914
3,0.05,21,408
1,0.05,21,192
2,0.05,21,638
3,0.05,21,75
1,0.05,21,515
2,0.05,21,879
3,0.05,21,282
1,0.05,21,502
2,0.05,21,866
3,0.05,21,303
1,0.05,21,516
2,0.05,21,872
3,0.05,21,317
1,0.05,21,870
2,0.05,21,989
3,0.05,21,698
1,0.05,21,868
2,0.05,21,993
3,0.05,21,645
1,0.05,21,468
2,0.05,21,792
3,0.05,21,249
1,0.05,21,727
2,0.05,21,970
3,0.05,21,406
1,0.05,21,867
2,0.05,21,965
3,0.05,21,673
1,0.05,21,760
2,0.05,21,969
3,0.05,21,529
1,0.05,21,951
2,0.05,21,995
3,0.05,21,864
1,0.05,21,941
2,0.05,21,998
3,0.05,21,773
1,0.05,21,758
2,0.05,21,914
3,0.05,21,530
1,0.05,21,31
2,0.05,21,196
3,0.05,21,10
1,0.05,21,519
2,0.05,21,936
3,0.05,21,197
1,0.05,21,868
2,0.05,21,972
3,0.05,21,691
1,0.05,21,642
2,0.05,21,964
3,0.05,21,298
1,0.05,21,178
2,0.05,21,649
3,0.05,21,72
1,0.05,21,171
2,0.05,21,458
3,0.05,21,71
1,0.05,21,603
2,0.05,21,844
3,0.05,21,459
1,0.05,21,975
2,0.05,21,998
3,0.05,21,776
1,0.05,21,86
2,0.05,21,392
3,0.05,21,27
1,0.05,21,606
2,0.05,21,981
3,0.05,21,333
1,0.05,21,608
2,0.05,21,916
3,0.05,21,350
1,0.05,21,463
2,0.05,21,797
3,0.05,21,231
1,0.05,21,605
2,0.05,21,966
3,0.05,21,329
1,0.05,21,39
2,0.05,21,341
3,0.05,21,11
1,0.05,21,528
2,0.05,21,937
3,0.05,21,238
1,0.05,21,380
2,0.05,21,770
3,0.05,21,189
1,0.05,21,401
2,0.05,21,883
3,0.05,21,211
1,0.05,21,722
2,0.05,21,887
3,0.05,21,630
1,0.05,21,496
2,0.05,21,862
3,0.05,21,236
1,0.05,21,321
2,0.05,21,721
3,0.05,21,143
1,0.05,21,12
2,0.05,21,141
3,0.05,21,2
1,0.05,21,628
2,0.05,21,967
3,0.05,21,281
1,0.05,21,435
2,0.05,21,690
3,0.05,21,289
1,0.05,21,146
2,0.05,21,492
3,0.05,21,89
1,0.05,21,529
2,0.05,21,923
3,0.05,21,248
1,0.05,21,547
2,0.05,21,889
3,0.05,21,242
1,0.05,21,618
2,0.05,21,852
3,0.05,21,472
1,0.05,21,411
2,0.05,21,744
3,0.05,21,231
1,0.05,21,217
2,0.05,21,728
3,0.05,21,93
1,0.05,21,895
2,0.05,21,986
3,0.05,21,714
1,0.05,21,110
2,0.05,21,437
3,0.05,21,36
1,0.05,21,340
2,0.05,21,757
3,0.05,21,129
1,0.05,21,542
2,0.05,21,908
3,0.05,21,254
1,0.05,21,48
2,0.05,21,117
3,0.05,21,24
1,0.05,21,96
2,0.05,21,522
3,0.05,21,27
1,0.05,21,587
2,0.05,21,818
3,0.05,21,391
1,0.05,21,395
2,0.05,21,782
3,0.05,21,208
1,0.05,21,547
2,0.05,21,896
3,0.05,21,323
1,0.05,21,394
2,0.05,21,747
3,0.05,21,227
1,0.05,21,508
2,0.05,21,905
3,0.05,21,262
1,0.05,21,62
2,0.05,21,348
3,0.05,21,14
1,0.05,21,646
2,0.05,21,882
3,0.05,21,372
1,0.05,21,496
2,0.05,21,811
3,0.05,21,250
1,0.05,21,719
2,0.05,21,970
3,0.05,21,493
1,0.05,21,611
2,0.05,21,962
3,0.05,21,310
1,0.05,21,980
2,0.05,21,999
3,0.05,21,845
1,0.05,21,154
2,0.05,21,662
3,0.05,21,35
1,0.05,21,653
2,0.05,21,958
3,0.05,21,404
1,0.05,21,521
2,0.05,21,881
3,0.05,21,246
1,0.05,21,907
2,0.05,21,994
3,0.05,21,669
1,0.05,21,338
2,0.05,21,800
3,0.05,21,157
1,0.05,21,983
2,0.05,21,1000
3,0.05,21,925
1,0.05,21,994
2,0.05,21,1000
3,0.05,21,939
1,0.05,21,326
2,0.05,21,940
3,0.05,21,114
1,0.05,21,592
2,0.05,21,870
3,0.05,21,396
1,0.05,21,428
2,0.05,21,887
3,0.05,21,179
1,0.05,21,934
2,0.05,21,999
3,0.05,21,745
1,0.05,21,606
2,0.05,21,922
3,0.05,21,346
1,0.05,21,560
2,0.05,21,869
3,0.05,21,280
1,0.05,21,85
2,0.05,21,405
3,0.05,21,28
1,0.05,21,913
2,0.05,21,994
3,0.05,21,744
1,0.05,21,507
2,0.05,21,894
3,0.05,21,327
1,0.05,21,712
2,0.05,21,918
3,0.05,21,450
1,0.05,21,20
2,0.05,21,250
3,0.05,21,3
1,0.05,21,68
2,0.05,21,391
3,0.05,21,20
1,0.05,21,16
2,0.05,21,153
3,0.05,21,3
1,0.05,21,914
2,0.05,21,978
3,0.05,21,742
1,0.05,21,899
2,0.05,21,989
3,0.05,21,697
1,0.05,21,820
2,0.05,21,995
3,0.05,21,508
1,0.05,21,154
2,0.05,21,598
3,0.05,21,54
1,0.05,21,143
2,0.05,21,558
3,0.05,21,69
1,0.05,21,107
2,0.05,21,421
3,0.05,21,42
1,0.05,21,808
2,0.05,21,964
3,0.05,21,607
1,0.05,21,99
2,0.05,21,454
3,0.05,21,37
1,0.05,21,298
2,0.05,21,685
3,0.05,21,162
1,0.05,21,120
2,0.05,21,486
3,0.05,21,45
1,0.05,21,329
2,0.05,21,871
3,0.05,21,126
1,0.05,21,905
2,0.05,21,989
3,0.05,21,707
1,0.05,21,638
2,0.05,21,981
3,0.05,21,308
1,0.05,21,981
2,0.05,21,1000
3,0.05,21,865
1,0.05,21,261
2,0.05,21,781
3,0.05,21,75
1,0.05,21,739
2,0.05,21,986
3,0.05,21,405
1,0.05,41,247
2,0.05,41,691
3,0.05,41,135
1,0.05,41,896
2,0.05,41,1000
3,0.05,41,606
1,0.05,41,219
2,0.05,41,693
3,0.05,41,113
1,0.05,41,426
2,0.05,41,721
3,0.05,41,248
1,0.05,41,766
2,0.05,41,1000
3,0.05,41,454
1,0.05,41,651
2,0.05,41,919
3,0.05,41,481
1,0.05,41,672
2,0.05,41,946
3,0.05,41,417
1,0.05,41,284
2,0.05,41,789
3,0.05,41,144
1,0.05,41,953
2,0.05,41,1000
3,0.05,41,764
1,0.05,41,786
2,0.05,41,992
3,0.05,41,445
1,0.05,41,674
2,0.05,41,792
3,0.05,41,537
1,0.05,41,233
2,0.05,41,619
3,0.05,41,93
1,0.05,41,755
2,0.05,41,998
3,0.05,41,313
1,0.05,41,941
2,0.05,41,994
3,0.05,41,743
1,0.05,41,980
2,0.05,41,1000
3,0.05,41,937
1,0.05,41,790
2,0.05,41,911
3,0.05,41,669
1,0.05,41,846
2,0.05,41,993
3,0.05,41,602
1,0.05,41,818
2,0.05,41,980
3,0.05,41,568
1,0.05,41,199
2,0.05,41,443
3,0.05,41,112
1,0.05,41,531
2,0.05,41,946
3,0.05,41,249
1,0.05,41,944
2,0.05,41,997
3,0.05,41,698
1,0.05,41,876
2,0.05,41,990
3,0.05,41,519
1,0.05,41,52
2,0.05,41,408
3,0.05,41,16
1,0.05,41,384
2,0.05,41,895
3,0.05,41,162
1,0.05,41,558
2,0.05,41,708
3,0.05,41,442
1,0.05,41,907
2,0.05,41,996
3,0.05,41,516
1,0.05,41,615
2,0.05,41,979
3,0.05,41,280
1,0.05,41,479
2,0.05,41,949
3,0.05,41,227
1,0.05,41,416
2,0.05,41,825
3,0.05,41,250
1,0.05,41,898
2,0.05,41,998
3,0.05,41,423
1,0.05,41,936
2,0.05,41,1000
3,0.05,41,659
1,0.05,41,123
2,0.05,41,565
3,0.05,41,44
1,0.05,41,851
2,0.05,41,993
3,0.05,41,315
1,0.05,41,311
2,0.05,41,700
3,0.05,41,166
1,0.05,41,254
2,0.05,41,725
3,0.05,41,126
1,0.05,41,727
2,0.05,41,899
3,0.05,41,594
1,0.05,41,477
2,0.05,41,926
3,0.05,41,232
1,0.05,41,584
2,0.05,41,926
3,0.05,41,288
1,0.05,41,3
2,0.05,41,119
3,0.05,41,0
1,0.05,41,563
2,0.05,41,966
3,0.05,41,305
1,0.05,41,412
2,0.05,41,815
3,0.05,41,267
1,0.05,41,517
2,0.05,41,769
3,0.05,41,356
1,0.05,41,725
2,0.05,41,984
3,0.05,41,476
1,0.05,41,952
2,0.05,41,1000
3,0.05,41,586
1,0.05,41,976
2,0.05,41,1000
3,0.05,41,901
1,0.05,41,590
2,0.05,41,912
3,0.05,41,332
1,0.05,41,197
2,0.05,41,675
3,0.05,41,88
1,0.05,41,955
2,0.05,41,986
3,0.05,41,735
1,0.05,41,308
2,0.05,41,878
3,0.05,41,111
1,0.05,41,373
2,0.05,41,779
3,0.05,41,220
1,0.05,41,441
2,0.05,41,861
3,0.05,41,153
1,0.05,41,132
2,0.05,41,608
3,0.05,41,44
1,0.05,41,204
2,0.05,41,736
3,0.05,41,65
1,0.05,41,549
2,0.05,41,741
3,0.05,41,397
1,0.05,41,658
2,0.05,41,988
3,0.05,41,300
1,0.05,41,331
2,0.05,41,706
3,0.05,41,180
1,0.05,41,480
2,0.05,41,955
3,0.05,41,131
1,0.05,41,319
2,0.05,41,533
3,0.05,41,211
1,0.05,41,91
2,0.05,41,457
3,0.05,41,42
1,0.05,41,659
2,0.05,41,916
3,0.05,41,424
1,0.05,41,593
2,0.05,41,955
3,0.05,41,256
1,0.05,41,896
2,0.05,41,996
3,0.05,41,587
1,0.05,41,759
2,0.05,41,965
3,0.05,41,506
1,0.05,41,1000
2,0.05,41,1000
3,0.05,41,924
1,0.05,41,281
2,0.05,41,838
3,0.05,41,120
1,0.05,41,829
2,0.05,41,989
3,0.05,41,423
1,0.05,41,219
2,0.05,41,654
3,0.05,41,75
1,0.05,41,825
2,0.05,41,988
3,0.05,41,514
1,0.05,41,452
2,0.05,41,879
3,0.05,41,144
1,0.05,41,993
2,0.05,41,1000
3,0.05,41,972
1,0.05,41,983
2,0.05,41,1000
3,0.05,41,858
1,0.05,41,628
2,0.05,41,903
3,0.05,41,390
1,0.05,41,416
2,0.05,41,919
3,0.05,41,216
1,0.05,41,453
2,0.05,41,879
3,0.05,41,209
1,0.05,41,433
2,0.05,41,959
3,0.05,41,156
1,0.05,41,587
2,0.05,41,774
3,0.05,41,454
1,0.05,41,234
2,0.05,41,855
3,0.05,41,86
1,0.05,41,234
2,0.05,41,851
3,0.05,41,70
1,0.05,41,768
2,0.05,41,982
3,0.05,41,448
1,0.05,41,476
2,0.05,41,888
3,0.05,41,254
1,0.05,41,982
2,0.05,41,999
3,0.05,41,818
1,0.05,41,47
2,0.05,41,315
3,0.05,41,22
1,0.05,41,51
2,0.05,41,450
3,0.05,41,11
1,0.05,41,79
2,0.05,41,634
3,0.05,41,18
1,0.05,41,810
2,0.05,41,928
3,0.05,41,618
1,0.05,41,530
2,0.05,41,888
3,0.05,41,268
1,0.05,41,999
2,0.05,41,1000
3,0.05,41,827
1,0.05,41,71
2,0.05,41,493
3,0.05,41,18
1,0.05,41,109
2,0.05,41,377
3,0.05,41,44
1,0.05,41,105
2,0.05,41,355
3,0.05,41,54
1,0.05,41,749
2,0.05,41,958
3,0.05,41,484
1,0.05,41,88
2,0.05,41,477
3,0.05,41,33
1,0.05,41,746
2,0.05,41,989
3,0.05,41,513
1,0.05,41,204
2,0.05,41,483
3,0.05,41,124
1,0.05,41,264
2,0.05,41,706
3,0.05,41,119
1,0.05,41,891
2,0.05,41,990
3,0.05,41,611
1,0.05,41,567
2,0.05,41,939
3,0.05,41,320
1,0.05,41,731
2,0.05,41,927
3,0.05,41,441
1,0.05,41,245
2,0.05,41,887
3,0.05,41,68
1,0.05,41,715
2,0.05,41,990
3,0.05,41,340
1,0.05,81,259
2,0.05,81,780
3,0.05,81,94
1,0.05,81,536
2,0.05,81,942
3,0.05,81,205
1,0.05,81,176
2,0.05,81,1000
3,0.05,81,20
1,0.05,81,120
2,0.05,81,205
3,0.05,81,84
1,0.05,81,205
2,0.05,81,916
3,0.05,81,43
1,0.05,81,710
2,0.05,81,935
3,0.05,81,535
1,0.05,81,83
2,0.05,81,154
3,0.05,81,61
1,0.05,81,179
2,0.05,81,325
3,0.05,81,144
1,0.05,81,992
2,0.05,81,1000
3,0.05,81,897
1,0.05,81,286
2,0.05,81,456
3,0.05,81,219
1,0.05,81,1000
2,0.05,81,1000
3,0.05,81,1000
1,0.05,81,143
2,0.05,81,457
3,0.05,81,58
1,0.05,81,143
2,0.05,81,214
3,0.05,81,105
1,0.05,81,554
2,0.05,81,959
3,0.05,81,307
1,0.05,81,832
2,0.05,81,932
3,0.05,81,571
1,0.05,81,582
2,0.05,81,654
3,0.05,81,512
1,0.05,81,706
2,0.05,81,901
3,0.05,81,546
1,0.05,81,629
2,0.05,81,934
3,0.05,81,417
1,0.05,81,42
2,0.05,81,388
3,0.05,81,17
1,0.05,81,820
2,0.05,81,1000
3,0.05,81,236
1,0.05,81,143
2,0.05,81,171
3,0.05,81,114
1,0.05,81,71
2,0.05,81,113
3,0.05,81,54
1,0.05,81,140
2,0.05,81,696
3,0.05,81,40
1,0.05,81,621
2,0.05,81,1000
3,0.05,81,180
1,0.05,81,703
2,0.05,81,793
3,0.05,81,607
1,0.05,81,670
2,0.05,81,998
3,0.05,81,168
1,0.05,81,415
2,0.05,81,898
3,0.05,81,226
1,0.05,81,221
2,0.05,81,381
3,0.05,81,158
1,0.05,81,258
2,0.05,81,686
3,0.05,81,139
1,0.05,81,25
2,0.05,81,50
3,0.05,81,19
1,0.05,81,244
2,0.05,81,467
3,0.05,81,179
1,0.05,81,54
2,0.05,81,526
3,0.05,81,17
1,0.05,81,449
2,0.05,81,934
3,0.05,81,233
1,0.05,81,658
2,0.05,81,996
3,0.05,81,254
1,0.05,81,175
2,0.05,81,393
3,0.05,81,112
1,0.05,81,570
2,0.05,81,707
3,0.05,81,488
1,0.05,81,340
2,0.05,81,655
3,0.05,81,208
1,0.05,81,29
2,0.05,81,39
3,0.05,81,17
1,0.05,81,22
2,0.05,81,256
3,0.05,81,5
1,0.05,81,61
2,0.05,81,77
3,0.05,81,42
1,0.05,81,560
2,0.05,81,895
3,0.05,81,402
1,0.05,81,280
2,0.05,81,457
3,0.05,81,213
1,0.05,81,632
2,0.05,81,913
3,0.05,81,450
1,0.05,81,129
2,0.05,81,238
3,0.05,81,76
1,0.05,81,804
2,0.05,81,998
3,0.05,81,531
1,0.05,81,972
2,0.05,81,999
3,0.05,81,765
1,0.05,81,121
2,0.05,81,345
3,0.05,81,69
1,0.05,81,667
2,0.05,81,986
3,0.05,81,261
1,0.05,81,128
2,0.05,81,647
3,0.05,81,53
1,0.05,81,144
2,0.05,81,339
3,0.05,81,89
1,0.05,81,124
2,0.05,81,464
3,0.05,81,69
1,0.05,81,88
2,0.05,81,422
3,0.05,81,44
1,0.05,81,90
2,0.05,81,242
3,0.05,81,55
1,0.05,81,230
2,0.05,81,314
3,0.05,81,182
1,0.05,81,534
2,0.05,81,937
3,0.05,81,312
1,0.05,81,575
2,0.05,81,985
3,0.05,81,250
1,0.05,81,325
2,0.05,81,846
3,0.05,81,173
1,0.05,81,331
2,0.05,81,803
3,0.05,81,155
1,0.05,81,132
2,0.05,81,729
3,0.05,81,40
1,0.05,81,268
2,0.05,81,546
3,0.05,81,191
1,0.05,81,56
2,0.05,81,156
3,0.05,81,28
1,0.05,81,646
2,0.05,81,988
3,0.05,81,251
1,0.05,81,213
2,0.05,81,350
3,0.05,81,162
1,0.05,81,809
2,0.05,81,982
3,0.05,81,442
1,0.05,81,336
2,0.05,81,715
3,0.05,81,225
1,0.05,81,353
2,0.05,81,597
3,0.05,81,257
1,0.05,81,241
2,0.05,81,750
3,0.05,81,122
1,0.05,81,657
2,0.05,81,960
3,0.05,81,410
1,0.05,81,150
2,0.05,81,562
3,0.05,81,73
1,0.05,81,561
2,0.05,81,708
3,0.05,81,480
1,0.05,81,148
2,0.05,81,200
3,0.05,81,113
1,0.05,81,776
2,0.05,81,959
3,0.05,81,555
1,0.05,81,641
2,0.05,81,977
3,0.05,81,271
1,0.05,81,462
2,0.05,81,912
3,0.05,81,149
1,0.05,81,480
2,0.05,81,963
3,0.05,81,193
1,0.05,81,503
2,0.05,81,817
3,0.05,81,351
1,0.05,81,241
2,0.05,81,848
3,0.05,81,73
1,0.05,81,328
2,0.05,81,664
3,0.05,81,177
1,0.05,81,692
2,0.05,81,882
3,0.05,81,578
1,0.05,81,343
2,0.05,81,684
3,0.05,81,245
1,0.05,81,452
2,0.05,81,870
3,0.05,81,279
1,0.05,81,177
2,0.05,81,841
3,0.05,81,52
1,0.05,81,30
2,0.05,81,238
3,0.05,81,14
1,0.05,81,82
2,0.05,81,730
3,0.05,81,26
1,0.05,81,249
2,0.05,81,361
3,0.05,81,212
1,0.05,81,425
2,0.05,81,761
3,0.05,81,272
1,0.05,81,575
2,0.05,81,976
3,0.05,81,307
1,0.05,81,709
2,0.05,81,987
3,0.05,81,314
1,0.05,81,301
2,0.05,81,958
3,0.05,81,53
1,0.05,81,196
2,0.05,81,502
3,0.05,81,127
1,0.05,81,550
2,0.05,81,751
3,0.05,81,453
1,0.05,81,154
2,0.05,81,715
3,0.05,81,59
1,0.05,81,497
2,0.05,81,686
3,0.05,81,332
1,0.05,81,275
2,0.05,81,635
3,0.05,81,215
1,0.05,81,108
2,0.05,81,363
3,0.05,81,60
1,0.05,81,836
2,0.05,81,963
3,0.05,81,598
1,0.05,81,558
2,0.05,81,932
3,0.05,81,269
1,0.05,81,369
2,0.05,81,678
3,0.05,81,260
1,0.05,81,88
2,0.05,81,499
3,0.05,81,30
1,0.05,81,638
2,0.05,81,878
3,0.05,81,353
1,0.05,101,94
2,0.05,101,218
3,0.05,101,59
1,0.05,101,221
2,0.05,101,949
3,0.05,101,26
1,0.05,101,408
2,0.05,101,939
3,0.05,101,173
1,0.05,101,63
2,0.05,101,225
3,0.05,101,35
1,0.05,101,10
2,0.05,101,55
3,0.05,101,9
1,0.05,101,213
2,0.05,101,386
3,0.05,101,154
1,0.05,101,230
2,0.05,101,349
3,0.05,101,180
1,0.05,101,351
2,0.05,101,890
3,0.05,101,174
1,0.05,101,271
2,0.05,101,563
3,0.05,101,191
1,0.05,101,135
2,0.05,101,227
3,0.05,101,111
1,0.05,101,553
2,0.05,101,873
3,0.05,101,407
1,0.05,101,57
2,0.05,101,194
3,0.05,101,26
1,0.05,101,90
2,0.05,101,154
3,0.05,101,62
1,0.05,101,541
2,0.05,101,988
3,0.05,101,217
1,0.05,101,298
2,0.05,101,780
3,0.05,101,186
1,0.05,101,830
2,0.05,101,930
3,0.05,101,718
1,0.05,101,969
2,0.05,101,1000
3,0.05,101,766
1,0.05,101,985
2,0.05,101,1000
3,0.05,101,783
1,0.05,101,0
2,0.05,101,36
3,0.05,101,0
1,0.05,101,55
2,0.05,101,139
3,0.05,101,33
1,0.05,101,380
2,0.05,101,592
3,0.05,101,284
1,0.05,101,340
2,0.05,101,888
3,0.05,101,193
1,0.05,101,362
2,0.05,101,720
3,0.05,101,166
1,0.05,101,226
2,0.05,101,838
3,0.05,101,54
1,0.05,101,296
2,0.05,101,351
3,0.05,101,249
1,0.05,101,801
2,0.05,101,1000
3,0.05,101,248
1,0.05,101,395
2,0.05,101,888
3,0.05,101,184
1,0.05,101,427
2,0.05,101,604
3,0.05,101,346
1,0.05,101,332
2,0.05,101,492
3,0.05,101,266
1,0.05,101,75
2,0.05,101,298
3,0.05,101,34
1,0.05,101,94
2,0.05,101,435
3,0.05,101,50
1,0.05,101,605
2,0.05,101,1000
3,0.05,101,241
1,0.05,101,53
2,0.05,101,149
3,0.05,101,30
1,0.05,101,368
2,0.05,101,806
3,0.05,101,193
1,0.05,101,824
2,0.05,101,999
3,0.05,101,368
1,0.05,101,872
2,0.05,101,949
3,0.05,101,769
1,0.05,101,796
2,0.05,101,953
3,0.05,101,493
1,0.05,101,244
2,0.05,101,476
3,0.05,101,189
1,0.05,101,80
2,0.05,101,350
3,0.05,101,29
1,0.05,101,37
2,0.05,101,96
3,0.05,101,27
1,0.05,101,816
2,0.05,101,966
3,0.05,101,551
1,0.05,101,259
2,0.05,101,404
3,0.05,101,205
1,0.05,101,616
2,0.05,101,910
3,0.05,101,461
1,0.05,101,796
2,0.05,101,976
3,0.05,101,487
1,0.05,101,889
2,0.05,101,996
3,0.05,101,673
1,0.05,101,105
2,0.05,101,265
3,0.05,101,67
1,0.05,101,170
2,0.05,101,378
3,0.05,101,109
1,0.05,101,381
2,0.05,101,883
3,0.05,101,191
1,0.05,101,356
2,0.05,101,939
3,0.05,101,94
1,0.05,101,123
2,0.05,101,229
3,0.05,101,90
1,0.05,101,303
2,0.05,101,924
3,0.05,101,81
1,0.05,101,82
2,0.05,101,307
3,0.05,101,48
1,0.05,101,262
2,0.05,101,626
3,0.05,101,132
1,0.05,101,512
2,0.05,101,725
3,0.05,101,387
1,0.05,101,761
2,0.05,101,998
3,0.05,101,356
1,0.05,101,584
2,0.05,101,977
3,0.05,101,260
1,0.05,101,460
2,0.05,101,923
3,0.05,101,243
1,0.05,101,210
2,0.05,101,469
3,0.05,101,150
1,0.05,101,34
2,0.05,101,92
3,0.05,101,22
1,0.05,101,49
2,0.05,101,89
3,0.05,101,36
1,0.05,101,178
2,0.05,101,327
3,0.05,101,132
1,0.05,101,768
2,0.05,101,934
3,0.05,101,561
1,0.05,101,428
2,0.05,101,692
3,0.05,101,348
1,0.05,101,297
2,0.05,101,758
3,0.05,101,151
1,0.05,101,115
2,0.05,101,388
3,0.05,101,78
1,0.05,101,456
2,0.05,101,939
3,0.05,101,228
1,0.05,101,538
2,0.05,101,875
3,0.05,101,249
1,0.05,101,437
2,0.05,101,815
3,0.05,101,270
1,0.05,101,152
2,0.05,101,382
3,0.05,101,89
1,0.05,101,423
2,0.05,101,565
3,0.05,101,361
1,0.05,101,128
2,0.05,101,170
3,0.05,101,107
1,0.05,101,484
2,0.05,101,937
3,0.05,101,240
1,0.05,101,296
2,0.05,101,460
3,0.05,101,236
1,0.05,101,95
2,0.05,101,271
3,0.05,101,64
1,0.05,101,334
2,0.05,101,768
3,0.05,101,208
1,0.05,101,368
2,0.05,101,577
3,0.05,101,280
1,0.05,101,87
2,0.05,101,237
3,0.05,101,57
1,0.05,101,611
2,0.05,101,817
3,0.05,101,464
1,0.05,101,588
2,0.05,101,955
3,0.05,101,347
1,0.05,101,502
2,0.05,101,997
3,0.05,101,141
1,0.05,101,916
2,0.05,101,983
3,0.05,101,658
1,0.05,101,104
2,0.05,101,605
3,0.05,101,24
1,0.05,101,76
2,0.05,101,360
3,0.05,101,39
1,0.05,101,24
2,0.05,101,114
3,0.05,101,12
1,0.05,101,643
2,0.05,101,870
3,0.05,101,513
1,0.05,101,102
2,0.05,101,131
3,0.05,101,86
1,0.05,101,664
2,0.05,101,833
3,0.05,101,447
1,0.05,101,395
2,0.05,101,737
3,0.05,101,296
1,0.05,101,104
2,0.05,101,533
3,0.05,101,52
1,0.05,101,220
2,0.05,101,510
3,0.05,101,158
1,0.05,101,606
2,0.05,101,745
3,0.05,101,500
1,0.05,101,434
2,0.05,101,968
3,0.05,101,142
1,0.05,101,210
2,0.05,101,274
3,0.05,101,153
1,0.05,101,333
2,0.05,101,757
3,0.05,101,178
1,0.05,101,263
2,0.05,101,658
3,0.05,101,158
1,0.05,101,849
2,0.05,101,993
3,0.05,101,522
1,0.05,101,956
2,0.05,101,1000
3,0.05,101,672
1,0.05,101,442
2,0.05,101,854
3,0.05,101,247
1,0.05,101,236
2,0.05,101,989
3,0.05,101,40
1,0.05,101,448
2,0.05,101,886
3,0.05,101,237
1,0.05,201,471
2,0.05,201,1000
3,0.05,201,54
1,0.05,201,150
2,0.05,201,573
3,0.05,201,71
1,0.05,201,522
2,0.05,201,1000
3,0.05,201,36
1,0.05,201,14
2,0.05,201,83
3,0.05,201,6
1,0.05,201,3
2,0.05,201,16
3,0.05,201,3
1,0.05,201,722
2,0.05,201,885
3,0.05,201,587
1,0.05,201,410
2,0.05,201,819
3,0.05,201,234
1,0.05,201,176
2,0.05,201,692
3,0.05,201,96
1,0.05,201,177
2,0.05,201,256
3,0.05,201,139
1,0.05,201,76
2,0.05,201,142
3,0.05,201,55
1,0.05,201,205
2,0.05,201,440
3,0.05,201,144
1,0.05,201,28
2,0.05,201,94
3,0.05,201,17
1,0.05,201,221
2,0.05,201,384
3,0.05,201,141
1,0.05,201,468
2,0.05,201,604
3,0.05,201,401
1,0.05,201,826
2,0.05,201,1000
3,0.05,201,394
1,0.05,201,285
2,0.05,201,439
3,0.05,201,226
1,0.05,201,269
2,0.05,201,404
3,0.05,201,217
1,0.05,201,105
2,0.05,201,163
3,0.05,201,85
1,0.05,201,0
2,0.05,201,0
3,0.05,201,0
1,0.05,201,107
2,0.05,201,410
3,0.05,201,39
1,0.05,201,441
2,0.05,201,692
3,0.05,201,345
1,0.05,201,48
2,0.05,201,179
3,0.05,201,30
1,0.05,201,256
2,0.05,201,555
3,0.05,201,170
1,0.05,201,67
2,0.05,201,237
3,0.05,201,30
1,0.05,201,544
2,0.05,201,736
3,0.05,201,457
1,0.05,201,18
2,0.05,201,45
3,0.05,201,10
1,0.05,201,465
2,0.05,201,906
3,0.05,201,224
1,0.05,201,339
2,0.05,201,400
3,0.05,201,263
1,0.05,201,18
2,0.05,201,30
3,0.05,201,14
1,0.05,201,40
2,0.05,201,124
3,0.05,201,22
1,0.05,201,83
2,0.05,201,440
3,0.05,201,32
1,0.05,201,81
2,0.05,201,466
3,0.05,201,37
1,0.05,201,21
2,0.05,201,59
3,0.05,201,12
1,0.05,201,180
2,0.05,201,393
3,0.05,201,135
1,0.05,201,111
2,0.05,201,149
3,0.05,201,83
1,0.05,201,347
2,0.05,201,401
3,0.05,201,318
1,0.05,201,30
2,0.05,201,42
3,0.05,201,19
1,0.05,201,222
2,0.05,201,891
3,0.05,201,66
1,0.05,201,45
2,0.05,201,283
3,0.05,201,19
1,0.05,201,294
2,0.05,201,1000
3,0.05,201,25
1,0.05,201,15
2,0.05,201,46
3,0.05,201,13
1,0.05,201,450
2,0.05,201,853
3,0.05,201,244
1,0.05,201,367
2,0.05,201,521
3,0.05,201,289
1,0.05,201,624
2,0.05,201,915
3,0.05,201,310
1,0.05,201,353
2,0.05,201,599
3,0.05,201,296
1,0.05,201,155
2,0.05,201,367
3,0.05,201,99
1,0.05,201,33
2,0.05,201,86
3,0.05,201,19
1,0.05,201,137
2,0.05,201,336
3,0.05,201,95
1,0.05,201,110
2,0.05,201,575
3,0.05,201,52
1,0.05,201,106
2,0.05,201,366
3,0.05,201,51
1,0.05,201,152
2,0.05,201,723
3,0.05,201,60
1,0.05,201,176
2,0.05,201,845
3,0.05,201,48
1,0.05,201,12
2,0.05,201,32
3,0.05,201,8
1,0.05,201,438
2,0.05,201,745
3,0.05,201,282
1,0.05,201,631
2,0.05,201,933
3,0.05,201,370
1,0.05,201,170
2,0.05,201,297
3,0.05,201,124
1,0.05,201,109
2,0.05,201,289
3,0.05,201,58
1,0.05,201,166
2,0.05,201,343
3,0.05,201,124
1,0.05,201,142
2,0.05,201,505
3,0.05,201,77
1,0.05,201,576
2,0.05,201,907
3,0.05,201,289
1,0.05,201,56
2,0.05,201,116
3,0.05,201,37
1,0.05,201,322
2,0.05,201,564
3,0.05,201,245
1,0.05,201,896
2,0.05,201,1000
3,0.05,201,313
1,0.05,201,903
2,0.05,201,1000
3,0.05,201,362
1,0.05,201,94
2,0.05,201,251
3,0.05,201,51
1,0.05,201,54
2,0.05,201,100
3,0.05,201,43
1,0.05,201,82
2,0.05,201,219
3,0.05,201,52
1,0.05,201,386
2,0.05,201,833
3,0.05,201,241
1,0.05,201,177
2,0.05,201,561
3,0.05,201,103
1,0.05,201,640
2,0.05,201,775
3,0.05,201,559
1,0.05,201,192
2,0.05,201,418
3,0.05,201,122
1,0.05,201,627
2,0.05,201,982
3,0.05,201,360
1,0.05,201,0
2,0.05,201,2
3,0.05,201,0
1,0.05,201,342
2,0.05,201,648
3,0.05,201,241
1,0.05,201,38
2,0.05,201,100
3,0.05,201,26
1,0.05,201,174
2,0.05,201,321
3,0.05,201,127
1,0.05,201,149
2,0.05,201,489
3,0.05,201,95
1,0.05,201,171
2,0.05,201,477
3,0.05,201,101
1,0.05,201,346
2,0.05,201,527
3,0.05,201,275
1,0.05,201,147
2,0.05,201,329
3,0.05,201,95
1,0.05,201,156
2,0.05,201,350
3,0.05,201,117
1,0.05,201,28
2,0.05,201,66
3,0.05,201,21
1,0.05,201,66
2,0.05,201,212
3,0.05,201,43
1,0.05,201,0
2,0.05,201,6
3,0.05,201,0
1,0.05,201,276
2,0.05,201,512
3,0.05,201,229
1,0.05,201,220
2,0.05,201,414
3,0.05,201,150
1,0.05,201,217
2,0.05,201,435
3,0.05,201,138
1,0.05,201,48
2,0.05,201,122
3,0.05,201,30
1,0.05,201,357
2,0.05,201,854
3,0.05,201,178
1,0.05,201,6
2,0.05,201,24
3,0.05,201,3
1,0.05,201,854
2,0.05,201,951
3,0.05,201,702
1,0.05,201,11
2,0.05,201,25
3,0.05,201,9
1,0.05,201,1000
2,0.05,201,1000
3,0.05,201,990
1,0.05,201,132
2,0.05,201,317
3,0.05,201,82
1,0.05,201,52
2,0.05,201,141
3,0.05,201,34
1,0.05,201,997
2,0.05,201,1000
3,0.05,201,449
1,0.05,201,50
2,0.05,201,169
3,0.05,201,23
1,0.05,201,875
2,0.05,201,993
3,0.05,201,308
1,0.05,201,287
2,0.05,201,1000
3,0.05,201,1
1,0.05,201,708
2,0.05,201,1000
3,0.05,201,278
1,0.1,11,135
2,0.1,11,380
3,0.1,11,62
1,0.1,11,20
2,0.1,11,84
3,0.1,11,6
1,0.1,11,259
2,0.1,11,566
3,0.1,11,139
1,0.1,11,221
2,0.1,11,575
3,0.1,11,125
1,0.1,11,250
2,0.1,11,515
3,0.1,11,141
1,0.1,11,235
2,0.1,11,480
3,0.1,11,141
1,0.1,11,91
2,0.1,11,286
3,0.1,11,47
1,0.1,11,51
2,0.1,11,288
3,0.1,11,18
1,0.1,11,303
2,0.1,11,518
3,0.1,11,203
1,0.1,11,274
2,0.1,11,614
3,0.1,11,164
1,0.1,11,250
2,0.1,11,468
3,0.1,11,173
1,0.1,11,61
2,0.1,11,208
3,0.1,11,24
1,0.1,11,197
2,0.1,11,442
3,0.1,11,101
1,0.1,11,236
2,0.1,11,545
3,0.1,11,147
1,0.1,11,153
2,0.1,11,428
3,0.1,11,94
1,0.1,11,723
2,0.1,11,920
3,0.1,11,560
1,0.1,11,83
2,0.1,11,292
3,0.1,11,43
1,0.1,11,141
2,0.1,11,288
3,0.1,11,86
1,0.1,11,70
2,0.1,11,262
3,0.1,11,33
1,0.1,11,115
2,0.1,11,325
3,0.1,11,58
1,0.1,11,393
2,0.1,11,680
3,0.1,11,277
1,0.1,11,109
2,0.1,11,290
3,0.1,11,54
1,0.1,11,81
2,0.1,11,328
3,0.1,11,44
1,0.1,11,38
2,0.1,11,207
3,0.1,11,23
1,0.1,11,279
2,0.1,11,527
3,0.1,11,174
1,0.1,11,100
2,0.1,11,397
3,0.1,11,39
1,0.1,11,17
2,0.1,11,174
3,0.1,11,5
1,0.1,11,178
2,0.1,11,425
3,0.1,11,106
1,0.1,11,205
2,0.1,11,518
3,0.1,11,109
1,0.1,11,199
2,0.1,11,530
3,0.1,11,105
1,0.1,11,131
2,0.1,11,419
3,0.1,11,72
1,0.1,11,16
2,0.1,11,105
3,0.1,11,9
1,0.1,11,30
2,0.1,11,129
3,0.1,11,14
1,0.1,11,92
2,0.1,11,284
3,0.1,11,44
1,0.1,11,112
2,0.1,11,305
3,0.1,11,60
1,0.1,11,424
2,0.1,11,636
3,0.1,11,337
1,0.1,11,80
2,0.1,11,280
3,0.1,11,34
1,0.1,11,158
2,0.1,11,449
3,0.1,11,71
1,0.1,11,39
2,0.1,11,247
3,0.1,11,19
1,0.1,11,101
2,0.1,11,253
3,0.1,11,54
1,0.1,11,200
2,0.1,11,423
3,0.1,11,119
1,0.1,11,155
2,0.1,11,349
3,0.1,11,81
1,0.1,11,148
2,0.1,11,349
3,0.1,11,81
1,0.1,11,165
2,0.1,11,409
3,0.1,11,79
1,0.1,11,238
2,0.1,11,469
3,0.1,11,150
1,0.1,11,82
2,0.1,11,287
3,0.1,11,40
1,0.1,11,49
2,0.1,11,199
3,0.1,11,27
1,0.1,11,101
2,0.1,11,280
3,0.1,11,55
1,0.1,11,8
2,0.1,11,109
3,0.1,11,3
1,0.1,11,145
2,0.1,11,384
3,0.1,11,81
1,0.1,11,27
2,0.1,11,183
3,0.1,11,11
1,0.1,11,105
2,0.1,11,337
3,0.1,11,64
1,0.1,11,70
2,0.1,11,220
3,0.1,11,33
1,0.1,11,242
2,0.1,11,466
3,0.1,11,143
1,0.1,11,226
2,0.1,11,479
3,0.1,11,122
1,0.1,11,127
2,0.1,11,313
3,0.1,11,84
1,0.1,11,91
2,0.1,11,328
3,0.1,11,41
1,0.1,11,107
2,0.1,11,315
3,0.1,11,60
1,0.1,11,44
2,0.1,11,224
3,0.1,11,25
1,0.1,11,185
2,0.1,11,426
3,0.1,11,111
1,0.1,11,138
2,0.1,11,338
3,0.1,11,61
1,0.1,11,111
2,0.1,11,292
3,0.1,11,70
1,0.1,11,196
2,0.1,11,471
3,0.1,11,108
1,0.1,11,256
2,0.1,11,491
3,0.1,11,157
1,0.1,11,29
2,0.1,11,103
3,0.1,11,8
1,0.1,11,79
2,0.1,11,198
3,0.1,11,45
1,0.1,11,53
2,0.1,11,225
3,0.1,11,21
1,0.1,11,360
2,0.1,11,682
3,0.1,11,209
1,0.1,11,19
2,0.1,11,124
3,0.1,11,9
1,0.1,11,673
2,0.1,11,835
3,0.1,11,563
1,0.1,11,596
2,0.1,11,770
3,0.1,11,437
1,0.1,11,72
2,0.1,11,263
3,0.1,11,32
1,0.1,11,195
2,0.1,11,460
3,0.1,11,119
1,0.1,11,38
2,0.1,11,172
3,0.1,11,23
1,0.1,11,64
2,0.1,11,184
3,0.1,11,36
1,0.1,11,291
2,0.1,11,511
3,0.1,11,194
1,0.1,11,64
2,0.1,11,227
3,0.1,11,26
1,0.1,11,165
2,0.1,11,421
3,0.1,11,89
1,0.1,11,501
2,0.1,11,699
3,0.1,11,377
1,0.1,11,118
2,0.1,11,317
3,0.1,11,72
1,0.1,11,107
2,0.1,11,288
3,0.1,11,70
1,0.1,11,49
2,0.1,11,146
3,0.1,11,17
1,0.1,11,67
2,0.1,11,268
3,0.1,11,31
1,0.1,11,31
2,0.1,11,157
3,0.1,11,11
1,0.1,11,202
2,0.1,11,490
3,0.1,11,121
1,0.1,11,193
2,0.1,11,410
3,0.1,11,132
1,0.1,11,34
2,0.1,11,182
3,0.1,11,16
1,0.1,11,54
2,0.1,11,210
3,0.1,11,22
1,0.1,11,54
2,0.1,11,213
3,0.1,11,18
1,0.1,11,29
2,0.1,11,128
3,0.1,11,14
1,0.1,11,235
2,0.1,11,467
3,0.1,11,174
1,0.1,11,81
2,0.1,11,251
3,0.1,11,42
1,0.1,11,135
2,0.1,11,360
3,0.1,11,76
1,0.1,11,141
2,0.1,11,343
3,0.1,11,88
1,0.1,11,83
2,0.1,11,292
3,0.1,11,41
1,0.1,11,263
2,0.1,11,490
3,0.1,11,169
1,0.1,11,80
2,0.1,11,241
3,0.1,11,40
1,0.1,11,102
2,0.1,11,340
3,0.1,11,50
1,0.1,11,66
2,0.1,11,221
3,0.1,11,29
1,0.1,11,161
2,0.1,11,382
3,0.1,11,93
1,0.1,21,72
2,0.1,21,408
3,0.1,21,27
1,0.1,21,48
2,0.1,21,191
3,0.1,21,20
1,0.1,21,337
2,0.1,21,653
3,0.1,21,171
1,0.1,21,285
2,0.1,21,742
3,0.1,21,141
1,0.1,21,276
2,0.1,21,518
3,0.1,21,141
1,0.1,21,137
2,0.1,21,374
3,0.1,21,84
1,0.1,21,282
2,0.1,21,558
3,0.1,21,173
1,0.1,21,108
2,0.1,21,411
3,0.1,21,55
1,0.1,21,275
2,0.1,21,615
3,0.1,21,162
1,0.1,21,530
2,0.1,21,793
3,0.1,21,379
1,0.1,21,328
2,0.1,21,580
3,0.1,21,238
1,0.1,21,174
2,0.1,21,496
3,0.1,21,95
1,0.1,21,304
2,0.1,21,555
3,0.1,21,201
1,0.1,21,443
2,0.1,21,752
3,0.1,21,294
1,0.1,21,322
2,0.1,21,653
3,0.1,21,177
1,0.1,21,821
2,0.1,21,877
3,0.1,21,715
1,0.1,21,451
2,0.1,21,742
3,0.1,21,303
1,0.1,21,316
2,0.1,21,523
3,0.1,21,206
1,0.1,21,15
2,0.1,21,101
3,0.1,21,4
1,0.1,21,160
2,0.1,21,459
3,0.1,21,83
1,0.1,21,392
2,0.1,21,763
3,0.1,21,287
1,0.1,21,273
2,0.1,21,599
3,0.1,21,141
1,0.1,21,47
2,0.1,21,206
3,0.1,21,24
1,0.1,21,103
2,0.1,21,378
3,0.1,21,54
1,0.1,21,326
2,0.1,21,613
3,0.1,21,226
1,0.1,21,370
2,0.1,21,723
3,0.1,21,195
1,0.1,21,51
2,0.1,21,186
3,0.1,21,29
1,0.1,21,182
2,0.1,21,422
3,0.1,21,109
1,0.1,21,130
2,0.1,21,327
3,0.1,21,75
1,0.1,21,224
2,0.1,21,563
3,0.1,21,111
1,0.1,21,99
2,0.1,21,298
3,0.1,21,58
1,0.1,21,13
2,0.1,21,58
3,0.1,21,6
1,0.1,21,293
2,0.1,21,586
3,0.1,21,171
1,0.1,21,139
2,0.1,21,401
3,0.1,21,81
1,0.1,21,127
2,0.1,21,397
3,0.1,21,67
1,0.1,21,154
2,0.1,21,414
3,0.1,21,115
1,0.1,21,159
2,0.1,21,395
3,0.1,21,94
1,0.1,21,223
2,0.1,21,561
3,0.1,21,109
1,0.1,21,15
2,0.1,21,103
3,0.1,21,3
1,0.1,21,250
2,0.1,21,659
3,0.1,21,136
1,0.1,21,177
2,0.1,21,362
3,0.1,21,112
1,0.1,21,134
2,0.1,21,365
3,0.1,21,77
1,0.1,21,106
2,0.1,21,340
3,0.1,21,52
1,0.1,21,331
2,0.1,21,710
3,0.1,21,174
1,0.1,21,254
2,0.1,21,485
3,0.1,21,168
1,0.1,21,133
2,0.1,21,377
3,0.1,21,72
1,0.1,21,79
2,0.1,21,339
3,0.1,21,32
1,0.1,21,476
2,0.1,21,826
3,0.1,21,282
1,0.1,21,21
2,0.1,21,178
3,0.1,21,7
1,0.1,21,116
2,0.1,21,302
3,0.1,21,66
1,0.1,21,120
2,0.1,21,431
3,0.1,21,62
1,0.1,21,166
2,0.1,21,447
3,0.1,21,83
1,0.1,21,32
2,0.1,21,125
3,0.1,21,10
1,0.1,21,248
2,0.1,21,405
3,0.1,21,160
1,0.1,21,134
2,0.1,21,424
3,0.1,21,77
1,0.1,21,201
2,0.1,21,468
3,0.1,21,112
1,0.1,21,236
2,0.1,21,609
3,0.1,21,131
1,0.1,21,110
2,0.1,21,357
3,0.1,21,61
1,0.1,21,51
2,0.1,21,215
3,0.1,21,22
1,0.1,21,259
2,0.1,21,515
3,0.1,21,141
1,0.1,21,117
2,0.1,21,378
3,0.1,21,63
1,0.1,21,300
2,0.1,21,647
3,0.1,21,173
1,0.1,21,425
2,0.1,21,822
3,0.1,21,248
1,0.1,21,689
2,0.1,21,870
3,0.1,21,485
1,0.1,21,43
2,0.1,21,162
3,0.1,21,25
1,0.1,21,80
2,0.1,21,356
3,0.1,21,27
1,0.1,21,229
2,0.1,21,454
3,0.1,21,126
1,0.1,21,320
2,0.1,21,643
3,0.1,21,180
1,0.1,21,130
2,0.1,21,505
3,0.1,21,51
1,0.1,21,897
2,0.1,21,964
3,0.1,21,820
1,0.1,21,801
2,0.1,21,961
3,0.1,21,620
1,0.1,21,242
2,0.1,21,595
3,0.1,21,119
1,0.1,21,59
2,0.1,21,371
3,0.1,21,23
1,0.1,21,191
2,0.1,21,494
3,0.1,21,102
1,0.1,21,382
2,0.1,21,693
3,0.1,21,226
1,0.1,21,318
2,0.1,21,549
3,0.1,21,223
1,0.1,21,277
2,0.1,21,578
3,0.1,21,176
1,0.1,21,51
2,0.1,21,313
3,0.1,21,26
1,0.1,21,568
2,0.1,21,774
3,0.1,21,457
1,0.1,21,190
2,0.1,21,399
3,0.1,21,127
1,0.1,21,305
2,0.1,21,620
3,0.1,21,187
1,0.1,21,29
2,0.1,21,159
3,0.1,21,10
1,0.1,21,40
2,0.1,21,182
3,0.1,21,10
1,0.1,21,11
2,0.1,21,106
3,0.1,21,6
1,0.1,21,720
2,0.1,21,891
3,0.1,21,540
1,0.1,21,313
2,0.1,21,528
3,0.1,21,190
1,0.1,21,339
2,0.1,21,751
3,0.1,21,174
1,0.1,21,19
2,0.1,21,148
3,0.1,21,6
1,0.1,21,75
2,0.1,21,264
3,0.1,21,31
1,0.1,21,9
2,0.1,21,99
3,0.1,21,3
1,0.1,21,378
2,0.1,21,714
3,0.1,21,249
1,0.1,21,39
2,0.1,21,193
3,0.1,21,21
1,0.1,21,71
2,0.1,21,220
3,0.1,21,43
1,0.1,21,14
2,0.1,21,149
3,0.1,21,5
1,0.1,21,111
2,0.1,21,350
3,0.1,21,53
1,0.1,21,437
2,0.1,21,689
3,0.1,21,321
1,0.1,21,99
2,0.1,21,319
3,0.1,21,47
1,0.1,21,589
2,0.1,21,829
3,0.1,21,392
1,0.1,21,171
2,0.1,21,500
3,0.1,21,80
1,0.1,21,228
2,0.1,21,563
3,0.1,21,138
1,0.1,41,53
2,0.1,41,220
3,0.1,41,29
1,0.1,41,190
2,0.1,41,686
3,0.1,41,79
1,0.1,41,77
2,0.1,41,348
3,0.1,41,37
1,0.1,41,218
2,0.1,41,611
3,0.1,41,94
1,0.1,41,838
2,0.1,41,963
3,0.1,41,529
1,0.1,41,300
2,0.1,41,529
3,0.1,41,236
1,0.1,41,467
2,0.1,41,864
3,0.1,41,277
1,0.1,41,124
2,0.1,41,344
3,0.1,41,73
1,0.1,41,695
2,0.1,41,898
3,0.1,41,503
1,0.1,41,272
2,0.1,41,425
3,0.1,41,210
1,0.1,41,959
2,0.1,41,1000
3,0.1,41,844
1,0.1,41,74
2,0.1,41,292
3,0.1,41,33
1,0.1,41,311
2,0.1,41,509
3,0.1,41,242
1,0.1,41,461
2,0.1,41,724
3,0.1,41,359
1,0.1,41,858
2,0.1,41,975
3,0.1,41,691
1,0.1,41,755
2,0.1,41,871
3,0.1,41,622
1,0.1,41,477
2,0.1,41,747
3,0.1,41,364
1,0.1,41,397
2,0.1,41,598
3,0.1,41,299
1,0.1,41,107
2,0.1,41,437
3,0.1,41,57
1,0.1,41,300
2,0.1,41,658
3,0.1,41,162
1,0.1,41,683
2,0.1,41,844
3,0.1,41,577
1,0.1,41,294
2,0.1,41,567
3,0.1,41,178
1,0.1,41,39
2,0.1,41,177
3,0.1,41,15
1,0.1,41,193
2,0.1,41,443
3,0.1,41,95
1,0.1,41,274
2,0.1,41,557
3,0.1,41,198
1,0.1,41,268
2,0.1,41,594
3,0.1,41,148
1,0.1,41,133
2,0.1,41,390
3,0.1,41,80
1,0.1,41,78
2,0.1,41,280
3,0.1,41,45
1,0.1,41,267
2,0.1,41,547
3,0.1,41,194
1,0.1,41,237
2,0.1,41,614
3,0.1,41,123
1,0.1,41,334
2,0.1,41,733
3,0.1,41,210
1,0.1,41,34
2,0.1,41,198
3,0.1,41,18
1,0.1,41,187
2,0.1,41,545
3,0.1,41,82
1,0.1,41,187
2,0.1,41,663
3,0.1,41,74
1,0.1,41,179
2,0.1,41,436
3,0.1,41,107
1,0.1,41,520
2,0.1,41,617
3,0.1,41,502
1,0.1,41,148
2,0.1,41,317
3,0.1,41,88
1,0.1,41,209
2,0.1,41,590
3,0.1,41,106
1,0.1,41,3
2,0.1,41,50
3,0.1,41,0
1,0.1,41,182
2,0.1,41,542
3,0.1,41,89
1,0.1,41,167
2,0.1,41,396
3,0.1,41,106
1,0.1,41,426
2,0.1,41,621
3,0.1,41,329
1,0.1,41,224
2,0.1,41,493
3,0.1,41,151
1,0.1,41,230
2,0.1,41,524
3,0.1,41,157
1,0.1,41,769
2,0.1,41,906
3,0.1,41,675
1,0.1,41,348
2,0.1,41,707
3,0.1,41,183
1,0.1,41,88
2,0.1,41,375
3,0.1,41,31
1,0.1,41,644
2,0.1,41,904
3,0.1,41,405
1,0.1,41,85
2,0.1,41,352
3,0.1,41,41
1,0.1,41,268
2,0.1,41,618
3,0.1,41,160
1,0.1,41,170
2,0.1,41,498
3,0.1,41,74
1,0.1,41,73
2,0.1,41,370
3,0.1,41,33
1,0.1,41,78
2,0.1,41,392
3,0.1,41,33
1,0.1,41,379
2,0.1,41,684
3,0.1,41,234
1,0.1,41,297
2,0.1,41,678
3,0.1,41,169
1,0.1,41,158
2,0.1,41,379
3,0.1,41,85
1,0.1,41,307
2,0.1,41,820
3,0.1,41,125
1,0.1,41,228
2,0.1,41,642
3,0.1,41,131
1,0.1,41,29
2,0.1,41,219
3,0.1,41,14
1,0.1,41,507
2,0.1,41,768
3,0.1,41,348
1,0.1,41,298
2,0.1,41,611
3,0.1,41,183
1,0.1,41,424
2,0.1,41,745
3,0.1,41,319
1,0.1,41,671
2,0.1,41,959
3,0.1,41,419
1,0.1,41,867
2,0.1,41,996
3,0.1,41,675
1,0.1,41,58
2,0.1,41,187
3,0.1,41,40
1,0.1,41,330
2,0.1,41,672
3,0.1,41,198
1,0.1,41,88
2,0.1,41,286
3,0.1,41,50
1,0.1,41,318
2,0.1,41,809
3,0.1,41,178
1,0.1,41,156
2,0.1,41,447
3,0.1,41,87
1,0.1,41,984
2,0.1,41,1000
3,0.1,41,950
1,0.1,41,460
2,0.1,41,808
3,0.1,41,256
1,0.1,41,291
2,0.1,41,697
3,0.1,41,180
1,0.1,41,262
2,0.1,41,526
3,0.1,41,189
1,0.1,41,183
2,0.1,41,565
3,0.1,41,86
1,0.1,41,70
2,0.1,41,196
3,0.1,41,39
1,0.1,41,311
2,0.1,41,533
3,0.1,41,240
1,0.1,41,52
2,0.1,41,285
3,0.1,41,29
1,0.1,41,112
2,0.1,41,427
3,0.1,41,46
1,0.1,41,500
2,0.1,41,701
3,0.1,41,411
1,0.1,41,208
2,0.1,41,423
3,0.1,41,159
1,0.1,41,638
2,0.1,41,931
3,0.1,41,430
1,0.1,41,39
2,0.1,41,227
3,0.1,41,10
1,0.1,41,7
2,0.1,41,138
3,0.1,41,3
1,0.1,41,32
2,0.1,41,314
3,0.1,41,10
1,0.1,41,610
2,0.1,41,836
3,0.1,41,424
1,0.1,41,220
2,0.1,41,542
3,0.1,41,123
1,0.1,41,527
2,0.1,41,950
3,0.1,41,246
1,0.1,41,48
2,0.1,41,223
3,0.1,41,27
1,0.1,41,105
2,0.1,41,373
3,0.1,41,87
1,0.1,41,21
2,0.1,41,114
3,0.1,41,9
1,0.1,41,476
2,0.1,41,669
3,0.1,41,343
1,0.1,41,45
2,0.1,41,372
3,0.1,41,11
1,0.1,41,350
2,0.1,41,609
3,0.1,41,254
1,0.1,41,17
2,0.1,41,56
3,0.1,41,7
1,0.1,41,74
2,0.1,41,278
3,0.1,41,40
1,0.1,41,357
2,0.1,41,706
3,0.1,41,228
1,0.1,41,231
2,0.1,41,581
3,0.1,41,150
1,0.1,41,298
2,0.1,41,574
3,0.1,41,205
1,0.1,41,80
2,0.1,41,328
3,0.1,41,38
1,0.1,41,489
2,0.1,41,911
3,0.1,41,219
1,0.1,81,141
2,0.1,81,512
3,0.1,81,77
1,0.1,81,132
2,0.1,81,462
3,0.1,81,71
1,0.1,81,116
2,0.1,81,520
3,0.1,81,54
1,0.1,81,633
2,0.1,81,951
3,0.1,81,392
1,0.1,81,192
2,0.1,81,804
3,0.1,81,53
1,0.1,81,416
2,0.1,81,814
3,0.1,81,293
1,0.1,81,358
2,0.1,81,684
3,0.1,81,238
1,0.1,81,159
2,0.1,81,484
3,0.1,81,87
1,0.1,81,601
2,0.1,81,848
3,0.1,81,416
1,0.1,81,111
2,0.1,81,333
3,0.1,81,61
1,0.1,81,992
2,0.1,81,1000
3,0.1,81,900
1,0.1,81,21
2,0.1,81,121
3,0.1,81,11
1,0.1,81,724
2,0.1,81,950
3,0.1,81,560
1,0.1,81,234
2,0.1,81,441
3,0.1,81,188
1,0.1,81,591
2,0.1,81,844
3,0.1,81,436
1,0.1,81,796
2,0.1,81,888
3,0.1,81,745
1,0.1,81,589
2,0.1,81,837
3,0.1,81,473
1,0.1,81,341
2,0.1,81,559
3,0.1,81,255
1,0.1,81,19
2,0.1,81,168
3,0.1,81,45
1,0.1,81,819
2,0.1,81,993
3,0.1,81,561
1,0.1,81,490
2,0.1,81,659
3,0.1,81,433
1,0.1,81,152
2,0.1,81,307
3,0.1,81,99
1,0.1,81,53
2,0.1,81,332
3,0.1,81,29
1,0.1,81,224
2,0.1,81,529
3,0.1,81,156
1,0.1,81,440
2,0.1,81,655
3,0.1,81,359
1,0.1,81,280
2,0.1,81,868
3,0.1,81,114
1,0.1,81,255
2,0.1,81,552
3,0.1,81,162
1,0.1,81,109
2,0.1,81,228
3,0.1,81,79
1,0.1,81,254
2,0.1,81,635
3,0.1,81,163
1,0.1,81,192
2,0.1,81,756
3,0.1,81,69
1,0.1,81,740
2,0.1,81,931
3,0.1,81,503
1,0.1,81,50
2,0.1,81,309
3,0.1,81,17
1,0.1,81,167
2,0.1,81,443
3,0.1,81,107
1,0.1,81,259
2,0.1,81,626
3,0.1,81,151
1,0.1,81,206
2,0.1,81,557
3,0.1,81,139
1,0.1,81,544
2,0.1,81,647
3,0.1,81,496
1,0.1,81,293
2,0.1,81,555
3,0.1,81,195
1,0.1,81,716
2,0.1,81,996
3,0.1,81,376
1,0.1,81,12
2,0.1,81,144
3,0.1,81,2
1,0.1,81,414
2,0.1,81,799
3,0.1,81,273
1,0.1,81,163
2,0.1,81,328
3,0.1,81,107
1,0.1,81,250
2,0.1,81,465
3,0.1,81,184
1,0.1,81,254
2,0.1,81,512
3,0.1,81,193
1,0.1,81,71
2,0.1,81,260
3,0.1,81,35
1,0.1,81,473
2,0.1,81,762
3,0.1,81,374
1,0.1,81,109
2,0.1,81,210
3,0.1,81,91
1,0.1,81,47
2,0.1,81,167
3,0.1,81,25
1,0.1,81,236
2,0.1,81,557
3,0.1,81,140
1,0.1,81,117
2,0.1,81,457
3,0.1,81,68
1,0.1,81,98
2,0.1,81,358
3,0.1,81,52
1,0.1,81,173
2,0.1,81,480
3,0.1,81,95
1,0.1,81,127
2,0.1,81,578
3,0.1,81,54
1,0.1,81,74
2,0.1,81,225
3,0.1,81,45
1,0.1,81,119
2,0.1,81,216
3,0.1,81,84
1,0.1,81,347
2,0.1,81,707
3,0.1,81,223
1,0.1,81,392
2,0.1,81,802
3,0.1,81,256
1,0.1,81,323
2,0.1,81,576
3,0.1,81,178
1,0.1,81,46
2,0.1,81,187
3,0.1,81,28
1,0.1,81,62
2,0.1,81,289
3,0.1,81,35
1,0.1,81,211
2,0.1,81,400
3,0.1,81,157
1,0.1,81,314
2,0.1,81,606
3,0.1,81,222
1,0.1,81,635
2,0.1,81,898
3,0.1,81,450
1,0.1,81,2
2,0.1,81,26
3,0.1,81,0
1,0.1,81,776
2,0.1,81,962
3,0.1,81,487
1,0.1,81,317
2,0.1,81,656
3,0.1,81,195
1,0.1,81,219
2,0.1,81,437
3,0.1,81,157
1,0.1,81,173
2,0.1,81,406
3,0.1,81,116
1,0.1,81,455
2,0.1,81,673
3,0.1,81,349
1,0.1,81,161
2,0.1,81,564
3,0.1,81,73
1,0.1,81,802
2,0.1,81,938
3,0.1,81,727
1,0.1,81,367
2,0.1,81,767
3,0.1,81,217
1,0.1,81,437
2,0.1,81,727
3,0.1,81,313
1,0.1,81,423
2,0.1,81,828
3,0.1,81,229
1,0.1,81,105
2,0.1,81,266
3,0.1,81,71
1,0.1,81,153
2,0.1,81,368
3,0.1,81,100
1,0.1,81,338
2,0.1,81,584
3,0.1,81,253
1,0.1,81,67
2,0.1,81,376
3,0.1,81,23
1,0.1,81,209
2,0.1,81,552
3,0.1,81,108
1,0.1,81,474
2,0.1,81,845
3,0.1,81,323
1,0.1,81,240
2,0.1,81,794
3,0.1,81,121
1,0.1,81,287
2,0.1,81,569
3,0.1,81,203
1,0.1,81,40
2,0.1,81,158
3,0.1,81,23
1,0.1,81,5
2,0.1,81,55
3,0.1,81,1
1,0.1,81,16
2,0.1,81,167
3,0.1,81,7
1,0.1,81,570
2,0.1,81,927
3,0.1,81,379
1,0.1,81,270
2,0.1,81,619
3,0.1,81,170
1,0.1,81,477
2,0.1,81,922
3,0.1,81,265
1,0.1,81,103
2,0.1,81,243
3,0.1,81,67
1,0.1,81,247
2,0.1,81,455
3,0.1,81,183
1,0.1,81,176
2,0.1,81,505
3,0.1,81,82
1,0.1,81,304
2,0.1,81,707
3,0.1,81,195
1,0.1,81,127
2,0.1,81,432
3,0.1,81,74
1,0.1,81,186
2,0.1,81,466
3,0.1,81,123
1,0.1,81,85
2,0.1,81,278
3,0.1,81,48
1,0.1,81,31
2,0.1,81,134
3,0.1,81,14
1,0.1,81,445
2,0.1,81,655
3,0.1,81,364
1,0.1,81,197
2,0.1,81,505
3,0.1,81,107
1,0.1,81,253
2,0.1,81,455
3,0.1,81,199
1,0.1,81,23
2,0.1,81,129
3,0.1,81,12
1,0.1,81,305
2,0.1,81,559
3,0.1,81,224
1,0.1,101,25
2,0.1,101,176
3,0.1,101,15
1,0.1,101,27
2,0.1,101,91
3,0.1,101,16
1,0.1,101,165
2,0.1,101,389
3,0.1,101,118
1,0.1,101,109
2,0.1,101,402
3,0.1,101,58
1,0.1,101,6
2,0.1,101,29
3,0.1,101,3
1,0.1,101,199
2,0.1,101,312
3,0.1,101,157
1,0.1,101,42
2,0.1,101,94
3,0.1,101,30
1,0.1,101,141
2,0.1,101,462
3,0.1,101,85
1,0.1,101,342
2,0.1,101,580
3,0.1,101,256
1,0.1,101,32
2,0.1,101,50
3,0.1,101,25
1,0.1,101,132
2,0.1,101,253
3,0.1,101,106
1,0.1,101,61
2,0.1,101,227
3,0.1,101,26
1,0.1,101,87
2,0.1,101,219
3,0.1,101,68
1,0.1,101,278
2,0.1,101,582
3,0.1,101,176
1,0.1,101,384
2,0.1,101,799
3,0.1,101,247
1,0.1,101,386
2,0.1,101,451
3,0.1,101,362
1,0.1,101,547
2,0.1,101,747
3,0.1,101,447
1,0.1,101,248
2,0.1,101,396
3,0.1,101,189
1,0.1,101,4
2,0.1,101,39
3,0.1,101,2
1,0.1,101,25
2,0.1,101,130
3,0.1,101,15
1,0.1,101,157
2,0.1,101,260
3,0.1,101,133
1,0.1,101,45
2,0.1,101,142
3,0.1,101,28
1,0.1,101,137
2,0.1,101,449
3,0.1,101,72
1,0.1,101,149
2,0.1,101,464
3,0.1,101,86
1,0.1,101,210
2,0.1,101,332
3,0.1,101,179
1,0.1,101,78
2,0.1,101,197
3,0.1,101,58
1,0.1,101,166
2,0.1,101,382
3,0.1,101,114
1,0.1,101,363
2,0.1,101,624
3,0.1,101,281
1,0.1,101,664
2,0.1,101,899
3,0.1,101,512
1,0.1,101,47
2,0.1,101,199
3,0.1,101,19
1,0.1,101,137
2,0.1,101,347
3,0.1,101,87
1,0.1,101,612
2,0.1,101,957
3,0.1,101,337
1,0.1,101,145
2,0.1,101,443
3,0.1,101,86
1,0.1,101,123
2,0.1,101,303
3,0.1,101,86
1,0.1,101,37
2,0.1,101,122
3,0.1,101,22
1,0.1,101,254
2,0.1,101,341
3,0.1,101,227
1,0.1,101,197
2,0.1,101,381
3,0.1,101,135
1,0.1,101,454
2,0.1,101,892
3,0.1,101,288
1,0.1,101,49
2,0.1,101,205
3,0.1,101,26
1,0.1,101,250
2,0.1,101,423
3,0.1,101,197
1,0.1,101,745
2,0.1,101,999
3,0.1,101,384
1,0.1,101,492
2,0.1,101,666
3,0.1,101,427
1,0.1,101,241
2,0.1,101,459
3,0.1,101,164
1,0.1,101,697
2,0.1,101,965
3,0.1,101,468
1,0.1,101,599
2,0.1,101,754
3,0.1,101,520
1,0.1,101,135
2,0.1,101,318
3,0.1,101,83
1,0.1,101,137
2,0.1,101,265
3,0.1,101,95
1,0.1,101,219
2,0.1,101,537
3,0.1,101,150
1,0.1,101,555
2,0.1,101,983
3,0.1,101,237
1,0.1,101,445
2,0.1,101,915
3,0.1,101,228
1,0.1,101,94
2,0.1,101,534
3,0.1,101,33
1,0.1,101,163
2,0.1,101,629
3,0.1,101,95
1,0.1,101,140
2,0.1,101,481
3,0.1,101,89
1,0.1,101,196
2,0.1,101,306
3,0.1,101,160
1,0.1,101,561
2,0.1,101,830
3,0.1,101,388
1,0.1,101,253
2,0.1,101,545
3,0.1,101,190
1,0.1,101,116
2,0.1,101,333
3,0.1,101,81
1,0.1,101,105
2,0.1,101,234
3,0.1,101,66
1,0.1,101,61
2,0.1,101,144
3,0.1,101,46
1,0.1,101,194
2,0.1,101,386
3,0.1,101,137
1,0.1,101,206
2,0.1,101,352
3,0.1,101,159
1,0.1,101,406
2,0.1,101,720
3,0.1,101,291
1,0.1,101,951
2,0.1,101,1000
3,0.1,101,791
1,0.1,101,191
2,0.1,101,511
3,0.1,101,126
1,0.1,101,52
2,0.1,101,260
3,0.1,101,19
1,0.1,101,216
2,0.1,101,428
3,0.1,101,150
1,0.1,101,369
2,0.1,101,725
3,0.1,101,182
1,0.1,101,171
2,0.1,101,313
3,0.1,101,120
1,0.1,101,78
2,0.1,101,323
3,0.1,101,39
1,0.1,101,664
2,0.1,101,795
3,0.1,101,623
1,0.1,101,682
2,0.1,101,1000
3,0.1,101,252
1,0.1,101,836
2,0.1,101,1000
3,0.1,101,608
1,0.1,101,151
2,0.1,101,242
3,0.1,101,115
1,0.1,101,80
2,0.1,101,400
3,0.1,101,34
1,0.1,101,265
2,0.1,101,604
3,0.1,101,179
1,0.1,101,469
2,0.1,101,759
3,0.1,101,359
1,0.1,101,75
2,0.1,101,201
3,0.1,101,46
1,0.1,101,191
2,0.1,101,319
3,0.1,101,156
1,0.1,101,465
2,0.1,101,804
3,0.1,101,346
1,0.1,101,370
2,0.1,101,754
3,0.1,101,214
1,0.1,101,913
2,0.1,101,993
3,0.1,101,674
1,0.1,101,36
2,0.1,101,127
3,0.1,101,17
1,0.1,101,34
2,0.1,101,170
3,0.1,101,16
1,0.1,101,107
2,0.1,101,319
3,0.1,101,56
1,0.1,101,388
2,0.1,101,640
3,0.1,101,305
1,0.1,101,359
2,0.1,101,509
3,0.1,101,334
1,0.1,101,525
2,0.1,101,772
3,0.1,101,371
1,0.1,101,170
2,0.1,101,436
3,0.1,101,100
1,0.1,101,20
2,0.1,101,108
3,0.1,101,10
1,0.1,101,144
2,0.1,101,358
3,0.1,101,102
1,0.1,101,557
2,0.1,101,835
3,0.1,101,430
1,0.1,101,76
2,0.1,101,182
3,0.1,101,55
1,0.1,101,412
2,0.1,101,639
3,0.1,101,315
1,0.1,101,113
2,0.1,101,345
3,0.1,101,78
1,0.1,101,370
2,0.1,101,844
3,0.1,101,222
1,0.1,101,606
2,0.1,101,987
3,0.1,101,248
1,0.1,101,178
2,0.1,101,462
3,0.1,101,122
1,0.1,101,222
2,0.1,101,392
3,0.1,101,157
1,0.1,101,54
2,0.1,101,168
3,0.1,101,26
1,0.1,101,267
2,0.1,101,587
3,0.1,101,177
1,0.1,201,48
2,0.1,201,452
3,0.1,201,19
1,0.1,201,63
2,0.1,201,242
3,0.1,201,42
1,0.1,201,50
2,0.1,201,260
3,0.1,201,26
1,0.1,201,16
2,0.1,201,53
3,0.1,201,10
1,0.1,201,69
2,0.1,201,387
3,0.1,201,32
1,0.1,201,588
2,0.1,201,842
3,0.1,201,460
1,0.1,201,189
2,0.1,201,415
3,0.1,201,148
1,0.1,201,38
2,0.1,201,156
3,0.1,201,22
1,0.1,201,423
2,0.1,201,720
3,0.1,201,319
1,0.1,201,89
2,0.1,201,198
3,0.1,201,74
1,0.1,201,468
2,0.1,201,1000
3,0.1,201,164
1,0.1,201,39
2,0.1,201,107
3,0.1,201,28
1,0.1,201,64
2,0.1,201,159
3,0.1,201,46
1,0.1,201,210
2,0.1,201,292
3,0.1,201,186
1,0.1,201,94
2,0.1,201,221
3,0.1,201,71
1,0.1,201,724
2,0.1,201,971
3,0.1,201,483
1,0.1,201,540
2,0.1,201,811
3,0.1,201,429
1,0.1,201,210
2,0.1,201,315
3,0.1,201,177
1,0.1,201,5
2,0.1,201,59
3,0.1,201,1
1,0.1,201,45
2,0.1,201,239
3,0.1,201,31
1,0.1,201,323
2,0.1,201,518
3,0.1,201,275
1,0.1,201,67
2,0.1,201,170
3,0.1,201,27
1,0.1,201,144
2,0.1,201,316
3,0.1,201,103
1,0.1,201,84
2,0.1,201,217
3,0.1,201,50
1,0.1,201,368
2,0.1,201,459
3,0.1,201,318
1,0.1,201,90
2,0.1,201,252
3,0.1,201,61
1,0.1,201,249
2,0.1,201,457
3,0.1,201,191
1,0.1,201,266
2,0.1,201,362
3,0.1,201,227
1,0.1,201,220
2,0.1,201,311
3,0.1,201,194
1,0.1,201,35
2,0.1,201,272
3,0.1,201,12
1,0.1,201,45
2,0.1,201,257
3,0.1,201,30
1,0.1,201,764
2,0.1,201,920
3,0.1,201,401
1,0.1,201,23
2,0.1,201,84
3,0.1,201,13
1,0.1,201,35
2,0.1,201,123
3,0.1,201,16
1,0.1,201,60
2,0.1,201,218
3,0.1,201,46
1,0.1,201,94
2,0.1,201,162
3,0.1,201,83
1,0.1,201,350
2,0.1,201,586
3,0.1,201,283
1,0.1,201,17
2,0.1,201,42
3,0.1,201,9
1,0.1,201,119
2,0.1,201,406
3,0.1,201,58
1,0.1,201,23
2,0.1,201,32
3,0.1,201,16
1,0.1,201,69
2,0.1,201,131
3,0.1,201,50
1,0.1,201,132
2,0.1,201,291
3,0.1,201,87
1,0.1,201,412
2,0.1,201,766
3,0.1,201,288
1,0.1,201,67
2,0.1,201,169
3,0.1,201,49
1,0.1,201,240
2,0.1,201,369
3,0.1,201,209
1,0.1,201,319
2,0.1,201,696
3,0.1,201,194
1,0.1,201,31
2,0.1,201,93
3,0.1,201,19
1,0.1,201,475
2,0.1,201,782
3,0.1,201,293
1,0.1,201,43
2,0.1,201,145
3,0.1,201,23
1,0.1,201,68
2,0.1,201,165
3,0.1,201,50
1,0.1,201,33
2,0.1,201,93
3,0.1,201,20
1,0.1,201,5
2,0.1,201,35
3,0.1,201,4
1,0.1,201,100
2,0.1,201,326
3,0.1,201,48
1,0.1,201,208
2,0.1,201,870
3,0.1,201,97
1,0.1,201,169
2,0.1,201,316
3,0.1,201,135
1,0.1,201,143
2,0.1,201,250
3,0.1,201,117
1,0.1,201,56
2,0.1,201,156
3,0.1,201,39
1,0.1,201,163
2,0.1,201,324
3,0.1,201,114
1,0.1,201,245
2,0.1,201,587
3,0.1,201,157
1,0.1,201,51
2,0.1,201,128
3,0.1,201,32
1,0.1,201,136
2,0.1,201,293
3,0.1,201,97
1,0.1,201,0
2,0.1,201,0
3,0.1,201,0
1,0.1,201,499
2,0.1,201,773
3,0.1,201,343
1,0.1,201,91
2,0.1,201,141
3,0.1,201,77
1,0.1,201,12
2,0.1,201,19
3,0.1,201,7
1,0.1,201,37
2,0.1,201,130
3,0.1,201,26
1,0.1,201,132
2,0.1,201,376
3,0.1,201,84
1,0.1,201,324
2,0.1,201,602
3,0.1,201,220
1,0.1,201,147
2,0.1,201,446
3,0.1,201,90
1,0.1,201,492
2,0.1,201,566
3,0.1,201,452
1,0.1,201,98
2,0.1,201,278
3,0.1,201,62
1,0.1,201,612
2,0.1,201,842
3,0.1,201,460
1,0.1,201,76
2,0.1,201,248
3,0.1,201,41
1,0.1,201,82
2,0.1,201,291
3,0.1,201,49
1,0.1,201,308
2,0.1,201,855
3,0.1,201,174
1,0.1,201,32
2,0.1,201,58
3,0.1,201,26
1,0.1,201,172
2,0.1,201,645
3,0.1,201,92
1,0.1,201,42
2,0.1,201,106
3,0.1,201,31
1,0.1,201,390
2,0.1,201,651
3,0.1,201,296
1,0.1,201,861
2,0.1,201,1000
3,0.1,201,568
1,0.1,201,89
2,0.1,201,171
3,0.1,201,66
1,0.1,201,28
2,0.1,201,127
3,0.1,201,14
1,0.1,201,52
2,0.1,201,225
3,0.1,201,25
1,0.1,201,20
2,0.1,201,93
3,0.1,201,9
1,0.1,201,495
2,0.1,201,771
3,0.1,201,411
1,0.1,201,152
2,0.1,201,212
3,0.1,201,133
1,0.1,201,477
2,0.1,201,829
3,0.1,201,337
1,0.1,201,51
2,0.1,201,130
3,0.1,201,36
1,0.1,201,39
2,0.1,201,187
3,0.1,201,17
1,0.1,201,36
2,0.1,201,109
3,0.1,201,22
1,0.1,201,803
2,0.1,201,883
3,0.1,201,753
1,0.1,201,42
2,0.1,201,78
3,0.1,201,32
1,0.1,201,155
2,0.1,201,343
3,0.1,201,118
1,0.1,201,36
2,0.1,201,88
3,0.1,201,21
1,0.1,201,32
2,0.1,201,99
3,0.1,201,18
1,0.1,201,458
2,0.1,201,935
3,0.1,201,268
1,0.1,201,22
2,0.1,201,90
3,0.1,201,15
1,0.1,201,91
2,0.1,201,177
3,0.1,201,62
1,0.1,201,19
2,0.1,201,36
3,0.1,201,9
1,0.1,201,94
2,0.1,201,124
3,0.1,201,80
1,0.2,11,101
2,0.2,11,307
3,0.2,11,46
1,0.2,11,36
2,0.2,11,134
3,0.2,11,20
1,0.2,11,159
2,0.2,11,379
3,0.2,11,86
1,0.2,11,120
2,0.2,11,331
3,0.2,11,71
1,0.2,11,151
2,0.2,11,345
3,0.2,11,82
1,0.2,11,205
2,0.2,11,380
3,0.2,11,162
1,0.2,11,45
2,0.2,11,145
3,0.2,11,30
1,0.2,11,28
2,0.2,11,111
3,0.2,11,15
1,0.2,11,164
2,0.2,11,367
3,0.2,11,118
1,0.2,11,73
2,0.2,11,184
3,0.2,11,44
1,0.2,11,98
2,0.2,11,202
3,0.2,11,54
1,0.2,11,23
2,0.2,11,99
3,0.2,11,11
1,0.2,11,133
2,0.2,11,253
3,0.2,11,83
1,0.2,11,63
2,0.2,11,168
3,0.2,11,35
1,0.2,11,114
2,0.2,11,284
3,0.2,11,71
1,0.2,11,521
2,0.2,11,652
3,0.2,11,471
1,0.2,11,32
2,0.2,11,121
3,0.2,11,14
1,0.2,11,75
2,0.2,11,197
3,0.2,11,52
1,0.2,11,74
2,0.2,11,214
3,0.2,11,42
1,0.2,11,68
2,0.2,11,233
3,0.2,11,35
1,0.2,11,244
2,0.2,11,448
3,0.2,11,192
1,0.2,11,78
2,0.2,11,245
3,0.2,11,48
1,0.2,11,40
2,0.2,11,143
3,0.2,11,25
1,0.2,11,39
2,0.2,11,124
3,0.2,11,23
1,0.2,11,332
2,0.2,11,476
3,0.2,11,279
1,0.2,11,50
2,0.2,11,121
3,0.2,11,16
1,0.2,11,101
2,0.2,11,284
3,0.2,11,57
1,0.2,11,72
2,0.2,11,280
3,0.2,11,40
1,0.2,11,92
2,0.2,11,254
3,0.2,11,64
1,0.2,11,48
2,0.2,11,154
3,0.2,11,24
1,0.2,11,92
2,0.2,11,215
3,0.2,11,61
1,0.2,11,16
2,0.2,11,79
3,0.2,11,4
1,0.2,11,9
2,0.2,11,60
3,0.2,11,3
1,0.2,11,63
2,0.2,11,171
3,0.2,11,38
1,0.2,11,50
2,0.2,11,146
3,0.2,11,26
1,0.2,11,545
2,0.2,11,730
3,0.2,11,467
1,0.2,11,53
2,0.2,11,197
3,0.2,11,28
1,0.2,11,132
2,0.2,11,294
3,0.2,11,79
1,0.2,11,29
2,0.2,11,136
3,0.2,11,11
1,0.2,11,37
2,0.2,11,130
3,0.2,11,26
1,0.2,11,217
2,0.2,11,408
3,0.2,11,159
1,0.2,11,95
2,0.2,11,211
3,0.2,11,62
1,0.2,11,44
2,0.2,11,151
3,0.2,11,22
1,0.2,11,167
2,0.2,11,375
3,0.2,11,105
1,0.2,11,119
2,0.2,11,363
3,0.2,11,76
1,0.2,11,85
2,0.2,11,251
3,0.2,11,48
1,0.2,11,52
2,0.2,11,204
3,0.2,11,28
1,0.2,11,44
2,0.2,11,158
3,0.2,11,21
1,0.2,11,14
2,0.2,11,60
3,0.2,11,10
1,0.2,11,53
2,0.2,11,219
3,0.2,11,30
1,0.2,11,29
2,0.2,11,114
3,0.2,11,14
1,0.2,11,45
2,0.2,11,158
3,0.2,11,17
1,0.2,11,97
2,0.2,11,267
3,0.2,11,59
1,0.2,11,159
2,0.2,11,373
3,0.2,11,115
1,0.2,11,170
2,0.2,11,374
3,0.2,11,103
1,0.2,11,83
2,0.2,11,247
3,0.2,11,49
1,0.2,11,38
2,0.2,11,153
3,0.2,11,19
1,0.2,11,52
2,0.2,11,212
3,0.2,11,26
1,0.2,11,39
2,0.2,11,136
3,0.2,11,11
1,0.2,11,87
2,0.2,11,263
3,0.2,11,56
1,0.2,11,55
2,0.2,11,168
3,0.2,11,29
1,0.2,11,90
2,0.2,11,204
3,0.2,11,52
1,0.2,11,119
2,0.2,11,327
3,0.2,11,73
1,0.2,11,103
2,0.2,11,209
3,0.2,11,67
1,0.2,11,10
2,0.2,11,46
3,0.2,11,5
1,0.2,11,9
2,0.2,11,42
3,0.2,11,4
1,0.2,11,44
2,0.2,11,195
3,0.2,11,20
1,0.2,11,118
2,0.2,11,291
3,0.2,11,75
1,0.2,11,12
2,0.2,11,53
3,0.2,11,7
1,0.2,11,669
2,0.2,11,840
3,0.2,11,580
1,0.2,11,127
2,0.2,11,262
3,0.2,11,81
1,0.2,11,49
2,0.2,11,182
3,0.2,11,22
1,0.2,11,52
2,0.2,11,185
3,0.2,11,31
1,0.2,11,68
2,0.2,11,183
3,0.2,11,34
1,0.2,11,39
2,0.2,11,98
3,0.2,11,19
1,0.2,11,283
2,0.2,11,471
3,0.2,11,222
1,0.2,11,72
2,0.2,11,258
3,0.2,11,31
1,0.2,11,52
2,0.2,11,158
3,0.2,11,32
1,0.2,11,308
2,0.2,11,494
3,0.2,11,248
1,0.2,11,104
2,0.2,11,285
3,0.2,11,54
1,0.2,11,115
2,0.2,11,291
3,0.2,11,72
1,0.2,11,62
2,0.2,11,205
3,0.2,11,42
1,0.2,11,57
2,0.2,11,181
3,0.2,11,35
1,0.2,11,25
2,0.2,11,129
3,0.2,11,11
1,0.2,11,73
2,0.2,11,155
3,0.2,11,47
1,0.2,11,182
2,0.2,11,377
3,0.2,11,108
1,0.2,11,40
2,0.2,11,112
3,0.2,11,28
1,0.2,11,15
2,0.2,11,115
3,0.2,11,8
1,0.2,11,54
2,0.2,11,154
3,0.2,11,29
1,0.2,11,2
2,0.2,11,59
3,0.2,11,0
1,0.2,11,61
2,0.2,11,145
3,0.2,11,46
1,0.2,11,35
2,0.2,11,129
3,0.2,11,20
1,0.2,11,158
2,0.2,11,344
3,0.2,11,105
1,0.2,11,30
2,0.2,11,142
3,0.2,11,15
1,0.2,11,74
2,0.2,11,201
3,0.2,11,48
1,0.2,11,207
2,0.2,11,478
3,0.2,11,131
1,0.2,11,23
2,0.2,11,104
3,0.2,11,13
1,0.2,11,72
2,0.2,11,164
3,0.2,11,43
1,0.2,11,23
2,0.2,11,71
3,0.2,11,8
1,0.2,11,132
2,0.2,11,283
3,0.2,11,70
1,0.2,21,59
2,0.2,21,199
3,0.2,21,27
1,0.2,21,19
2,0.2,21,98
3,0.2,21,11
1,0.2,21,92
2,0.2,21,298
3,0.2,21,61
1,0.2,21,99
2,0.2,21,305
3,0.2,21,49
1,0.2,21,298
2,0.2,21,667
3,0.2,21,160
1,0.2,21,48
2,0.2,21,208
3,0.2,21,23
1,0.2,21,143
2,0.2,21,385
3,0.2,21,92
1,0.2,21,16
2,0.2,21,82
3,0.2,21,9
1,0.2,21,164
2,0.2,21,376
3,0.2,21,95
1,0.2,21,39
2,0.2,21,93
3,0.2,21,26
1,0.2,21,213
2,0.2,21,404
3,0.2,21,149
1,0.2,21,113
2,0.2,21,272
3,0.2,21,65
1,0.2,21,97
2,0.2,21,315
3,0.2,21,50
1,0.2,21,126
2,0.2,21,320
3,0.2,21,77
1,0.2,21,146
2,0.2,21,367
3,0.2,21,88
1,0.2,21,225
2,0.2,21,414
3,0.2,21,197
1,0.2,21,73
2,0.2,21,141
3,0.2,21,54
1,0.2,21,84
2,0.2,21,226
3,0.2,21,47
1,0.2,21,17
2,0.2,21,140
3,0.2,21,7
1,0.2,21,57
2,0.2,21,191
3,0.2,21,30
1,0.2,21,65
2,0.2,21,173
3,0.2,21,51
1,0.2,21,85
2,0.2,21,257
3,0.2,21,52
1,0.2,21,46
2,0.2,21,168
3,0.2,21,31
1,0.2,21,43
2,0.2,21,175
3,0.2,21,22
1,0.2,21,151
2,0.2,21,274
3,0.2,21,113
1,0.2,21,75
2,0.2,21,237
3,0.2,21,33
1,0.2,21,42
2,0.2,21,195
3,0.2,21,22
1,0.2,21,24
2,0.2,21,175
3,0.2,21,8
1,0.2,21,48
2,0.2,21,140
3,0.2,21,20
1,0.2,21,63
2,0.2,21,227
3,0.2,21,29
1,0.2,21,34
2,0.2,21,145
3,0.2,21,13
1,0.2,21,13
2,0.2,21,66
3,0.2,21,6
1,0.2,21,44
2,0.2,21,140
3,0.2,21,24
1,0.2,21,82
2,0.2,21,311
3,0.2,21,49
1,0.2,21,20
2,0.2,21,92
3,0.2,21,10
1,0.2,21,213
2,0.2,21,376
3,0.2,21,176
1,0.2,21,127
2,0.2,21,298
3,0.2,21,75
1,0.2,21,37
2,0.2,21,184
3,0.2,21,18
1,0.2,21,29
2,0.2,21,110
3,0.2,21,16
1,0.2,21,53
2,0.2,21,244
3,0.2,21,35
1,0.2,21,162
2,0.2,21,348
3,0.2,21,101
1,0.2,21,50
2,0.2,21,169
3,0.2,21,27
1,0.2,21,22
2,0.2,21,59
3,0.2,21,15
1,0.2,21,187
2,0.2,21,465
3,0.2,21,100
1,0.2,21,100
2,0.2,21,277
3,0.2,21,74
1,0.2,21,81
2,0.2,21,273
3,0.2,21,48
1,0.2,21,70
2,0.2,21,274
3,0.2,21,33
1,0.2,21,146
2,0.2,21,327
3,0.2,21,94
1,0.2,21,6
2,0.2,21,51
3,0.2,21,3
1,0.2,21,16
2,0.2,21,94
3,0.2,21,7
1,0.2,21,37
2,0.2,21,105
3,0.2,21,18
1,0.2,21,52
2,0.2,21,209
3,0.2,21,27
1,0.2,21,29
2,0.2,21,156
3,0.2,21,12
1,0.2,21,107
2,0.2,21,275
3,0.2,21,77
1,0.2,21,32
2,0.2,21,170
3,0.2,21,19
1,0.2,21,102
2,0.2,21,253
3,0.2,21,56
1,0.2,21,86
2,0.2,21,233
3,0.2,21,60
1,0.2,21,32
2,0.2,21,125
3,0.2,21,14
1,0.2,21,17
2,0.2,21,94
3,0.2,21,9
1,0.2,21,180
2,0.2,21,419
3,0.2,21,118
1,0.2,21,87
2,0.2,21,259
3,0.2,21,50
1,0.2,21,104
2,0.2,21,260
3,0.2,21,55
1,0.2,21,116
2,0.2,21,281
3,0.2,21,74
1,0.2,21,354
2,0.2,21,617
3,0.2,21,246
1,0.2,21,7
2,0.2,21,33
3,0.2,21,3
1,0.2,21,14
2,0.2,21,77
3,0.2,21,9
1,0.2,21,154
2,0.2,21,349
3,0.2,21,90
1,0.2,21,143
2,0.2,21,343
3,0.2,21,82
1,0.2,21,50
2,0.2,21,162
3,0.2,21,22
1,0.2,21,751
2,0.2,21,893
3,0.2,21,692
1,0.2,21,303
2,0.2,21,541
3,0.2,21,224
1,0.2,21,89
2,0.2,21,258
3,0.2,21,46
1,0.2,21,70
2,0.2,21,266
3,0.2,21,39
1,0.2,21,49
2,0.2,21,167
3,0.2,21,27
1,0.2,21,54
2,0.2,21,171
3,0.2,21,40
1,0.2,21,169
2,0.2,21,342
3,0.2,21,113
1,0.2,21,110
2,0.2,21,358
3,0.2,21,65
1,0.2,21,41
2,0.2,21,188
3,0.2,21,17
1,0.2,21,89
2,0.2,21,261
3,0.2,21,44
1,0.2,21,113
2,0.2,21,298
3,0.2,21,71
1,0.2,21,294
2,0.2,21,577
3,0.2,21,181
1,0.2,21,9
2,0.2,21,75
3,0.2,21,6
1,0.2,21,11
2,0.2,21,65
3,0.2,21,4
1,0.2,21,16
2,0.2,21,102
3,0.2,21,6
1,0.2,21,276
2,0.2,21,409
3,0.2,21,216
1,0.2,21,31
2,0.2,21,76
3,0.2,21,21
1,0.2,21,100
2,0.2,21,351
3,0.2,21,53
1,0.2,21,5
2,0.2,21,45
3,0.2,21,2
1,0.2,21,39
2,0.2,21,160
3,0.2,21,14
1,0.2,21,13
2,0.2,21,71
3,0.2,21,4
1,0.2,21,69
2,0.2,21,222
3,0.2,21,41
1,0.2,21,23
2,0.2,21,96
3,0.2,21,7
1,0.2,21,37
2,0.2,21,171
3,0.2,21,22
1,0.2,21,50
2,0.2,21,138
3,0.2,21,30
1,0.2,21,96
2,0.2,21,269
3,0.2,21,49
1,0.2,21,243
2,0.2,21,483
3,0.2,21,159
1,0.2,21,26
2,0.2,21,107
3,0.2,21,16
1,0.2,21,123
2,0.2,21,300
3,0.2,21,72
1,0.2,21,41
2,0.2,21,247
3,0.2,21,23
1,0.2,21,236
2,0.2,21,473
3,0.2,21,135
1,0.2,41,99
2,0.2,41,280
3,0.2,41,57
1,0.2,41,73
2,0.2,41,249
3,0.2,41,41
1,0.2,41,46
2,0.2,41,233
3,0.2,41,25
1,0.2,41,200
2,0.2,41,578
3,0.2,41,125
1,0.2,41,229
2,0.2,41,773
3,0.2,41,102
1,0.2,41,220
2,0.2,41,371
3,0.2,41,189
1,0.2,41,51
2,0.2,41,182
3,0.2,41,28
1,0.2,41,29
2,0.2,41,109
3,0.2,41,18
1,0.2,41,378
2,0.2,41,740
3,0.2,41,252
1,0.2,41,89
2,0.2,41,200
3,0.2,41,64
1,0.2,41,664
2,0.2,41,880
3,0.2,41,515
1,0.2,41,30
2,0.2,41,154
3,0.2,41,22
1,0.2,41,226
2,0.2,41,504
3,0.2,41,150
1,0.2,41,157
2,0.2,41,392
3,0.2,41,89
1,0.2,41,428
2,0.2,41,679
3,0.2,41,341
1,0.2,41,477
2,0.2,41,656
3,0.2,41,377
1,0.2,41,67
2,0.2,41,206
3,0.2,41,48
1,0.2,41,71
2,0.2,41,175
3,0.2,41,52
1,0.2,41,40
2,0.2,41,165
3,0.2,41,18
1,0.2,41,102
2,0.2,41,298
3,0.2,41,68
1,0.2,41,438
2,0.2,41,767
3,0.2,41,339
1,0.2,41,142
2,0.2,41,293
3,0.2,41,78
1,0.2,41,26
2,0.2,41,163
3,0.2,41,9
1,0.2,41,103
2,0.2,41,308
3,0.2,41,67
1,0.2,41,177
2,0.2,41,390
3,0.2,41,119
1,0.2,41,61
2,0.2,41,238
3,0.2,41,37
1,0.2,41,108
2,0.2,41,286
3,0.2,41,76
1,0.2,41,24
2,0.2,41,96
3,0.2,41,17
1,0.2,41,76
2,0.2,41,204
3,0.2,41,46
1,0.2,41,80
2,0.2,41,258
3,0.2,41,45
1,0.2,41,261
2,0.2,41,490
3,0.2,41,183
1,0.2,41,8
2,0.2,41,63
3,0.2,41,5
1,0.2,41,223
2,0.2,41,438
3,0.2,41,140
1,0.2,41,69
2,0.2,41,262
3,0.2,41,37
1,0.2,41,95
2,0.2,41,306
3,0.2,41,55
1,0.2,41,292
2,0.2,41,450
3,0.2,41,244
1,0.2,41,101
2,0.2,41,231
3,0.2,41,71
1,0.2,41,115
2,0.2,41,302
3,0.2,41,74
1,0.2,41,10
2,0.2,41,95
3,0.2,41,4
1,0.2,41,109
2,0.2,41,334
3,0.2,41,53
1,0.2,41,142
2,0.2,41,337
3,0.2,41,76
1,0.2,41,205
2,0.2,41,462
3,0.2,41,127
1,0.2,41,58
2,0.2,41,197
3,0.2,41,39
1,0.2,41,223
2,0.2,41,652
3,0.2,41,116
1,0.2,41,259
2,0.2,41,495
3,0.2,41,196
1,0.2,41,181
2,0.2,41,423
3,0.2,41,117
1,0.2,41,33
2,0.2,41,129
3,0.2,41,17
1,0.2,41,331
2,0.2,41,616
3,0.2,41,242
1,0.2,41,30
2,0.2,41,108
3,0.2,41,15
1,0.2,41,33
2,0.2,41,212
3,0.2,41,15
1,0.2,41,55
2,0.2,41,162
3,0.2,41,28
1,0.2,41,12
2,0.2,41,81
3,0.2,41,8
1,0.2,41,54
2,0.2,41,213
3,0.2,41,35
1,0.2,41,82
2,0.2,41,213
3,0.2,41,53
1,0.2,41,142
2,0.2,41,295
3,0.2,41,94
1,0.2,41,111
2,0.2,41,285
3,0.2,41,78
1,0.2,41,206
2,0.2,41,619
3,0.2,41,152
1,0.2,41,35
2,0.2,41,143
3,0.2,41,21
1,0.2,41,7
2,0.2,41,62
3,0.2,41,4
1,0.2,41,206
2,0.2,41,366
3,0.2,41,150
1,0.2,41,146
2,0.2,41,335
3,0.2,41,106
1,0.2,41,102
2,0.2,41,260
3,0.2,41,61
1,0.2,41,127
2,0.2,41,409
3,0.2,41,79
1,0.2,41,496
2,0.2,41,691
3,0.2,41,389
1,0.2,41,61
2,0.2,41,199
3,0.2,41,29
1,0.2,41,84
2,0.2,41,221
3,0.2,41,59
1,0.2,41,128
2,0.2,41,317
3,0.2,41,77
1,0.2,41,282
2,0.2,41,510
3,0.2,41,202
1,0.2,41,58
2,0.2,41,272
3,0.2,41,25
1,0.2,41,899
2,0.2,41,955
3,0.2,41,817
1,0.2,41,279
2,0.2,41,583
3,0.2,41,198
1,0.2,41,47
2,0.2,41,254
3,0.2,41,29
1,0.2,41,69
2,0.2,41,241
3,0.2,41,41
1,0.2,41,196
2,0.2,41,499
3,0.2,41,116
1,0.2,41,99
2,0.2,41,391
3,0.2,41,52
1,0.2,41,222
2,0.2,41,608
3,0.2,41,145
1,0.2,41,31
2,0.2,41,140
3,0.2,41,9
1,0.2,41,74
2,0.2,41,275
3,0.2,41,50
1,0.2,41,294
2,0.2,41,404
3,0.2,41,258
1,0.2,41,95
2,0.2,41,288
3,0.2,41,64
1,0.2,41,319
2,0.2,41,597
3,0.2,41,200
1,0.2,41,11
2,0.2,41,90
3,0.2,41,3
1,0.2,41,6
2,0.2,41,64
3,0.2,41,1
1,0.2,41,12
2,0.2,41,114
3,0.2,41,4
1,0.2,41,340
2,0.2,41,567
3,0.2,41,233
1,0.2,41,68
2,0.2,41,227
3,0.2,41,38
1,0.2,41,182
2,0.2,41,427
3,0.2,41,111
1,0.2,41,43
2,0.2,41,193
3,0.2,41,17
1,0.2,41,45
2,0.2,41,147
3,0.2,41,29
1,0.2,41,15
2,0.2,41,68
3,0.2,41,8
1,0.2,41,181
2,0.2,41,336
3,0.2,41,132
1,0.2,41,30
2,0.2,41,180
3,0.2,41,17
1,0.2,41,147
2,0.2,41,325
3,0.2,41,101
1,0.2,41,45
2,0.2,41,154
3,0.2,41,25
1,0.2,41,77
2,0.2,41,237
3,0.2,41,45
1,0.2,41,301
2,0.2,41,568
3,0.2,41,216
1,0.2,41,44
2,0.2,41,183
3,0.2,41,27
1,0.2,41,145
2,0.2,41,282
3,0.2,41,96
1,0.2,41,42
2,0.2,41,132
3,0.2,41,19
1,0.2,41,135
2,0.2,41,365
3,0.2,41,92
1,0.2,81,43
2,0.2,81,287
3,0.2,81,19
1,0.2,81,39
2,0.2,81,168
3,0.2,81,26
1,0.2,81,36
2,0.2,81,183
3,0.2,81,16
1,0.2,81,676
2,0.2,81,948
3,0.2,81,477
1,0.2,81,14
2,0.2,81,166
3,0.2,81,5
1,0.2,81,197
2,0.2,81,312
3,0.2,81,166
1,0.2,81,98
2,0.2,81,233
3,0.2,81,60
1,0.2,81,109
2,0.2,81,244
3,0.2,81,80
1,0.2,81,257
2,0.2,81,590
3,0.2,81,171
1,0.2,81,90
2,0.2,81,215
3,0.2,81,60
1,0.2,81,773
2,0.2,81,942
3,0.2,81,648
1,0.2,81,33
2,0.2,81,153
3,0.2,81,17
1,0.2,81,77
2,0.2,81,179
3,0.2,81,50
1,0.2,81,125
2,0.2,81,314
3,0.2,81,88
1,0.2,81,131
2,0.2,81,275
3,0.2,81,106
1,0.2,81,119
2,0.2,81,199
3,0.2,81,101
1,0.2,81,168
2,0.2,81,284
3,0.2,81,140
1,0.2,81,181
2,0.2,81,282
3,0.2,81,149
1,0.2,81,47
2,0.2,81,204
3,0.2,81,21
1,0.2,81,206
2,0.2,81,402
3,0.2,81,160
1,0.2,81,288
2,0.2,81,572
3,0.2,81,208
1,0.2,81,346
2,0.2,81,673
3,0.2,81,251
1,0.2,81,20
2,0.2,81,91
3,0.2,81,12
1,0.2,81,77
2,0.2,81,202
3,0.2,81,49
1,0.2,81,333
2,0.2,81,569
3,0.2,81,271
1,0.2,81,95
2,0.2,81,284
3,0.2,81,56
1,0.2,81,145
2,0.2,81,327
3,0.2,81,121
1,0.2,81,22
2,0.2,81,98
3,0.2,81,12
1,0.2,81,206
2,0.2,81,485
3,0.2,81,139
1,0.2,81,87
2,0.2,81,242
3,0.2,81,57
1,0.2,81,210
2,0.2,81,350
3,0.2,81,181
1,0.2,81,32
2,0.2,81,244
3,0.2,81,11
1,0.2,81,45
2,0.2,81,202
3,0.2,81,25
1,0.2,81,100
2,0.2,81,383
3,0.2,81,56
1,0.2,81,64
2,0.2,81,185
3,0.2,81,30
1,0.2,81,223
2,0.2,81,372
3,0.2,81,170
1,0.2,81,223
2,0.2,81,629
3,0.2,81,134
1,0.2,81,72
2,0.2,81,220
3,0.2,81,45
1,0.2,81,18
2,0.2,81,95
3,0.2,81,10
1,0.2,81,123
2,0.2,81,266
3,0.2,81,80
1,0.2,81,75
2,0.2,81,218
3,0.2,81,53
1,0.2,81,340
2,0.2,81,554
3,0.2,81,272
1,0.2,81,86
2,0.2,81,242
3,0.2,81,63
1,0.2,81,131
2,0.2,81,371
3,0.2,81,68
1,0.2,81,40
2,0.2,81,176
3,0.2,81,27
1,0.2,81,124
2,0.2,81,302
3,0.2,81,80
1,0.2,81,18
2,0.2,81,88
3,0.2,81,15
1,0.2,81,169
2,0.2,81,401
3,0.2,81,107
1,0.2,81,39
2,0.2,81,223
3,0.2,81,23
1,0.2,81,81
2,0.2,81,221
3,0.2,81,51
1,0.2,81,88
2,0.2,81,288
3,0.2,81,96
1,0.2,81,112
2,0.2,81,381
3,0.2,81,77
1,0.2,81,69
2,0.2,81,234
3,0.2,81,44
1,0.2,81,94
2,0.2,81,260
3,0.2,81,62
1,0.2,81,183
2,0.2,81,490
3,0.2,81,129
1,0.2,81,95
2,0.2,81,338
3,0.2,81,65
1,0.2,81,208
2,0.2,81,583
3,0.2,81,109
1,0.2,81,56
2,0.2,81,215
3,0.2,81,32
1,0.2,81,32
2,0.2,81,102
3,0.2,81,14
1,0.2,81,85
2,0.2,81,201
3,0.2,81,56
1,0.2,81,73
2,0.2,81,141
3,0.2,81,58
1,0.2,81,90
2,0.2,81,231
3,0.2,81,67
1,0.2,81,200
2,0.2,81,375
3,0.2,81,163
1,0.2,81,389
2,0.2,81,715
3,0.2,81,261
1,0.2,81,65
2,0.2,81,188
3,0.2,81,46
1,0.2,81,143
2,0.2,81,373
3,0.2,81,105
1,0.2,81,29
2,0.2,81,103
3,0.2,81,17
1,0.2,81,175
2,0.2,81,470
3,0.2,81,121
1,0.2,81,94
2,0.2,81,276
3,0.2,81,54
1,0.2,81,343
2,0.2,81,764
3,0.2,81,217
1,0.2,81,176
2,0.2,81,473
3,0.2,81,136
1,0.2,81,101
2,0.2,81,302
3,0.2,81,60
1,0.2,81,135
2,0.2,81,376
3,0.2,81,99
1,0.2,81,69
2,0.2,81,268
3,0.2,81,40
1,0.2,81,70
2,0.2,81,180
3,0.2,81,45
1,0.2,81,139
2,0.2,81,256
3,0.2,81,104
1,0.2,81,39
2,0.2,81,135
3,0.2,81,17
1,0.2,81,74
2,0.2,81,257
3,0.2,81,46
1,0.2,81,319
2,0.2,81,521
3,0.2,81,265
1,0.2,81,167
2,0.2,81,463
3,0.2,81,99
1,0.2,81,203
2,0.2,81,531
3,0.2,81,99
1,0.2,81,6
2,0.2,81,49
3,0.2,81,2
1,0.2,81,2
2,0.2,81,67
3,0.2,81,1
1,0.2,81,29
2,0.2,81,207
3,0.2,81,16
1,0.2,81,330
2,0.2,81,560
3,0.2,81,265
1,0.2,81,113
2,0.2,81,208
3,0.2,81,89
1,0.2,81,263
2,0.2,81,558
3,0.2,81,163
1,0.2,81,71
2,0.2,81,219
3,0.2,81,52
1,0.2,81,58
2,0.2,81,105
3,0.2,81,45
1,0.2,81,49
2,0.2,81,236
3,0.2,81,31
1,0.2,81,185
2,0.2,81,375
3,0.2,81,140
1,0.2,81,41
2,0.2,81,191
3,0.2,81,22
1,0.2,81,151
2,0.2,81,403
3,0.2,81,101
1,0.2,81,8
2,0.2,81,58
3,0.2,81,4
1,0.2,81,79
2,0.2,81,263
3,0.2,81,62
1,0.2,81,432
2,0.2,81,664
3,0.2,81,352
1,0.2,81,91
2,0.2,81,385
3,0.2,81,58
1,0.2,81,273
2,0.2,81,591
3,0.2,81,183
1,0.2,81,86
2,0.2,81,313
3,0.2,81,40
1,0.2,81,84
2,0.2,81,273
3,0.2,81,63
1,0.2,101,27
2,0.2,101,125
3,0.2,101,15
1,0.2,101,29
2,0.2,101,117
3,0.2,101,17
1,0.2,101,221
2,0.2,101,516
3,0.2,101,127
1,0.2,101,25
2,0.2,101,77
3,0.2,101,11
1,0.2,101,120
2,0.2,101,468
3,0.2,101,48
1,0.2,101,251
2,0.2,101,509
3,0.2,101,181
1,0.2,101,201
2,0.2,101,604
3,0.2,101,125
1,0.2,101,161
2,0.2,101,416
3,0.2,101,103
1,0.2,101,198
2,0.2,101,389
3,0.2,101,150
1,0.2,101,151
2,0.2,101,215
3,0.2,101,140
1,0.2,101,72
2,0.2,101,177
3,0.2,101,48
1,0.2,101,22
2,0.2,101,109
3,0.2,101,12
1,0.2,101,143
2,0.2,101,419
3,0.2,101,75
1,0.2,101,50
2,0.2,101,135
3,0.2,101,35
1,0.2,101,208
2,0.2,101,450
3,0.2,101,136
1,0.2,101,301
2,0.2,101,491
3,0.2,101,223
1,0.2,101,67
2,0.2,101,152
3,0.2,101,51
1,0.2,101,171
2,0.2,101,268
3,0.2,101,138
1,0.2,101,14
2,0.2,101,55
3,0.2,101,10
1,0.2,101,108
2,0.2,101,341
3,0.2,101,65
1,0.2,101,123
2,0.2,101,236
3,0.2,101,99
1,0.2,101,212
2,0.2,101,547
3,0.2,101,147
1,0.2,101,82
2,0.2,101,254
3,0.2,101,58
1,0.2,101,113
2,0.2,101,262
3,0.2,101,82
1,0.2,101,52
2,0.2,101,201
3,0.2,101,39
1,0.2,101,95
2,0.2,101,335
3,0.2,101,50
1,0.2,101,37
2,0.2,101,155
3,0.2,101,26
1,0.2,101,436
2,0.2,101,823
3,0.2,101,302
1,0.2,101,279
2,0.2,101,473
3,0.2,101,229
1,0.2,101,60
2,0.2,101,180
3,0.2,101,35
1,0.2,101,83
2,0.2,101,246
3,0.2,101,62
1,0.2,101,39
2,0.2,101,161
3,0.2,101,26
1,0.2,101,43
2,0.2,101,102
3,0.2,101,19
1,0.2,101,76
2,0.2,101,150
3,0.2,101,52
1,0.2,101,101
2,0.2,101,317
3,0.2,101,75
1,0.2,101,71
2,0.2,101,148
3,0.2,101,56
1,0.2,101,97
2,0.2,101,175
3,0.2,101,70
1,0.2,101,115
2,0.2,101,276
3,0.2,101,84
1,0.2,101,56
2,0.2,101,210
3,0.2,101,32
1,0.2,101,197
2,0.2,101,376
3,0.2,101,152
1,0.2,101,252
2,0.2,101,495
3,0.2,101,200
1,0.2,101,131
2,0.2,101,226
3,0.2,101,113
1,0.2,101,91
2,0.2,101,233
3,0.2,101,65
1,0.2,101,72
2,0.2,101,154
3,0.2,101,50
1,0.2,101,95
2,0.2,101,240
3,0.2,101,75
1,0.2,101,190
2,0.2,101,460
3,0.2,101,136
1,0.2,101,160
2,0.2,101,306
3,0.2,101,130
1,0.2,101,313
2,0.2,101,614
3,0.2,101,227
1,0.2,101,167
2,0.2,101,463
3,0.2,101,89
1,0.2,101,279
2,0.2,101,672
3,0.2,101,159
1,0.2,101,26
2,0.2,101,163
3,0.2,101,15
1,0.2,101,89
2,0.2,101,264
3,0.2,101,64
1,0.2,101,59
2,0.2,101,149
3,0.2,101,39
1,0.2,101,122
2,0.2,101,327
3,0.2,101,86
1,0.2,101,151
2,0.2,101,353
3,0.2,101,99
1,0.2,101,123
2,0.2,101,342
3,0.2,101,93
1,0.2,101,113
2,0.2,101,337
3,0.2,101,76
1,0.2,101,32
2,0.2,101,147
3,0.2,101,22
1,0.2,101,152
2,0.2,101,336
3,0.2,101,116
1,0.2,101,472
2,0.2,101,827
3,0.2,101,302
1,0.2,101,71
2,0.2,101,174
3,0.2,101,51
1,0.2,101,52
2,0.2,101,216
3,0.2,101,24
1,0.2,101,461
2,0.2,101,862
3,0.2,101,314
1,0.2,101,100
2,0.2,101,320
3,0.2,101,67
1,0.2,101,106
2,0.2,101,280
3,0.2,101,68
1,0.2,101,238
2,0.2,101,583
3,0.2,101,148
1,0.2,101,86
2,0.2,101,268
3,0.2,101,62
1,0.2,101,151
2,0.2,101,287
3,0.2,101,133
1,0.2,101,68
2,0.2,101,271
3,0.2,101,107
1,0.2,101,565
2,0.2,101,667
3,0.2,101,540
1,0.2,101,123
2,0.2,101,262
3,0.2,101,84
1,0.2,101,265
2,0.2,101,466
3,0.2,101,202
1,0.2,101,98
2,0.2,101,239
3,0.2,101,73
1,0.2,101,59
2,0.2,101,136
3,0.2,101,42
1,0.2,101,122
2,0.2,101,316
3,0.2,101,84
1,0.2,101,212
2,0.2,101,358
3,0.2,101,181
1,0.2,101,229
2,0.2,101,716
3,0.2,101,112
1,0.2,101,123
2,0.2,101,215
3,0.2,101,95
1,0.2,101,126
2,0.2,101,219
3,0.2,101,107
1,0.2,101,110
2,0.2,101,230
3,0.2,101,85
1,0.2,101,244
2,0.2,101,481
3,0.2,101,194
1,0.2,101,23
2,0.2,101,138
3,0.2,101,12
1,0.2,101,22
2,0.2,101,100
3,0.2,101,11
1,0.2,101,17
2,0.2,101,128
3,0.2,101,7
1,0.2,101,67
2,0.2,101,171
3,0.2,101,45
1,0.2,101,860
2,0.2,101,986
3,0.2,101,727
1,0.2,101,139
2,0.2,101,284
3,0.2,101,107
1,0.2,101,65
2,0.2,101,125
3,0.2,101,53
1,0.2,101,28
2,0.2,101,94
3,0.2,101,16
1,0.2,101,112
2,0.2,101,317
3,0.2,101,88
1,0.2,101,246
2,0.2,101,374
3,0.2,101,200
1,0.2,101,90
2,0.2,101,252
3,0.2,101,62
1,0.2,101,155
2,0.2,101,270
3,0.2,101,116
1,0.2,101,30
2,0.2,101,99
3,0.2,101,22
1,0.2,101,143
2,0.2,101,341
3,0.2,101,97
1,0.2,101,247
2,0.2,101,428
3,0.2,101,199
1,0.2,101,95
2,0.2,101,228
3,0.2,101,70
1,0.2,101,147
2,0.2,101,338
3,0.2,101,103
1,0.2,101,54
2,0.2,101,203
3,0.2,101,33
1,0.2,101,138
2,0.2,101,300
3,0.2,101,105
1,0.2,201,30
2,0.2,201,121
3,0.2,201,19
1,0.2,201,13
2,0.2,201,44
3,0.2,201,7
1,0.2,201,79
2,0.2,201,208
3,0.2,201,50
1,0.2,201,19
2,0.2,201,100
3,0.2,201,9
1,0.2,201,49
2,0.2,201,148
3,0.2,201,39
1,0.2,201,226
2,0.2,201,310
3,0.2,201,216
1,0.2,201,60
2,0.2,201,107
3,0.2,201,56
1,0.2,201,16
2,0.2,201,42
3,0.2,201,14
1,0.2,201,292
2,0.2,201,547
3,0.2,201,251
1,0.2,201,107
2,0.2,201,199
3,0.2,201,88
1,0.2,201,48
2,0.2,201,85
3,0.2,201,37
1,0.2,201,46
2,0.2,201,152
3,0.2,201,28
1,0.2,201,50
2,0.2,201,125
3,0.2,201,33
1,0.2,201,246
2,0.2,201,470
3,0.2,201,189
1,0.2,201,185
2,0.2,201,752
3,0.2,201,98
1,0.2,201,226
2,0.2,201,408
3,0.2,201,154
1,0.2,201,155
2,0.2,201,267
3,0.2,201,125
1,0.2,201,147
2,0.2,201,191
3,0.2,201,143
1,0.2,201,0
2,0.2,201,2
3,0.2,201,0
1,0.2,201,57
2,0.2,201,208
3,0.2,201,38
1,0.2,201,55
2,0.2,201,108
3,0.2,201,48
1,0.2,201,280
2,0.2,201,811
3,0.2,201,131
1,0.2,201,92
2,0.2,201,188
3,0.2,201,76
1,0.2,201,82
2,0.2,201,235
3,0.2,201,54
1,0.2,201,268
2,0.2,201,517
3,0.2,201,213
1,0.2,201,78
2,0.2,201,172
3,0.2,201,78
1,0.2,201,54
2,0.2,201,156
3,0.2,201,39
1,0.2,201,574
2,0.2,201,896
3,0.2,201,461
1,0.2,201,370
2,0.2,201,491
3,0.2,201,358
1,0.2,201,13
2,0.2,201,98
3,0.2,201,6
1,0.2,201,39
2,0.2,201,107
3,0.2,201,32
1,0.2,201,132
2,0.2,201,395
3,0.2,201,77
1,0.2,201,2
2,0.2,201,4
3,0.2,201,2
1,0.2,201,68
2,0.2,201,126
3,0.2,201,79
1,0.2,201,311
2,0.2,201,792
3,0.2,201,194
1,0.2,201,433
2,0.2,201,619
3,0.2,201,379
1,0.2,201,169
2,0.2,201,289
3,0.2,201,145
1,0.2,201,60
2,0.2,201,119
3,0.2,201,48
1,0.2,201,16
2,0.2,201,62
3,0.2,201,9
1,0.2,201,11
2,0.2,201,15
3,0.2,201,11
1,0.2,201,61
2,0.2,201,127
3,0.2,201,43
1,0.2,201,147
2,0.2,201,302
3,0.2,201,112
1,0.2,201,71
2,0.2,201,195
3,0.2,201,51
1,0.2,201,113
2,0.2,201,284
3,0.2,201,74
1,0.2,201,266
2,0.2,201,425
3,0.2,201,204
1,0.2,201,165
2,0.2,201,328
3,0.2,201,126
1,0.2,201,78
2,0.2,201,134
3,0.2,201,63
1,0.2,201,116
2,0.2,201,223
3,0.2,201,83
1,0.2,201,460
2,0.2,201,907
3,0.2,201,207
1,0.2,201,52
2,0.2,201,136
3,0.2,201,35
1,0.2,201,66
2,0.2,201,287
3,0.2,201,35
1,0.2,201,16
2,0.2,201,76
3,0.2,201,5
1,0.2,201,109
2,0.2,201,440
3,0.2,201,49
1,0.2,201,116
2,0.2,201,393
3,0.2,201,67
1,0.2,201,146
2,0.2,201,300
3,0.2,201,119
1,0.2,201,108
2,0.2,201,210
3,0.2,201,88
1,0.2,201,15
2,0.2,201,26
3,0.2,201,7
1,0.2,201,344
2,0.2,201,639
3,0.2,201,274
1,0.2,201,116
2,0.2,201,352
3,0.2,201,79
1,0.2,201,140
2,0.2,201,351
3,0.2,201,103
1,0.2,201,201
2,0.2,201,440
3,0.2,201,143
1,0.2,201,165
2,0.2,201,411
3,0.2,201,109
1,0.2,201,195
2,0.2,201,472
3,0.2,201,139
1,0.2,201,114
2,0.2,201,280
3,0.2,201,68
1,0.2,201,46
2,0.2,201,149
3,0.2,201,30
1,0.2,201,9
2,0.2,201,25
3,0.2,201,8
1,0.2,201,12
2,0.2,201,38
3,0.2,201,6
1,0.2,201,193
2,0.2,201,343
3,0.2,201,154
1,0.2,201,172
2,0.2,201,511
3,0.2,201,105
1,0.2,201,912
2,0.2,201,989
3,0.2,201,803
1,0.2,201,37
2,0.2,201,157
3,0.2,201,31
1,0.2,201,76
2,0.2,201,111
3,0.2,201,66
1,0.2,201,185
2,0.2,201,572
3,0.2,201,107
1,0.2,201,67
2,0.2,201,192
3,0.2,201,46
1,0.2,201,57
2,0.2,201,140
3,0.2,201,43
1,0.2,201,208
2,0.2,201,317
3,0.2,201,181
1,0.2,201,29
2,0.2,201,83
3,0.2,201,14
1,0.2,201,57
2,0.2,201,244
3,0.2,201,26
1,0.2,201,326
2,0.2,201,493
3,0.2,201,284
1,0.2,201,289
2,0.2,201,392
3,0.2,201,261
1,0.2,201,36
2,0.2,201,67
3,0.2,201,26
1,0.2,201,15
2,0.2,201,57
3,0.2,201,17
1,0.2,201,85
2,0.2,201,283
3,0.2,201,50
1,0.2,201,14
2,0.2,201,65
3,0.2,201,9
1,0.2,201,44
2,0.2,201,98
3,0.2,201,41
1,0.2,201,202
2,0.2,201,284
3,0.2,201,187
1,0.2,201,189
2,0.2,201,307
3,0.2,201,159
1,0.2,201,22
2,0.2,201,64
3,0.2,201,11
1,0.2,201,56
2,0.2,201,140
3,0.2,201,40
1,0.2,201,48
2,0.2,201,165
3,0.2,201,26
1,0.2,201,172
2,0.2,201,419
3,0.2,201,113
1,0.2,201,72
2,0.2,201,231
3,0.2,201,43
1,0.2,201,62
2,0.2,201,107
3,0.2,201,55
1,0.2,201,45
2,0.2,201,172
3,0.2,201,30
1,0.2,201,93
2,0.2,201,395
3,0.2,201,59
1,0.2,201,109
2,0.2,201,263
3,0.2,201,82
1,0.2,201,2
2,0.2,201,15
3,0.2,201,0
1,0.2,201,88
2,0.2,201,203
3,0.2,201,66
1,0.2,201,14
2,0.2,201,51
3,0.2,201,10
1,0.2,201,404
2,0.2,201,626
3,0.2,201,347
