1,0.025,11,123
2,0.025,11,643
3,0.025,11,50
1,0.025,11,39
2,0.025,11,380
3,0.025,11,11
1,0.025,11,430
2,0.025,11,862
3,0.025,11,151
1,0.025,11,360
2,0.025,11,814
3,0.025,11,143
1,0.025,11,316
2,0.025,11,757
3,0.025,11,147
1,0.025,11,265
2,0.025,11,718
3,0.025,11,92
1,0.025,11,171
2,0.025,11,405
3,0.025,11,81
1,0.025,11,147
2,0.025,11,581
3,0.025,11,37
1,0.025,11,600
2,0.025,11,909
3,0.025,11,288
1,0.025,11,974
2,0.025,11,998
3,0.025,11,669
1,0.025,11,401
2,0.025,11,669
3,0.025,11,247
1,0.025,11,205
2,0.025,11,636
3,0.025,11,75
1,0.025,11,294
2,0.025,11,712
3,0.025,11,143
1,0.025,11,626
2,0.025,11,874
3,0.025,11,365
1,0.025,11,599
2,0.025,11,941
3,0.025,11,204
1,0.025,11,901
2,0.025,11,949
3,0.025,11,655
1,0.025,11,809
2,0.025,11,965
3,0.025,11,441
1,0.025,11,476
2,0.025,11,779
3,0.025,11,276
1,0.025,11,102
2,0.025,11,408
3,0.025,11,40
1,0.025,11,129
2,0.025,11,550
3,0.025,11,60
1,0.025,11,1000
2,0.025,11,1000
3,0.025,11,954
1,0.025,11,167
2,0.025,11,523
3,0.025,11,84
1,0.025,11,323
2,0.025,11,723
3,0.025,11,126
1,0.025,11,75
2,0.025,11,408
3,0.025,11,19
1,0.025,11,652
2,0.025,11,948
3,0.025,11,344
1,0.025,11,366
2,0.025,11,756
3,0.025,11,184
1,0.025,11,86
2,0.025,11,439
3,0.025,11,23
1,0.025,11,711
2,0.025,11,905
3,0.025,11,396
1,0.025,11,308
2,0.025,11,704
3,0.025,11,172
1,0.025,11,213
2,0.025,11,674
3,0.025,11,83
1,0.025,11,416
2,0.025,11,723
3,0.025,11,257
1,0.025,11,82
2,0.025,11,394
3,0.025,11,37
1,0.025,11,146
2,0.025,11,623
3,0.025,11,57
1,0.025,11,321
2,0.025,11,807
3,0.025,11,156
1,0.025,11,234
2,0.025,11,673
3,0.025,11,109
1,0.025,11,822
2,0.025,11,904
3,0.025,11,532
1,0.025,11,121
2,0.025,11,588
3,0.025,11,38
1,0.025,11,377
2,0.025,11,800
3,0.025,11,146
1,0.025,11,127
2,0.025,11,667
3,0.025,11,21
1,0.025,11,313
2,0.025,11,787
3,0.025,11,148
1,0.025,11,407
2,0.025,11,762
3,0.025,11,207
1,0.025,11,397
2,0.025,11,746
3,0.025,11,215
1,0.025,11,856
2,0.025,11,984
3,0.025,11,431
1,0.025,11,330
2,0.025,11,761
3,0.025,11,147
1,0.025,11,723
2,0.025,11,951
3,0.025,11,411
1,0.025,11,204
2,0.025,11,633
3,0.025,11,58
1,0.025,11,274
2,0.025,11,818
3,0.025,11,84
1,0.025,11,703
2,0.025,11,972
3,0.025,11,319
1,0.025,11,32
2,0.025,11,339
3,0.025,11,8
1,0.025,11,367
2,0.025,11,783
3,0.025,11,182
1,0.025,11,89
2,0.025,11,463
3,0.025,11,42
1,0.025,11,355
2,0.025,11,872
3,0.025,11,128
1,0.025,11,100
2,0.025,11,484
3,0.025,11,42
1,0.025,11,380
2,0.025,11,751
3,0.025,11,192
1,0.025,11,684
2,0.025,11,907
3,0.025,11,337
1,0.025,11,302
2,0.025,11,681
3,0.025,11,141
1,0.025,11,290
2,0.025,11,616
3,0.025,11,139
1,0.025,11,397
2,0.025,11,819
3,0.025,11,213
1,0.025,11,294
2,0.025,11,734
3,0.025,11,111
1,0.025,11,320
2,0.025,11,651
3,0.025,11,187
1,0.025,11,591
2,0.025,11,927
3,0.025,11,168
1,0.025,11,493
2,0.025,11,777
3,0.025,11,249
1,0.025,11,624
2,0.025,11,891
3,0.025,11,321
1,0.025,11,893
2,0.025,11,987
3,0.025,11,483
1,0.025,11,92
2,0.025,11,576
3,0.025,11,38
1,0.025,11,504
2,0.025,11,925
3,0.025,11,238
1,0.025,11,99
2,0.025,11,448
3,0.025,11,40
1,0.025,11,925
2,0.025,11,998
3,0.025,11,601
1,0.025,11,162
2,0.025,11,612
3,0.025,11,70
1,0.025,11,890
2,0.025,11,970
3,0.025,11,556
1,0.025,11,998
2,0.025,11,1000
3,0.025,11,850
1,0.025,11,183
2,0.025,11,496
3,0.025,11,94
1,0.025,11,557
2,0.025,11,848
3,0.025,11,304
1,0.025,11,225
2,0.025,11,597
3,0.025,11,100
1,0.025,11,382
2,0.025,11,809
3,0.025,11,140
1,0.025,11,437
2,0.025,11,717
3,0.025,11,242
1,0.025,11,146
2,0.025,11,532
3,0.025,11,64
1,0.025,11,451
2,0.025,11,958
3,0.025,11,93
1,0.025,11,824
2,0.025,11,963
3,0.025,11,505
1,0.025,11,355
2,0.025,11,693
3,0.025,11,186
1,0.025,11,222
2,0.025,11,661
3,0.025,11,94
1,0.025,11,68
2,0.025,11,319
3,0.025,11,19
1,0.025,11,106
2,0.025,11,432
3,0.025,11,46
1,0.025,11,28
2,0.025,11,235
3,0.025,11,7
1,0.025,11,538
2,0.025,11,845
3,0.025,11,277
1,0.025,11,652
2,0.025,11,910
3,0.025,11,312
1,0.025,11,492
2,0.025,11,933
3,0.025,11,181
1,0.025,11,147
2,0.025,11,553
3,0.025,11,38
1,0.025,11,64
2,0.025,11,318
3,0.025,11,17
1,0.025,11,367
2,0.025,11,824
3,0.025,11,126
1,0.025,11,662
2,0.025,11,922
3,0.025,11,372
1,0.025,11,137
2,0.025,11,570
3,0.025,11,63
1,0.025,11,269
2,0.025,11,513
3,0.025,11,134
1,0.025,11,487
2,0.025,11,770
3,0.025,11,299
1,0.025,11,152
2,0.025,11,478
3,0.025,11,78
1,0.025,11,706
2,0.025,11,957
3,0.025,11,352
1,0.025,11,542
2,0.025,11,921
3,0.025,11,230
1,0.025,11,807
2,0.025,11,988
3,0.025,11,267
1,0.025,11,185
2,0.025,11,665
3,0.025,11,60
1,0.025,11,279
2,0.025,11,798
3,0.025,11,109
1,0.025,21,149
2,0.025,21,512
3,0.025,21,72
1,0.025,21,92
2,0.025,21,421
3,0.025,21,40
1,0.025,21,120
2,0.025,21,314
3,0.025,21,65
1,0.025,21,322
2,0.025,21,698
3,0.025,21,152
1,0.025,21,97
2,0.025,21,254
3,0.025,21,43
1,0.025,21,227
2,0.025,21,656
3,0.025,21,113
1,0.025,21,190
2,0.025,21,611
3,0.025,21,82
1,0.025,21,180
2,0.025,21,446
3,0.025,21,105
1,0.025,21,286
2,0.025,21,539
3,0.025,21,166
1,0.025,21,630
2,0.025,21,857
3,0.025,21,433
1,0.025,21,206
2,0.025,21,285
3,0.025,21,167
1,0.025,21,209
2,0.025,21,554
3,0.025,21,97
1,0.025,21,240
2,0.025,21,555
3,0.025,21,143
1,0.025,21,444
2,0.025,21,788
3,0.025,21,253
1,0.025,21,383
2,0.025,21,819
3,0.025,21,179
1,0.025,21,899
2,0.025,21,999
3,0.025,21,549
1,0.025,21,732
2,0.025,21,986
3,0.025,21,310
1,0.025,21,568
2,0.025,21,961
3,0.025,21,232
1,0.025,21,70
2,0.025,21,372
3,0.025,21,29
1,0.025,21,176
2,0.025,21,594
3,0.025,21,74
1,0.025,21,422
2,0.025,21,543
3,0.025,21,323
1,0.025,21,115
2,0.025,21,274
3,0.025,21,64
1,0.025,21,46
2,0.025,21,325
3,0.025,21,12
1,0.025,21,136
2,0.025,21,474
3,0.025,21,62
1,0.025,21,481
2,0.025,21,818
3,0.025,21,275
1,0.025,21,251
2,0.025,21,523
3,0.025,21,140
1,0.025,21,136
2,0.025,21,495
3,0.025,21,53
1,0.025,21,469
2,0.025,21,845
3,0.025,21,266
1,0.025,21,222
2,0.025,21,430
3,0.025,21,129
1,0.025,21,95
2,0.025,21,348
3,0.025,21,56
1,0.025,21,285
2,0.025,21,477
3,0.025,21,200
1,0.025,21,38
2,0.025,21,384
3,0.025,21,10
1,0.025,21,242
2,0.025,21,764
3,0.025,21,101
1,0.025,21,90
2,0.025,21,290
3,0.025,21,47
1,0.025,21,251
2,0.025,21,623
3,0.025,21,136
1,0.025,21,676
2,0.025,21,837
3,0.025,21,483
1,0.025,21,248
2,0.025,21,709
3,0.025,21,128
1,0.025,21,261
2,0.025,21,604
3,0.025,21,152
1,0.025,21,9
2,0.025,21,241
3,0.025,21,2
1,0.025,21,272
2,0.025,21,778
3,0.025,21,141
1,0.025,21,288
2,0.025,21,684
3,0.025,21,128
1,0.025,21,201
2,0.025,21,622
3,0.025,21,87
1,0.025,21,331
2,0.025,21,711
3,0.025,21,186
1,0.025,21,315
2,0.025,21,734
3,0.025,21,123
1,0.025,21,578
2,0.025,21,909
3,0.025,21,346
1,0.025,21,148
2,0.025,21,528
3,0.025,21,76
1,0.025,21,156
2,0.025,21,406
3,0.025,21,75
1,0.025,21,435
2,0.025,21,868
3,0.025,21,197
1,0.025,21,61
2,0.025,21,475
3,0.025,21,10
1,0.025,21,185
2,0.025,21,727
3,0.025,21,76
1,0.025,21,156
2,0.025,21,499
3,0.025,21,74
1,0.025,21,128
2,0.025,21,426
3,0.025,21,59
1,0.025,21,106
2,0.025,21,532
3,0.025,21,37
1,0.025,21,347
2,0.025,21,765
3,0.025,21,188
1,0.025,21,305
2,0.025,21,556
3,0.025,21,189
1,0.025,21,320
2,0.025,21,828
3,0.025,21,154
1,0.025,21,187
2,0.025,21,422
3,0.025,21,99
1,0.025,21,352
2,0.025,21,775
3,0.025,21,171
1,0.025,21,56
2,0.025,21,337
3,0.025,21,22
1,0.025,21,222
2,0.025,21,535
3,0.025,21,128
1,0.025,21,214
2,0.025,21,534
3,0.025,21,113
1,0.025,21,439
2,0.025,21,740
3,0.025,21,285
1,0.025,21,645
2,0.025,21,916
3,0.025,21,318
1,0.025,21,510
2,0.025,21,831
3,0.025,21,291
1,0.025,21,89
2,0.025,21,398
3,0.025,21,35
1,0.025,21,339
2,0.025,21,935
3,0.025,21,130
1,0.025,21,162
2,0.025,21,551
3,0.025,21,83
1,0.025,21,408
2,0.025,21,711
3,0.025,21,260
1,0.025,21,46
2,0.025,21,332
3,0.025,21,15
1,0.025,21,768
2,0.025,21,915
3,0.025,21,498
1,0.025,21,966
2,0.025,21,995
3,0.025,21,597
1,0.025,21,273
2,0.025,21,498
3,0.025,21,143
1,0.025,21,280
2,0.025,21,643
3,0.025,21,161
1,0.025,21,205
2,0.025,21,810
3,0.025,21,72
1,0.025,21,536
2,0.025,21,905
3,0.025,21,209
1,0.025,21,571
2,0.025,21,951
3,0.025,21,218
1,0.025,21,301
2,0.025,21,603
3,0.025,21,181
1,0.025,21,154
2,0.025,21,655
3,0.025,21,67
1,0.025,21,711
2,0.025,21,969
3,0.025,21,355
1,0.025,21,645
2,0.025,21,896
3,0.025,21,389
1,0.025,21,423
2,0.025,21,779
3,0.025,21,208
1,0.025,21,80
2,0.025,21,505
3,0.025,21,29
1,0.025,21,40
2,0.025,21,274
3,0.025,21,20
1,0.025,21,32
2,0.025,21,374
3,0.025,21,9
1,0.025,21,218
2,0.025,21,345
3,0.025,21,147
1,0.025,21,441
2,0.025,21,793
3,0.025,21,280
1,0.025,21,524
2,0.025,21,927
3,0.025,21,179
1,0.025,21,72
2,0.025,21,469
3,0.025,21,26
1,0.025,21,196
2,0.025,21,665
3,0.025,21,71
1,0.025,21,172
2,0.025,21,603
3,0.025,21,67
1,0.025,21,622
2,0.025,21,854
3,0.025,21,376
1,0.025,21,98
2,0.025,21,758
3,0.025,21,34
1,0.025,21,229
2,0.025,21,488
3,0.025,21,127
1,0.025,21,21
2,0.025,21,481
3,0.025,21,4
1,0.025,21,191
2,0.025,21,743
3,0.025,21,62
1,0.025,21,670
2,0.025,21,956
3,0.025,21,347
1,0.025,21,399
2,0.025,21,873
3,0.025,21,160
1,0.025,21,381
2,0.025,21,638
3,0.025,21,234
1,0.025,21,79
2,0.025,21,502
3,0.025,21,21
1,0.025,21,332
2,0.025,21,712
3,0.025,21,207
1,0.025,41,44
2,0.025,41,184
3,0.025,41,19
1,0.025,41,26
2,0.025,41,147
3,0.025,41,10
1,0.025,41,75
2,0.025,41,380
3,0.025,41,33
1,0.025,41,92
2,0.025,41,218
3,0.025,41,44
1,0.025,41,90
2,0.025,41,734
3,0.025,41,20
1,0.025,41,425
2,0.025,41,769
3,0.025,41,247
1,0.025,41,174
2,0.025,41,492
3,0.025,41,107
1,0.025,41,134
2,0.025,41,602
3,0.025,41,61
1,0.025,41,218
2,0.025,41,447
3,0.025,41,144
1,0.025,41,357
2,0.025,41,875
3,0.025,41,184
1,0.025,41,121
2,0.025,41,178
3,0.025,41,80
1,0.025,41,103
2,0.025,41,665
3,0.025,41,26
1,0.025,41,243
2,0.025,41,487
3,0.025,41,156
1,0.025,41,445
2,0.025,41,844
3,0.025,41,223
1,0.025,41,508
2,0.025,41,875
3,0.025,41,253
1,0.025,41,632
2,0.025,41,873
3,0.025,41,438
1,0.025,41,642
2,0.025,41,981
3,0.025,41,201
1,0.025,41,407
2,0.025,41,718
3,0.025,41,241
1,0.025,41,57
2,0.025,41,353
3,0.025,41,23
1,0.025,41,75
2,0.025,41,414
3,0.025,41,29
1,0.025,41,447
2,0.025,41,630
3,0.025,41,342
1,0.025,41,121
2,0.025,41,408
3,0.025,41,69
1,0.025,41,13
2,0.025,41,186
3,0.025,41,6
1,0.025,41,140
2,0.025,41,551
3,0.025,41,77
1,0.025,41,252
2,0.025,41,470
3,0.025,41,154
1,0.025,41,87
2,0.025,41,370
3,0.025,41,44
1,0.025,41,264
2,0.025,41,713
3,0.025,41,140
1,0.025,41,125
2,0.025,41,545
3,0.025,41,49
1,0.025,41,203
2,0.025,41,534
3,0.025,41,127
1,0.025,41,231
2,0.025,41,956
3,0.025,41,38
1,0.025,41,182
2,0.025,41,426
3,0.025,41,120
1,0.025,41,18
2,0.025,41,365
3,0.025,41,3
1,0.025,41,177
2,0.025,41,575
3,0.025,41,86
1,0.025,41,205
2,0.025,41,442
3,0.025,41,128
1,0.025,41,408
2,0.025,41,886
3,0.025,41,146
1,0.025,41,564
2,0.025,41,733
3,0.025,41,421
1,0.025,41,108
2,0.025,41,435
3,0.025,41,48
1,0.025,41,67
2,0.025,41,185
3,0.025,41,30
1,0.025,41,6
2,0.025,41,365
3,0.025,41,1
1,0.025,41,164
2,0.025,41,555
3,0.025,41,71
1,0.025,41,90
2,0.025,41,336
3,0.025,41,35
1,0.025,41,333
2,0.025,41,741
3,0.025,41,198
1,0.025,41,98
2,0.025,41,246
3,0.025,41,51
1,0.025,41,232
2,0.025,41,667
3,0.025,41,109
1,0.025,41,694
2,0.025,41,956
3,0.025,41,419
1,0.025,41,293
2,0.025,41,820
3,0.025,41,110
1,0.025,41,40
2,0.025,41,225
3,0.025,41,12
1,0.025,41,352
2,0.025,41,845
3,0.025,41,169
1,0.025,41,99
2,0.025,41,754
3,0.025,41,21
1,0.025,41,163
2,0.025,41,891
3,0.025,41,45
1,0.025,41,80
2,0.025,41,395
3,0.025,41,34
1,0.025,41,24
2,0.025,41,185
3,0.025,41,8
1,0.025,41,70
2,0.025,41,455
3,0.025,41,30
1,0.025,41,237
2,0.025,41,567
3,0.025,41,144
1,0.025,41,248
2,0.025,41,859
3,0.025,41,80
1,0.025,41,276
2,0.025,41,659
3,0.025,41,138
1,0.025,41,10
2,0.025,41,68
3,0.025,41,5
1,0.025,41,229
2,0.025,41,724
3,0.025,41,116
1,0.025,41,8
2,0.025,41,224
3,0.025,41,1
1,0.025,41,217
2,0.025,41,548
3,0.025,41,128
1,0.025,41,426
2,0.025,41,852
3,0.025,41,143
1,0.025,41,494
2,0.025,41,820
3,0.025,41,285
1,0.025,41,344
2,0.025,41,632
3,0.025,41,204
1,0.025,41,692
2,0.025,41,978
3,0.025,41,254
1,0.025,41,115
2,0.025,41,393
3,0.025,41,59
1,0.025,41,198
2,0.025,41,447
3,0.025,41,129
1,0.025,41,46
2,0.025,41,227
3,0.025,41,24
1,0.025,41,239
2,0.025,41,451
3,0.025,41,158
1,0.025,41,32
2,0.025,41,314
3,0.025,41,11
1,0.025,41,622
2,0.025,41,842
3,0.025,41,429
1,0.025,41,163
2,0.025,41,197
3,0.025,41,104
1,0.025,41,585
2,0.025,41,929
3,0.025,41,268
1,0.025,41,321
2,0.025,41,759
3,0.025,41,185
1,0.025,41,32
2,0.025,41,171
3,0.025,41,16
1,0.025,41,188
2,0.025,41,864
3,0.025,41,50
1,0.025,41,382
2,0.025,41,870
3,0.025,41,176
1,0.025,41,59
2,0.025,41,329
3,0.025,41,24
1,0.025,41,37
2,0.025,41,301
3,0.025,41,13
1,0.025,41,588
2,0.025,41,913
3,0.025,41,313
1,0.025,41,302
2,0.025,41,795
3,0.025,41,137
1,0.025,41,247
2,0.025,41,517
3,0.025,41,160
1,0.025,41,7
2,0.025,41,107
3,0.025,41,1
1,0.025,41,27
2,0.025,41,197
3,0.025,41,10
1,0.025,41,37
2,0.025,41,413
3,0.025,41,13
1,0.025,41,351
2,0.025,41,648
3,0.025,41,200
1,0.025,41,258
2,0.025,41,633
3,0.025,41,127
1,0.025,41,26
2,0.025,41,101
3,0.025,41,14
1,0.025,41,65
2,0.025,41,306
3,0.025,41,26
1,0.025,41,87
2,0.025,41,524
3,0.025,41,36
1,0.025,41,32
2,0.025,41,250
3,0.025,41,13
1,0.025,41,620
2,0.025,41,925
3,0.025,41,324
1,0.025,41,47
2,0.025,41,526
3,0.025,41,14
1,0.025,41,206
2,0.025,41,515
3,0.025,41,131
1,0.025,41,207
2,0.025,41,667
3,0.025,41,109
1,0.025,41,48
2,0.025,41,284
3,0.025,41,19
1,0.025,41,259
2,0.025,41,571
3,0.025,41,150
1,0.025,41,186
2,0.025,41,468
3,0.025,41,115
1,0.025,41,281
2,0.025,41,790
3,0.025,41,151
1,0.025,41,59
2,0.025,41,750
3,0.025,41,16
1,0.025,41,382
2,0.025,41,910
3,0.025,41,131
1,0.025,81,2
2,0.025,81,41
3,0.025,81,1
1,0.025,81,4
2,0.025,81,42
3,0.025,81,1
1,0.025,81,30
2,0.025,81,228
3,0.025,81,13
1,0.025,81,71
2,0.025,81,227
3,0.025,81,35
1,0.025,81,13
2,0.025,81,77
3,0.025,81,1
1,0.025,81,550
2,0.025,81,990
3,0.025,81,220
1,0.025,81,15
2,0.025,81,48
3,0.025,81,6
1,0.025,81,98
2,0.025,81,432
3,0.025,81,49
1,0.025,81,263
2,0.025,81,528
3,0.025,81,182
1,0.025,81,95
2,0.025,81,261
3,0.025,81,59
1,0.025,81,20
2,0.025,81,54
3,0.025,81,11
1,0.025,81,108
2,0.025,81,571
3,0.025,81,26
1,0.025,81,366
2,0.025,81,978
3,0.025,81,101
1,0.025,81,174
2,0.025,81,659
3,0.025,81,107
1,0.025,81,45
2,0.025,81,152
3,0.025,81,22
1,0.025,81,512
2,0.025,81,880
3,0.025,81,326
1,0.025,81,440
2,0.025,81,897
3,0.025,81,232
1,0.025,81,62
2,0.025,81,181
3,0.025,81,30
1,0.025,81,45
2,0.025,81,426
3,0.025,81,21
1,0.025,81,115
2,0.025,81,449
3,0.025,81,49
1,0.025,81,33
2,0.025,81,90
3,0.025,81,26
1,0.025,81,60
2,0.025,81,197
3,0.025,81,30
1,0.025,81,45
2,0.025,81,670
3,0.025,81,1
1,0.025,81,10
2,0.025,81,102
3,0.025,81,5
1,0.025,81,310
2,0.025,81,531
3,0.025,81,223
1,0.025,81,8
2,0.025,81,48
3,0.025,81,5
1,0.025,81,220
2,0.025,81,675
3,0.025,81,102
1,0.025,81,261
2,0.025,81,624
3,0.025,81,153
1,0.025,81,103
2,0.025,81,474
3,0.025,81,61
1,0.025,81,16
2,0.025,81,110
3,0.025,81,5
1,0.025,81,26
2,0.025,81,98
3,0.025,81,14
1,0.025,81,4
2,0.025,81,125
3,0.025,81,0
1,0.025,81,74
2,0.025,81,587
3,0.025,81,27
1,0.025,81,9
2,0.025,81,42
3,0.025,81,2
1,0.025,81,19
2,0.025,81,64
3,0.025,81,7
1,0.025,81,190
2,0.025,81,770
3,0.025,81,66
1,0.025,81,34
2,0.025,81,188
3,0.025,81,20
1,0.025,81,229
2,0.025,81,632
3,0.025,81,129
1,0.025,81,4
2,0.025,81,87
3,0.025,81,0
1,0.025,81,144
2,0.025,81,617
3,0.025,81,55
1,0.025,81,197
2,0.025,81,504
3,0.025,81,123
1,0.025,81,200
2,0.025,81,576
3,0.025,81,119
1,0.025,81,79
2,0.025,81,257
3,0.025,81,49
1,0.025,81,14
2,0.025,81,91
3,0.025,81,5
1,0.025,81,373
2,0.025,81,898
3,0.025,81,160
1,0.025,81,43
2,0.025,81,192
3,0.025,81,18
1,0.025,81,22
2,0.025,81,140
3,0.025,81,5
1,0.025,81,70
2,0.025,81,211
3,0.025,81,34
1,0.025,81,12
2,0.025,81,158
3,0.025,81,5
1,0.025,81,113
2,0.025,81,435
3,0.025,81,37
1,0.025,81,17
2,0.025,81,121
3,0.025,81,5
1,0.025,81,19
2,0.025,81,245
3,0.025,81,7
1,0.025,81,45
2,0.025,81,253
3,0.025,81,24
1,0.025,81,273
2,0.025,81,545
3,0.025,81,172
1,0.025,81,265
2,0.025,81,991
3,0.025,81,24
1,0.025,81,336
2,0.025,81,801
3,0.025,81,150
1,0.025,81,73
2,0.025,81,405
3,0.025,81,30
1,0.025,81,122
2,0.025,81,577
3,0.025,81,56
1,0.025,81,32
2,0.025,81,261
3,0.025,81,14
1,0.025,81,554
2,0.025,81,999
3,0.025,81,90
1,0.025,81,162
2,0.025,81,616
3,0.025,81,75
1,0.025,81,233
2,0.025,81,371
3,0.025,81,162
1,0.025,81,209
2,0.025,81,481
3,0.025,81,94
1,0.025,81,135
2,0.025,81,506
3,0.025,81,79
1,0.025,81,71
2,0.025,81,474
3,0.025,81,31
1,0.025,81,35
2,0.025,81,113
3,0.025,81,18
1,0.025,81,80
2,0.025,81,506
3,0.025,81,29
1,0.025,81,173
2,0.025,81,444
3,0.025,81,111
1,0.025,81,17
2,0.025,81,157
3,0.025,81,5
1,0.025,81,368
2,0.025,81,621
3,0.025,81,254
1,0.025,81,123
2,0.025,81,227
3,0.025,81,82
1,0.025,81,238
2,0.025,81,847
3,0.025,81,83
1,0.025,81,34
2,0.025,81,204
3,0.025,81,19
1,0.025,81,12
2,0.025,81,43
3,0.025,81,7
1,0.025,81,100
2,0.025,81,278
3,0.025,81,62
1,0.025,81,260
2,0.025,81,818
3,0.025,81,109
1,0.025,81,40
2,0.025,81,455
3,0.025,81,8
1,0.025,81,63
2,0.025,81,263
3,0.025,81,26
1,0.025,81,173
2,0.025,81,322
3,0.025,81,122
1,0.025,81,23
2,0.025,81,91
3,0.025,81,10
1,0.025,81,174
2,0.025,81,518
3,0.025,81,98
1,0.025,81,44
2,0.025,81,266
3,0.025,81,18
1,0.025,81,1
2,0.025,81,66
3,0.025,81,0
1,0.025,81,26
2,0.025,81,294
3,0.025,81,9
1,0.025,81,170
2,0.025,81,348
3,0.025,81,112
1,0.025,81,83
2,0.025,81,220
3,0.025,81,50
1,0.025,81,46
2,0.025,81,418
3,0.025,81,15
1,0.025,81,32
2,0.025,81,207
3,0.025,81,18
1,0.025,81,56
2,0.025,81,194
3,0.025,81,33
1,0.025,81,68
2,0.025,81,532
3,0.025,81,27
1,0.025,81,161
2,0.025,81,306
3,0.025,81,96
1,0.025,81,152
2,0.025,81,631
3,0.025,81,59
1,0.025,81,78
2,0.025,81,215
3,0.025,81,36
1,0.025,81,83
2,0.025,81,270
3,0.025,81,50
1,0.025,81,94
2,0.025,81,316
3,0.025,81,57
1,0.025,81,161
2,0.025,81,599
3,0.025,81,84
1,0.025,81,123
2,0.025,81,341
3,0.025,81,74
1,0.025,81,248
2,0.025,81,637
3,0.025,81,147
1,0.025,81,10
2,0.025,81,113
3,0.025,81,5
1,0.025,81,73
2,0.025,81,351
3,0.025,81,44
1,0.025,101,14
2,0.025,101,51
3,0.025,101,4
1,0.025,101,93
2,0.025,101,540
3,0.025,101,27
1,0.025,101,8
2,0.025,101,93
3,0.025,101,4
1,0.025,101,37
2,0.025,101,283
3,0.025,101,14
1,0.025,101,0
2,0.025,101,7
3,0.025,101,0
1,0.025,101,164
2,0.025,101,572
3,0.025,101,80
1,0.025,101,90
2,0.025,101,305
3,0.025,101,59
1,0.025,101,10
2,0.025,101,45
3,0.025,101,5
1,0.025,101,117
2,0.025,101,365
3,0.025,101,63
1,0.025,101,106
2,0.025,101,240
3,0.025,101,65
1,0.025,101,212
2,0.025,101,589
3,0.025,101,124
1,0.025,101,40
2,0.025,101,217
3,0.025,101,21
1,0.025,101,43
2,0.025,101,203
3,0.025,101,25
1,0.025,101,55
2,0.025,101,189
3,0.025,101,31
1,0.025,101,38
2,0.025,101,258
3,0.025,101,19
1,0.025,101,455
2,0.025,101,703
3,0.025,101,314
1,0.025,101,415
2,0.025,101,694
3,0.025,101,282
1,0.025,101,6
2,0.025,101,6
3,0.025,101,4
1,0.025,101,0
2,0.025,101,59
3,0.025,101,0
1,0.025,101,16
2,0.025,101,103
3,0.025,101,6
1,0.025,101,37
2,0.025,101,161
3,0.025,101,14
1,0.025,101,48
2,0.025,101,322
3,0.025,101,21
1,0.025,101,47
2,0.025,101,332
3,0.025,101,26
1,0.025,101,34
2,0.025,101,253
3,0.025,101,15
1,0.025,101,192
2,0.025,101,503
3,0.025,101,130
1,0.025,101,7
2,0.025,101,132
3,0.025,101,3
1,0.025,101,52
2,0.025,101,180
3,0.025,101,29
1,0.025,101,150
2,0.025,101,469
3,0.025,101,74
1,0.025,101,200
2,0.025,101,591
3,0.025,101,110
1,0.025,101,85
2,0.025,101,743
3,0.025,101,15
1,0.025,101,46
2,0.025,101,140
3,0.025,101,23
1,0.025,101,12
2,0.025,101,172
3,0.025,101,3
1,0.025,101,10
2,0.025,101,306
3,0.025,101,2
1,0.025,101,18
2,0.025,101,106
3,0.025,101,10
1,0.025,101,53
2,0.025,101,328
3,0.025,101,21
1,0.025,101,553
2,0.025,101,955
3,0.025,101,317
1,0.025,101,38
2,0.025,101,169
3,0.025,101,18
1,0.025,101,14
2,0.025,101,82
3,0.025,101,10
1,0.025,101,14
2,0.025,101,208
3,0.025,101,3
1,0.025,101,28
2,0.025,101,130
3,0.025,101,16
1,0.025,101,365
2,0.025,101,640
3,0.025,101,282
1,0.025,101,218
2,0.025,101,588
3,0.025,101,118
1,0.025,101,185
2,0.025,101,491
3,0.025,101,109
1,0.025,101,88
2,0.025,101,565
3,0.025,101,28
1,0.025,101,88
2,0.025,101,137
3,0.025,101,61
1,0.025,101,35
2,0.025,101,103
3,0.025,101,12
1,0.025,101,37
2,0.025,101,234
3,0.025,101,13
1,0.025,101,12
2,0.025,101,73
3,0.025,101,5
1,0.025,101,8
2,0.025,101,128
3,0.025,101,3
1,0.025,101,91
2,0.025,101,330
3,0.025,101,47
1,0.025,101,6
2,0.025,101,359
3,0.025,101,1
1,0.025,101,10
2,0.025,101,77
3,0.025,101,3
1,0.025,101,23
2,0.025,101,131
3,0.025,101,10
1,0.025,101,94
2,0.025,101,204
3,0.025,101,52
1,0.025,101,189
2,0.025,101,717
3,0.025,101,78
1,0.025,101,123
2,0.025,101,664
3,0.025,101,48
1,0.025,101,83
2,0.025,101,651
3,0.025,101,18
1,0.025,101,72
2,0.025,101,280
3,0.025,101,39
1,0.025,101,4
2,0.025,101,16
3,0.025,101,0
1,0.025,101,12
2,0.025,101,50
3,0.025,101,4
1,0.025,101,62
2,0.025,101,230
3,0.025,101,28
1,0.025,101,146
2,0.025,101,286
3,0.025,101,119
1,0.025,101,33
2,0.025,101,125
3,0.025,101,23
1,0.025,101,130
2,0.025,101,418
3,0.025,101,60
1,0.025,101,33
2,0.025,101,202
3,0.025,101,17
1,0.025,101,43
2,0.025,101,193
3,0.025,101,23
1,0.025,101,4
2,0.025,101,76
3,0.025,101,2
1,0.025,101,145
2,0.025,101,323
3,0.025,101,97
1,0.025,101,34
2,0.025,101,310
3,0.025,101,12
1,0.025,101,679
2,0.025,101,897
3,0.025,101,479
1,0.025,101,7
2,0.025,101,40
3,0.025,101,4
1,0.025,101,214
2,0.025,101,613
3,0.025,101,134
1,0.025,101,54
2,0.025,101,222
3,0.025,101,33
1,0.025,101,40
2,0.025,101,253
3,0.025,101,20
1,0.025,101,84
2,0.025,101,414
3,0.025,101,42
1,0.025,101,181
2,0.025,101,395
3,0.025,101,117
1,0.025,101,9
2,0.025,101,95
3,0.025,101,4
1,0.025,101,1
2,0.025,101,5
3,0.025,101,0
1,0.025,101,392
2,0.025,101,772
3,0.025,101,244
1,0.025,101,176
2,0.025,101,529
3,0.025,101,106
1,0.025,101,186
2,0.025,101,399
3,0.025,101,100
1,0.025,101,20
2,0.025,101,102
3,0.025,101,8
1,0.025,101,4
2,0.025,101,49
3,0.025,101,3
1,0.025,101,23
2,0.025,101,289
3,0.025,101,9
1,0.025,101,98
2,0.025,101,166
3,0.025,101,55
1,0.025,101,82
2,0.025,101,185
3,0.025,101,49
1,0.025,101,429
2,0.025,101,875
3,0.025,101,156
1,0.025,101,21
2,0.025,101,119
3,0.025,101,9
1,0.025,101,37
2,0.025,101,199
3,0.025,101,19
1,0.025,101,67
2,0.025,101,331
3,0.025,101,27
1,0.025,101,450
2,0.025,101,720
3,0.025,101,293
1,0.025,101,11
2,0.025,101,91
3,0.025,101,8
1,0.025,101,34
2,0.025,101,109
3,0.025,101,22
1,0.025,101,74
2,0.025,101,340
3,0.025,101,43
1,0.025,101,53
2,0.025,101,648
3,0.025,101,15
1,0.025,101,18
2,0.025,101,38
3,0.025,101,7
1,0.025,101,2
2,0.025,101,2
3,0.025,101,1
1,0.025,101,55
2,0.025,101,155
3,0.025,101,28
1,0.025,101,67
2,0.025,101,431
3,0.025,101,24
1,0.025,101,177
2,0.025,101,932
3,0.025,101,31
1,0.025,201,0
2,0.025,201,0
3,0.025,201,0
1,0.025,201,3
2,0.025,201,14
3,0.025,201,0
1,0.025,201,6
2,0.025,201,97
3,0.025,201,1
1,0.025,201,39
2,0.025,201,330
3,0.025,201,19
1,0.025,201,8
2,0.025,201,61
3,0.025,201,6
1,0.025,201,22
2,0.025,201,38
3,0.025,201,9
1,0.025,201,180
2,0.025,201,601
3,0.025,201,109
1,0.025,201,0
2,0.025,201,49
3,0.025,201,0
1,0.025,201,86
2,0.025,201,339
3,0.025,201,57
1,0.025,201,23
2,0.025,201,89
3,0.025,201,15
1,0.025,201,28
2,0.025,201,178
3,0.025,201,21
1,0.025,201,53
2,0.025,201,221
3,0.025,201,32
1,0.025,201,20
2,0.025,201,221
3,0.025,201,7
1,0.025,201,291
2,0.025,201,401
3,0.025,201,202
1,0.025,201,3
2,0.025,201,44
3,0.025,201,1
1,0.025,201,73
2,0.025,201,174
3,0.025,201,51
1,0.025,201,24
2,0.025,201,161
3,0.025,201,16
1,0.025,201,34
2,0.025,201,95
3,0.025,201,19
1,0.025,201,1
2,0.025,201,162
3,0.025,201,0
1,0.025,201,62
2,0.025,201,405
3,0.025,201,28
1,0.025,201,3
2,0.025,201,35
3,0.025,201,1
1,0.025,201,36
2,0.025,201,180
3,0.025,201,21
1,0.025,201,114
2,0.025,201,514
3,0.025,201,48
1,0.025,201,11
2,0.025,201,127
3,0.025,201,9
1,0.025,201,121
2,0.025,201,233
3,0.025,201,102
1,0.025,201,8
2,0.025,201,174
3,0.025,201,4
1,0.025,201,31
2,0.025,201,96
3,0.025,201,22
1,0.025,201,71
2,0.025,201,164
3,0.025,201,48
1,0.025,201,200
2,0.025,201,482
3,0.025,201,139
1,0.025,201,4
2,0.025,201,76
3,0.025,201,2
1,0.025,201,24
2,0.025,201,211
3,0.025,201,9
1,0.025,201,2
2,0.025,201,31
3,0.025,201,1
1,0.025,201,5
2,0.025,201,126
3,0.025,201,2
1,0.025,201,22
2,0.025,201,104
3,0.025,201,11
1,0.025,201,423
2,0.025,201,1000
3,0.025,201,17
1,0.025,201,157
2,0.025,201,242
3,0.025,201,128
1,0.025,201,43
2,0.025,201,238
3,0.025,201,21
1,0.025,201,5
2,0.025,201,24
3,0.025,201,3
1,0.025,201,4
2,0.025,201,188
3,0.025,201,2
1,0.025,201,6
2,0.025,201,27
3,0.025,201,1
1,0.025,201,154
2,0.025,201,371
3,0.025,201,107
1,0.025,201,77
2,0.025,201,414
3,0.025,201,41
1,0.025,201,233
2,0.025,201,953
3,0.025,201,46
1,0.025,201,116
2,0.025,201,489
3,0.025,201,47
1,0.025,201,70
2,0.025,201,153
3,0.025,201,29
1,0.025,201,41
2,0.025,201,136
3,0.025,201,21
1,0.025,201,11
2,0.025,201,78
3,0.025,201,3
1,0.025,201,6
2,0.025,201,84
3,0.025,201,1
1,0.025,201,10
2,0.025,201,170
3,0.025,201,2
1,0.025,201,11
2,0.025,201,88
3,0.025,201,1
1,0.025,201,0
2,0.025,201,27
3,0.025,201,0
1,0.025,201,2
2,0.025,201,44
3,0.025,201,0
1,0.025,201,0
2,0.025,201,8
3,0.025,201,0
1,0.025,201,34
2,0.025,201,140
3,0.025,201,10
1,0.025,201,104
2,0.025,201,201
3,0.025,201,66
1,0.025,201,181
2,0.025,201,712
3,0.025,201,34
1,0.025,201,64
2,0.025,201,133
3,0.025,201,15
1,0.025,201,19
2,0.025,201,216
3,0.025,201,10
1,0.025,201,123
2,0.025,201,414
3,0.025,201,66
1,0.025,201,4
2,0.025,201,46
3,0.025,201,1
1,0.025,201,41
2,0.025,201,198
3,0.025,201,25
1,0.025,201,363
2,0.025,201,879
3,0.025,201,200
1,0.025,201,14
2,0.025,201,92
3,0.025,201,5
1,0.025,201,303
2,0.025,201,706
3,0.025,201,182
1,0.025,201,42
2,0.025,201,198
3,0.025,201,23
1,0.025,201,32
2,0.025,201,371
3,0.025,201,9
1,0.025,201,0
2,0.025,201,11
3,0.025,201,0
1,0.025,201,8
2,0.025,201,60
3,0.025,201,5
1,0.025,201,57
2,0.025,201,1000
3,0.025,201,0
1,0.025,201,75
2,0.025,201,129
3,0.025,201,57
1,0.025,201,9
2,0.025,201,121
3,0.025,201,3
1,0.025,201,14
2,0.025,201,50
3,0.025,201,7
1,0.025,201,3
2,0.025,201,25
3,0.025,201,0
1,0.025,201,12
2,0.025,201,99
3,0.025,201,4
1,0.025,201,26
2,0.025,201,189
3,0.025,201,9
1,0.025,201,15
2,0.025,201,89
3,0.025,201,11
1,0.025,201,4
2,0.025,201,85
3,0.025,201,2
1,0.025,201,22
2,0.025,201,167
3,0.025,201,12
1,0.025,201,147
2,0.025,201,365
3,0.025,201,99
1,0.025,201,58
2,0.025,201,166
3,0.025,201,33
1,0.025,201,57
2,0.025,201,184
3,0.025,201,31
1,0.025,201,3
2,0.025,201,41
3,0.025,201,1
1,0.025,201,26
2,0.025,201,240
3,0.025,201,17
1,0.025,201,15
2,0.025,201,267
3,0.025,201,4
1,0.025,201,84
2,0.025,201,196
3,0.025,201,50
1,0.025,201,24
2,0.025,201,80
3,0.025,201,12
1,0.025,201,9
2,0.025,201,65
3,0.025,201,7
1,0.025,201,11
2,0.025,201,91
3,0.025,201,4
1,0.025,201,100
2,0.025,201,578
3,0.025,201,37
1,0.025,201,19
2,0.025,201,275
3,0.025,201,9
1,0.025,201,703
2,0.025,201,994
3,0.025,201,303
1,0.025,201,0
2,0.025,201,0
3,0.025,201,0
1,0.025,201,150
2,0.025,201,489
3,0.025,201,77
1,0.025,201,14
2,0.025,201,151
3,0.025,201,3
1,0.025,201,0
2,0.025,201,1000
3,0.025,201,0
1,0.025,201,33
2,0.025,201,172
3,0.025,201,23
1,0.025,201,2
2,0.025,201,102
3,0.025,201,0
1,0.025,201,17
2,0.025,201,147
3,0.025,201,6
1,0.025,201,5
2,0.025,201,27
3,0.025,201,1
1,0.025,201,61
2,0.025,201,1000
3,0.025,201,0
1,0.05,11,58
2,0.05,11,277
3,0.05,11,21
1,0.05,11,23
2,0.05,11,176
3,0.05,11,10
1,0.05,11,262
2,0.05,11,525
3,0.05,11,132
1,0.05,11,187
2,0.05,11,562
3,0.05,11,85
1,0.05,11,256
2,0.05,11,619
3,0.05,11,90
1,0.05,11,151
2,0.05,11,489
3,0.05,11,70
1,0.05,11,73
2,0.05,11,242
3,0.05,11,31
1,0.05,11,37
2,0.05,11,201
3,0.05,11,17
1,0.05,11,280
2,0.05,11,514
3,0.05,11,181
1,0.05,11,822
2,0.05,11,942
3,0.05,11,580
1,0.05,11,384
2,0.05,11,718
3,0.05,11,232
1,0.05,11,82
2,0.05,11,369
3,0.05,11,35
1,0.05,11,143
2,0.05,11,546
3,0.05,11,74
1,0.05,11,417
2,0.05,11,669
3,0.05,11,257
1,0.05,11,352
2,0.05,11,653
3,0.05,11,167
1,0.05,11,775
2,0.05,11,855
3,0.05,11,650
1,0.05,11,347
2,0.05,11,754
3,0.05,11,207
1,0.05,11,247
2,0.05,11,519
3,0.05,11,136
1,0.05,11,60
2,0.05,11,243
3,0.05,11,24
1,0.05,11,118
2,0.05,11,407
3,0.05,11,51
1,0.05,11,775
2,0.05,11,866
3,0.05,11,567
1,0.05,11,123
2,0.05,11,407
3,0.05,11,58
1,0.05,11,135
2,0.05,11,473
3,0.05,11,48
1,0.05,11,52
2,0.05,11,305
3,0.05,11,19
1,0.05,11,366
2,0.05,11,645
3,0.05,11,248
1,0.05,11,123
2,0.05,11,442
3,0.05,11,53
1,0.05,11,36
2,0.05,11,174
3,0.05,11,19
1,0.05,11,403
2,0.05,11,733
3,0.05,11,209
1,0.05,11,146
2,0.05,11,478
3,0.05,11,82
1,0.05,11,75
2,0.05,11,351
3,0.05,11,22
1,0.05,11,210
2,0.05,11,448
3,0.05,11,129
1,0.05,11,38
2,0.05,11,212
3,0.05,11,16
1,0.05,11,68
2,0.05,11,267
3,0.05,11,30
1,0.05,11,180
2,0.05,11,442
3,0.05,11,94
1,0.05,11,106
2,0.05,11,315
3,0.05,11,40
1,0.05,11,522
2,0.05,11,717
3,0.05,11,390
1,0.05,11,68
2,0.05,11,258
3,0.05,11,34
1,0.05,11,204
2,0.05,11,577
3,0.05,11,103
1,0.05,11,80
2,0.05,11,417
3,0.05,11,19
1,0.05,11,182
2,0.05,11,527
3,0.05,11,84
1,0.05,11,260
2,0.05,11,554
3,0.05,11,141
1,0.05,11,152
2,0.05,11,448
3,0.05,11,80
1,0.05,11,633
2,0.05,11,877
3,0.05,11,367
1,0.05,11,152
2,0.05,11,368
3,0.05,11,72
1,0.05,11,303
2,0.05,11,550
3,0.05,11,190
1,0.05,11,121
2,0.05,11,368
3,0.05,11,58
1,0.05,11,60
2,0.05,11,277
3,0.05,11,27
1,0.05,11,362
2,0.05,11,686
3,0.05,11,184
1,0.05,11,27
2,0.05,11,261
3,0.05,11,8
1,0.05,11,100
2,0.05,11,282
3,0.05,11,60
1,0.05,11,40
2,0.05,11,239
3,0.05,11,11
1,0.05,11,122
2,0.05,11,627
3,0.05,11,44
1,0.05,11,52
2,0.05,11,333
3,0.05,11,15
1,0.05,11,215
2,0.05,11,507
3,0.05,11,114
1,0.05,11,289
2,0.05,11,579
3,0.05,11,174
1,0.05,11,72
2,0.05,11,247
3,0.05,11,31
1,0.05,11,100
2,0.05,11,372
3,0.05,11,38
1,0.05,11,241
2,0.05,11,659
3,0.05,11,115
1,0.05,11,112
2,0.05,11,440
3,0.05,11,46
1,0.05,11,283
2,0.05,11,635
3,0.05,11,143
1,0.05,11,76
2,0.05,11,338
3,0.05,11,43
1,0.05,11,87
2,0.05,11,250
3,0.05,11,46
1,0.05,11,637
2,0.05,11,871
3,0.05,11,353
1,0.05,11,580
2,0.05,11,880
3,0.05,11,313
1,0.05,11,85
2,0.05,11,320
3,0.05,11,39
1,0.05,11,254
2,0.05,11,562
3,0.05,11,135
1,0.05,11,24
2,0.05,11,150
3,0.05,11,8
1,0.05,11,571
2,0.05,11,828
3,0.05,11,316
1,0.05,11,71
2,0.05,11,391
3,0.05,11,27
1,0.05,11,624
2,0.05,11,912
3,0.05,11,435
1,0.05,11,921
2,0.05,11,994
3,0.05,11,702
1,0.05,11,57
2,0.05,11,181
3,0.05,11,33
1,0.05,11,273
2,0.05,11,519
3,0.05,11,144
1,0.05,11,158
2,0.05,11,447
3,0.05,11,76
1,0.05,11,135
2,0.05,11,484
3,0.05,11,72
1,0.05,11,294
2,0.05,11,597
3,0.05,11,156
1,0.05,11,56
2,0.05,11,298
3,0.05,11,21
1,0.05,11,165
2,0.05,11,426
3,0.05,11,89
1,0.05,11,631
2,0.05,11,799
3,0.05,11,436
1,0.05,11,137
2,0.05,11,418
3,0.05,11,80
1,0.05,11,118
2,0.05,11,395
3,0.05,11,56
1,0.05,11,28
2,0.05,11,272
3,0.05,11,10
1,0.05,11,64
2,0.05,11,300
3,0.05,11,24
1,0.05,11,32
2,0.05,11,179
3,0.05,11,5
1,0.05,11,246
2,0.05,11,468
3,0.05,11,149
1,0.05,11,283
2,0.05,11,539
3,0.05,11,174
1,0.05,11,176
2,0.05,11,544
3,0.05,11,78
1,0.05,11,59
2,0.05,11,356
3,0.05,11,29
1,0.05,11,57
2,0.05,11,231
3,0.05,11,21
1,0.05,11,70
2,0.05,11,327
3,0.05,11,24
1,0.05,11,208
2,0.05,11,492
3,0.05,11,114
1,0.05,11,102
2,0.05,11,374
3,0.05,11,41
1,0.05,11,209
2,0.05,11,472
3,0.05,11,125
1,0.05,11,186
2,0.05,11,421
3,0.05,11,115
1,0.05,11,98
2,0.05,11,397
3,0.05,11,39
1,0.05,11,348
2,0.05,11,597
3,0.05,11,225
1,0.05,11,145
2,0.05,11,438
3,0.05,11,81
1,0.05,11,467
2,0.05,11,833
3,0.05,11,230
1,0.05,11,117
2,0.05,11,382
3,0.05,11,50
1,0.05,11,234
2,0.05,11,597
3,0.05,11,87
1,0.05,21,56
2,0.05,21,255
3,0.05,21,22
1,0.05,21,37
2,0.05,21,224
3,0.05,21,10
1,0.05,21,123
2,0.05,21,466
3,0.05,21,64
1,0.05,21,277
2,0.05,21,664
3,0.05,21,165
1,0.05,21,237
2,0.05,21,605
3,0.05,21,97
1,0.05,21,93
2,0.05,21,323
3,0.05,21,52
1,0.05,21,122
2,0.05,21,397
3,0.05,21,56
1,0.05,21,113
2,0.05,21,297
3,0.05,21,69
1,0.05,21,222
2,0.05,21,514
3,0.05,21,137
1,0.05,21,633
2,0.05,21,821
3,0.05,21,465
1,0.05,21,356
2,0.05,21,698
3,0.05,21,211
1,0.05,21,190
2,0.05,21,487
3,0.05,21,99
1,0.05,21,192
2,0.05,21,585
3,0.05,21,98
1,0.05,21,410
2,0.05,21,682
3,0.05,21,290
1,0.05,21,189
2,0.05,21,434
3,0.05,21,105
1,0.05,21,607
2,0.05,21,760
3,0.05,21,501
1,0.05,21,528
2,0.05,21,754
3,0.05,21,320
1,0.05,21,214
2,0.05,21,548
3,0.05,21,128
1,0.05,21,12
2,0.05,21,67
3,0.05,21,5
1,0.05,21,113
2,0.05,21,384
3,0.05,21,50
1,0.05,21,747
2,0.05,21,905
3,0.05,21,562
1,0.05,21,147
2,0.05,21,370
3,0.05,21,86
1,0.05,21,29
2,0.05,21,187
3,0.05,21,11
1,0.05,21,58
2,0.05,21,285
3,0.05,21,19
1,0.05,21,415
2,0.05,21,607
3,0.05,21,305
1,0.05,21,427
2,0.05,21,977
3,0.05,21,107
1,0.05,21,12
2,0.05,21,120
3,0.05,21,3
1,0.05,21,237
2,0.05,21,475
3,0.05,21,143
1,0.05,21,109
2,0.05,21,332
3,0.05,21,64
1,0.05,21,105
2,0.05,21,385
3,0.05,21,44
1,0.05,21,178
2,0.05,21,423
3,0.05,21,127
1,0.05,21,25
2,0.05,21,172
3,0.05,21,9
1,0.05,21,192
2,0.05,21,574
3,0.05,21,99
1,0.05,21,121
2,0.05,21,526
3,0.05,21,59
1,0.05,21,131
2,0.05,21,420
3,0.05,21,76
1,0.05,21,452
2,0.05,21,759
3,0.05,21,259
1,0.05,21,124
2,0.05,21,497
3,0.05,21,42
1,0.05,21,228
2,0.05,21,678
3,0.05,21,96
1,0.05,21,15
2,0.05,21,223
3,0.05,21,1
1,0.05,21,234
2,0.05,21,629
3,0.05,21,114
1,0.05,21,121
2,0.05,21,350
3,0.05,21,65
1,0.05,21,143
2,0.05,21,367
3,0.05,21,82
1,0.05,21,198
2,0.05,21,571
3,0.05,21,111
1,0.05,21,238
2,0.05,21,543
3,0.05,21,124
1,0.05,21,314
2,0.05,21,549
3,0.05,21,222
1,0.05,21,100
2,0.05,21,424
3,0.05,21,46
1,0.05,21,91
2,0.05,21,259
3,0.05,21,42
1,0.05,21,370
2,0.05,21,814
3,0.05,21,162
1,0.05,21,26
2,0.05,21,199
3,0.05,21,10
1,0.05,21,71
2,0.05,21,220
3,0.05,21,35
1,0.05,21,95
2,0.05,21,348
3,0.05,21,50
1,0.05,21,40
2,0.05,21,301
3,0.05,21,12
1,0.05,21,28
2,0.05,21,202
3,0.05,21,14
1,0.05,21,223
2,0.05,21,389
3,0.05,21,141
1,0.05,21,146
2,0.05,21,487
3,0.05,21,71
1,0.05,21,199
2,0.05,21,486
3,0.05,21,127
1,0.05,21,95
2,0.05,21,366
3,0.05,21,57
1,0.05,21,204
2,0.05,21,488
3,0.05,21,117
1,0.05,21,16
2,0.05,21,179
3,0.05,21,2
1,0.05,21,141
2,0.05,21,384
3,0.05,21,62
1,0.05,21,77
2,0.05,21,280
3,0.05,21,48
1,0.05,21,393
2,0.05,21,548
3,0.05,21,278
1,0.05,21,538
2,0.05,21,788
3,0.05,21,298
1,0.05,21,451
2,0.05,21,677
3,0.05,21,302
1,0.05,21,58
2,0.05,21,265
3,0.05,21,27
1,0.05,21,181
2,0.05,21,479
3,0.05,21,98
1,0.05,21,80
2,0.05,21,372
3,0.05,21,36
1,0.05,21,215
2,0.05,21,531
3,0.05,21,125
1,0.05,21,27
2,0.05,21,186
3,0.05,21,9
1,0.05,21,829
2,0.05,21,940
3,0.05,21,627
1,0.05,21,898
2,0.05,21,984
3,0.05,21,605
1,0.05,21,81
2,0.05,21,300
3,0.05,21,44
1,0.05,21,309
2,0.05,21,593
3,0.05,21,185
1,0.05,21,162
2,0.05,21,429
3,0.05,21,77
1,0.05,21,492
2,0.05,21,810
3,0.05,21,261
1,0.05,21,316
2,0.05,21,501
3,0.05,21,190
1,0.05,21,210
2,0.05,21,555
3,0.05,21,98
1,0.05,21,74
2,0.05,21,382
3,0.05,21,34
1,0.05,21,515
2,0.05,21,698
3,0.05,21,393
1,0.05,21,171
2,0.05,21,442
3,0.05,21,104
1,0.05,21,194
2,0.05,21,545
3,0.05,21,99
1,0.05,21,39
2,0.05,21,325
3,0.05,21,8
1,0.05,21,57
2,0.05,21,260
3,0.05,21,25
1,0.05,21,29
2,0.05,21,286
3,0.05,21,5
1,0.05,21,345
2,0.05,21,554
3,0.05,21,242
1,0.05,21,406
2,0.05,21,663
3,0.05,21,298
1,0.05,21,207
2,0.05,21,548
3,0.05,21,97
1,0.05,21,51
2,0.05,21,299
3,0.05,21,20
1,0.05,21,79
2,0.05,21,402
3,0.05,21,32
1,0.05,21,90
2,0.05,21,358
3,0.05,21,40
1,0.05,21,319
2,0.05,21,624
3,0.05,21,180
1,0.05,21,43
2,0.05,21,227
3,0.05,21,22
1,0.05,21,167
2,0.05,21,489
3,0.05,21,87
1,0.05,21,36
2,0.05,21,218
3,0.05,21,17
1,0.05,21,165
2,0.05,21,461
3,0.05,21,70
1,0.05,21,425
2,0.05,21,722
3,0.05,21,257
1,0.05,21,145
2,0.05,21,389
3,0.05,21,94
1,0.05,21,707
2,0.05,21,958
3,0.05,21,365
1,0.05,21,43
2,0.05,21,259
3,0.05,21,15
1,0.05,21,396
2,0.05,21,836
3,0.05,21,173
1,0.05,41,16
2,0.05,41,89
3,0.05,41,7
1,0.05,41,92
2,0.05,41,455
3,0.05,41,45
1,0.05,41,9
2,0.05,41,76
3,0.05,41,3
1,0.05,41,181
2,0.05,41,446
3,0.05,41,98
1,0.05,41,58
2,0.05,41,291
3,0.05,41,25
1,0.05,41,199
2,0.05,41,429
3,0.05,41,130
1,0.05,41,137
2,0.05,41,289
3,0.05,41,90
1,0.05,41,63
2,0.05,41,240
3,0.05,41,36
1,0.05,41,468
2,0.05,41,710
3,0.05,41,318
1,0.05,41,471
2,0.05,41,807
3,0.05,41,332
1,0.05,41,838
2,0.05,41,940
3,0.05,41,639
1,0.05,41,22
2,0.05,41,133
3,0.05,41,7
1,0.05,41,377
2,0.05,41,829
3,0.05,41,201
1,0.05,41,348
2,0.05,41,568
3,0.05,41,257
1,0.05,41,375
2,0.05,41,652
3,0.05,41,270
1,0.05,41,632
2,0.05,41,771
3,0.05,41,510
1,0.05,41,250
2,0.05,41,404
3,0.05,41,174
1,0.05,41,333
2,0.05,41,606
3,0.05,41,211
1,0.05,41,56
2,0.05,41,253
3,0.05,41,26
1,0.05,41,98
2,0.05,41,410
3,0.05,41,36
1,0.05,41,159
2,0.05,41,222
3,0.05,41,133
1,0.05,41,133
2,0.05,41,360
3,0.05,41,82
1,0.05,41,5
2,0.05,41,90
3,0.05,41,2
1,0.05,41,139
2,0.05,41,495
3,0.05,41,90
1,0.05,41,234
2,0.05,41,409
3,0.05,41,171
1,0.05,41,81
2,0.05,41,269
3,0.05,41,37
1,0.05,41,44
2,0.05,41,159
3,0.05,41,23
1,0.05,41,98
2,0.05,41,265
3,0.05,41,46
1,0.05,41,180
2,0.05,41,642
3,0.05,41,78
1,0.05,41,72
2,0.05,41,491
3,0.05,41,28
1,0.05,41,235
2,0.05,41,537
3,0.05,41,151
1,0.05,41,8
2,0.05,41,117
3,0.05,41,2
1,0.05,41,202
2,0.05,41,625
3,0.05,41,88
1,0.05,41,56
2,0.05,41,237
3,0.05,41,27
1,0.05,41,179
2,0.05,41,444
3,0.05,41,108
1,0.05,41,511
2,0.05,41,697
3,0.05,41,399
1,0.05,41,152
2,0.05,41,587
3,0.05,41,71
1,0.05,41,96
2,0.05,41,326
3,0.05,41,40
1,0.05,41,3
2,0.05,41,64
3,0.05,41,2
1,0.05,41,76
2,0.05,41,400
3,0.05,41,49
1,0.05,41,41
2,0.05,41,157
3,0.05,41,20
1,0.05,41,318
2,0.05,41,651
3,0.05,41,201
1,0.05,41,91
2,0.05,41,179
3,0.05,41,60
1,0.05,41,93
2,0.05,41,288
3,0.05,41,44
1,0.05,41,781
2,0.05,41,934
3,0.05,41,604
1,0.05,41,115
2,0.05,41,297
3,0.05,41,63
1,0.05,41,37
2,0.05,41,162
3,0.05,41,14
1,0.05,41,424
2,0.05,41,946
3,0.05,41,142
1,0.05,41,83
2,0.05,41,466
3,0.05,41,36
1,0.05,41,137
2,0.05,41,448
3,0.05,41,68
1,0.05,41,72
2,0.05,41,312
3,0.05,41,26
1,0.05,41,39
2,0.05,41,214
3,0.05,41,15
1,0.05,41,28
2,0.05,41,250
3,0.05,41,15
1,0.05,41,221
2,0.05,41,464
3,0.05,41,135
1,0.05,41,132
2,0.05,41,363
3,0.05,41,74
1,0.05,41,27
2,0.05,41,184
3,0.05,41,6
1,0.05,41,56
2,0.05,41,182
3,0.05,41,31
1,0.05,41,204
2,0.05,41,495
3,0.05,41,108
1,0.05,41,6
2,0.05,41,145
3,0.05,41,3
1,0.05,41,211
2,0.05,41,537
3,0.05,41,129
1,0.05,41,110
2,0.05,41,370
3,0.05,41,49
1,0.05,41,154
2,0.05,41,310
3,0.05,41,101
1,0.05,41,248
2,0.05,41,446
3,0.05,41,173
1,0.05,41,269
2,0.05,41,507
3,0.05,41,184
1,0.05,41,71
2,0.05,41,353
3,0.05,41,24
1,0.05,41,103
2,0.05,41,201
3,0.05,41,67
1,0.05,41,48
2,0.05,41,242
3,0.05,41,22
1,0.05,41,120
2,0.05,41,257
3,0.05,41,76
1,0.05,41,60
2,0.05,41,373
3,0.05,41,29
1,0.05,41,434
2,0.05,41,533
3,0.05,41,363
1,0.05,41,77
2,0.05,41,107
3,0.05,41,50
1,0.05,41,291
2,0.05,41,571
3,0.05,41,194
1,0.05,41,161
2,0.05,41,403
3,0.05,41,97
1,0.05,41,49
2,0.05,41,185
3,0.05,41,17
1,0.05,41,100
2,0.05,41,345
3,0.05,41,45
1,0.05,41,288
2,0.05,41,572
3,0.05,41,175
1,0.05,41,60
2,0.05,41,214
3,0.05,41,35
1,0.05,41,14
2,0.05,41,123
3,0.05,41,4
1,0.05,41,516
2,0.05,41,819
3,0.05,41,361
1,0.05,41,78
2,0.05,41,505
3,0.05,41,32
1,0.05,41,212
2,0.05,41,395
3,0.05,41,129
1,0.05,41,10
2,0.05,41,157
3,0.05,41,3
1,0.05,41,4
2,0.05,41,109
3,0.05,41,1
1,0.05,41,33
2,0.05,41,494
3,0.05,41,6
1,0.05,41,346
2,0.05,41,598
3,0.05,41,238
1,0.05,41,159
2,0.05,41,428
3,0.05,41,92
1,0.05,41,244
2,0.05,41,557
3,0.05,41,174
1,0.05,41,15
2,0.05,41,174
3,0.05,41,8
1,0.05,41,81
2,0.05,41,376
3,0.05,41,36
1,0.05,41,84
2,0.05,41,292
3,0.05,41,37
1,0.05,41,334
2,0.05,41,609
3,0.05,41,196
1,0.05,41,16
2,0.05,41,141
3,0.05,41,8
1,0.05,41,256
2,0.05,41,610
3,0.05,41,144
1,0.05,41,25
2,0.05,41,137
3,0.05,41,10
1,0.05,41,34
2,0.05,41,106
3,0.05,41,16
1,0.05,41,173
2,0.05,41,312
3,0.05,41,130
1,0.05,41,24
2,0.05,41,225
3,0.05,41,12
1,0.05,41,171
2,0.05,41,378
3,0.05,41,107
1,0.05,41,57
2,0.05,41,240
3,0.05,41,29
1,0.05,41,215
2,0.05,41,577
3,0.05,41,113
1,0.05,81,8
2,0.05,81,94
3,0.05,81,2
1,0.05,81,49
2,0.05,81,164
3,0.05,81,23
1,0.05,81,37
2,0.05,81,265
3,0.05,81,12
1,0.05,81,52
2,0.05,81,137
3,0.05,81,30
1,0.05,81,10
2,0.05,81,57
3,0.05,81,5
1,0.05,81,312
2,0.05,81,442
3,0.05,81,238
1,0.05,81,58
2,0.05,81,221
3,0.05,81,28
1,0.05,81,83
2,0.05,81,286
3,0.05,81,52
1,0.05,81,178
2,0.05,81,412
3,0.05,81,122
1,0.05,81,108
2,0.05,81,324
3,0.05,81,65
1,0.05,81,5
2,0.05,81,19
3,0.05,81,3
1,0.05,81,3
2,0.05,81,55
3,0.05,81,1
1,0.05,81,67
2,0.05,81,119
3,0.05,81,44
1,0.05,81,227
2,0.05,81,533
3,0.05,81,142
1,0.05,81,173
2,0.05,81,454
3,0.05,81,117
1,0.05,81,471
2,0.05,81,603
3,0.05,81,403
1,0.05,81,243
2,0.05,81,526
3,0.05,81,165
1,0.05,81,314
2,0.05,81,561
3,0.05,81,240
1,0.05,81,26
2,0.05,81,103
3,0.05,81,15
1,0.05,81,18
2,0.05,81,89
3,0.05,81,9
1,0.05,81,183
2,0.05,81,430
3,0.05,81,116
1,0.05,81,45
2,0.05,81,143
3,0.05,81,26
1,0.05,81,6
2,0.05,81,118
3,0.05,81,3
1,0.05,81,41
2,0.05,81,169
3,0.05,81,20
1,0.05,81,210
2,0.05,81,339
3,0.05,81,173
1,0.05,81,37
2,0.05,81,181
3,0.05,81,15
1,0.05,81,202
2,0.05,81,621
3,0.05,81,124
1,0.05,81,78
2,0.05,81,302
3,0.05,81,46
1,0.05,81,105
2,0.05,81,324
3,0.05,81,47
1,0.05,81,100
2,0.05,81,310
3,0.05,81,46
1,0.05,81,129
2,0.05,81,237
3,0.05,81,79
1,0.05,81,8
2,0.05,81,122
3,0.05,81,3
1,0.05,81,46
2,0.05,81,344
3,0.05,81,14
1,0.05,81,5
2,0.05,81,25
3,0.05,81,1
1,0.05,81,29
2,0.05,81,117
3,0.05,81,21
1,0.05,81,231
2,0.05,81,491
3,0.05,81,152
1,0.05,81,120
2,0.05,81,360
3,0.05,81,73
1,0.05,81,168
2,0.05,81,553
3,0.05,81,83
1,0.05,81,17
2,0.05,81,148
3,0.05,81,10
1,0.05,81,37
2,0.05,81,186
3,0.05,81,20
1,0.05,81,37
2,0.05,81,201
3,0.05,81,15
1,0.05,81,205
2,0.05,81,481
3,0.05,81,148
1,0.05,81,82
2,0.05,81,284
3,0.05,81,43
1,0.05,81,7
2,0.05,81,93
3,0.05,81,4
1,0.05,81,351
2,0.05,81,617
3,0.05,81,245
1,0.05,81,93
2,0.05,81,286
3,0.05,81,55
1,0.05,81,9
2,0.05,81,117
3,0.05,81,0
1,0.05,81,165
2,0.05,81,452
3,0.05,81,106
1,0.05,81,62
2,0.05,81,573
3,0.05,81,14
1,0.05,81,15
2,0.05,81,119
3,0.05,81,2
1,0.05,81,42
2,0.05,81,211
3,0.05,81,17
1,0.05,81,29
2,0.05,81,169
3,0.05,81,13
1,0.05,81,41
2,0.05,81,171
3,0.05,81,22
1,0.05,81,133
2,0.05,81,312
3,0.05,81,93
1,0.05,81,400
2,0.05,81,799
3,0.05,81,223
1,0.05,81,136
2,0.05,81,647
3,0.05,81,51
1,0.05,81,26
2,0.05,81,171
3,0.05,81,9
1,0.05,81,126
2,0.05,81,452
3,0.05,81,66
1,0.05,81,21
2,0.05,81,260
3,0.05,81,5
1,0.05,81,86
2,0.05,81,190
3,0.05,81,54
1,0.05,81,61
2,0.05,81,280
3,0.05,81,39
1,0.05,81,374
2,0.05,81,637
3,0.05,81,245
1,0.05,81,284
2,0.05,81,485
3,0.05,81,205
1,0.05,81,69
2,0.05,81,231
3,0.05,81,43
1,0.05,81,157
2,0.05,81,439
3,0.05,81,102
1,0.05,81,120
2,0.05,81,335
3,0.05,81,71
1,0.05,81,2
2,0.05,81,62
3,0.05,81,1
1,0.05,81,71
2,0.05,81,251
3,0.05,81,50
1,0.05,81,25
2,0.05,81,182
3,0.05,81,10
1,0.05,81,306
2,0.05,81,513
3,0.05,81,225
1,0.05,81,15
2,0.05,81,66
3,0.05,81,3
1,0.05,81,182
2,0.05,81,570
3,0.05,81,96
1,0.05,81,30
2,0.05,81,211
3,0.05,81,17
1,0.05,81,35
2,0.05,81,200
3,0.05,81,16
1,0.05,81,92
2,0.05,81,374
3,0.05,81,52
1,0.05,81,111
2,0.05,81,316
3,0.05,81,66
1,0.05,81,64
2,0.05,81,256
3,0.05,81,31
1,0.05,81,18
2,0.05,81,78
3,0.05,81,14
1,0.05,81,353
2,0.05,81,527
3,0.05,81,263
1,0.05,81,110
2,0.05,81,315
3,0.05,81,59
1,0.05,81,176
2,0.05,81,499
3,0.05,81,93
1,0.05,81,17
2,0.05,81,249
3,0.05,81,4
1,0.05,81,1
2,0.05,81,158
3,0.05,81,0
1,0.05,81,4
2,0.05,81,51
3,0.05,81,1
1,0.05,81,181
2,0.05,81,384
3,0.05,81,111
1,0.05,81,151
2,0.05,81,404
3,0.05,81,100
1,0.05,81,111
2,0.05,81,459
3,0.05,81,60
1,0.05,81,113
2,0.05,81,442
3,0.05,81,53
1,0.05,81,239
2,0.05,81,558
3,0.05,81,133
1,0.05,81,57
2,0.05,81,337
3,0.05,81,20
1,0.05,81,66
2,0.05,81,149
3,0.05,81,34
1,0.05,81,35
2,0.05,81,221
3,0.05,81,11
1,0.05,81,169
2,0.05,81,458
3,0.05,81,109
1,0.05,81,59
2,0.05,81,276
3,0.05,81,27
1,0.05,81,72
2,0.05,81,316
3,0.05,81,41
1,0.05,81,408
2,0.05,81,719
3,0.05,81,281
1,0.05,81,155
2,0.05,81,363
3,0.05,81,98
1,0.05,81,174
2,0.05,81,457
3,0.05,81,116
1,0.05,81,13
2,0.05,81,177
3,0.05,81,4
1,0.05,81,151
2,0.05,81,573
3,0.05,81,76
1,0.05,101,30
2,0.05,101,192
3,0.05,101,13
1,0.05,101,22
2,0.05,101,141
3,0.05,101,10
1,0.05,101,126
2,0.05,101,445
3,0.05,101,83
1,0.05,101,1
2,0.05,101,13
3,0.05,101,0
1,0.05,101,3
2,0.05,101,26
3,0.05,101,1
1,0.05,101,95
2,0.05,101,334
3,0.05,101,45
1,0.05,101,27
2,0.05,101,115
3,0.05,101,17
1,0.05,101,60
2,0.05,101,280
3,0.05,101,27
1,0.05,101,75
2,0.05,101,210
3,0.05,101,43
1,0.05,101,9
2,0.05,101,34
3,0.05,101,4
1,0.05,101,16
2,0.05,101,122
3,0.05,101,2
1,0.05,101,10
2,0.05,101,146
3,0.05,101,3
1,0.05,101,120
2,0.05,101,751
3,0.05,101,32
1,0.05,101,119
2,0.05,101,207
3,0.05,101,94
1,0.05,101,61
2,0.05,101,268
3,0.05,101,37
1,0.05,101,139
2,0.05,101,248
3,0.05,101,112
1,0.05,101,589
2,0.05,101,816
3,0.05,101,434
1,0.05,101,50
2,0.05,101,100
3,0.05,101,31
1,0.05,101,0
2,0.05,101,42
3,0.05,101,0
1,0.05,101,30
2,0.05,101,110
3,0.05,101,11
1,0.05,101,19
2,0.05,101,121
3,0.05,101,7
1,0.05,101,5
2,0.05,101,46
3,0.05,101,2
1,0.05,101,31
2,0.05,101,191
3,0.05,101,15
1,0.05,101,44
2,0.05,101,243
3,0.05,101,25
1,0.05,101,168
2,0.05,101,481
3,0.05,101,103
1,0.05,101,42
2,0.05,101,160
3,0.05,101,17
1,0.05,101,57
2,0.05,101,256
3,0.05,101,36
1,0.05,101,137
2,0.05,101,356
3,0.05,101,92
1,0.05,101,153
2,0.05,101,268
3,0.05,101,95
1,0.05,101,39
2,0.05,101,169
3,0.05,101,18
1,0.05,101,13
2,0.05,101,96
3,0.05,101,6
1,0.05,101,21
2,0.05,101,264
3,0.05,101,6
1,0.05,101,10
2,0.05,101,104
3,0.05,101,7
1,0.05,101,18
2,0.05,101,100
3,0.05,101,12
1,0.05,101,0
2,0.05,101,23
3,0.05,101,0
1,0.05,101,276
2,0.05,101,416
3,0.05,101,217
1,0.05,101,131
2,0.05,101,535
3,0.05,101,67
1,0.05,101,65
2,0.05,101,167
3,0.05,101,49
1,0.05,101,20
2,0.05,101,170
3,0.05,101,7
1,0.05,101,121
2,0.05,101,252
3,0.05,101,72
1,0.05,101,76
2,0.05,101,205
3,0.05,101,54
1,0.05,101,238
2,0.05,101,438
3,0.05,101,188
1,0.05,101,207
2,0.05,101,558
3,0.05,101,108
1,0.05,101,39
2,0.05,101,206
3,0.05,101,23
1,0.05,101,466
2,0.05,101,735
3,0.05,101,336
1,0.05,101,73
2,0.05,101,169
3,0.05,101,39
1,0.05,101,68
2,0.05,101,204
3,0.05,101,36
1,0.05,101,5
2,0.05,101,41
3,0.05,101,4
1,0.05,101,50
2,0.05,101,477
3,0.05,101,23
1,0.05,101,136
2,0.05,101,388
3,0.05,101,90
1,0.05,101,14
2,0.05,101,128
3,0.05,101,5
1,0.05,101,27
2,0.05,101,237
3,0.05,101,13
1,0.05,101,52
2,0.05,101,174
3,0.05,101,35
1,0.05,101,493
2,0.05,101,932
3,0.05,101,236
1,0.05,101,238
2,0.05,101,549
3,0.05,101,156
1,0.05,101,12
2,0.05,101,98
3,0.05,101,8
1,0.05,101,21
2,0.05,101,82
3,0.05,101,8
1,0.05,101,57
2,0.05,101,258
3,0.05,101,29
1,0.05,101,95
2,0.05,101,352
3,0.05,101,42
1,0.05,101,23
2,0.05,101,109
3,0.05,101,13
1,0.05,101,53
2,0.05,101,352
3,0.05,101,16
1,0.05,101,298
2,0.05,101,720
3,0.05,101,208
1,0.05,101,103
2,0.05,101,303
3,0.05,101,68
1,0.05,101,36
2,0.05,101,173
3,0.05,101,16
1,0.05,101,23
2,0.05,101,232
3,0.05,101,4
1,0.05,101,59
2,0.05,101,216
3,0.05,101,33
1,0.05,101,12
2,0.05,101,96
3,0.05,101,6
1,0.05,101,151
2,0.05,101,409
3,0.05,101,96
1,0.05,101,82
2,0.05,101,450
3,0.05,101,22
1,0.05,101,668
2,0.05,101,978
3,0.05,101,438
1,0.05,101,80
2,0.05,101,296
3,0.05,101,44
1,0.05,101,100
2,0.05,101,195
3,0.05,101,70
1,0.05,101,8
2,0.05,101,67
3,0.05,101,6
1,0.05,101,78
2,0.05,101,253
3,0.05,101,46
1,0.05,101,39
2,0.05,101,107
3,0.05,101,27
1,0.05,101,377
2,0.05,101,680
3,0.05,101,293
1,0.05,101,3
2,0.05,101,80
3,0.05,101,0
1,0.05,101,77
2,0.05,101,258
3,0.05,101,47
1,0.05,101,298
2,0.05,101,689
3,0.05,101,194
1,0.05,101,119
2,0.05,101,377
3,0.05,101,58
1,0.05,101,33
2,0.05,101,74
3,0.05,101,22
1,0.05,101,42
2,0.05,101,332
3,0.05,101,19
1,0.05,101,81
2,0.05,101,653
3,0.05,101,29
1,0.05,101,25
2,0.05,101,160
3,0.05,101,12
1,0.05,101,266
2,0.05,101,685
3,0.05,101,168
1,0.05,101,321
2,0.05,101,586
3,0.05,101,231
1,0.05,101,188
2,0.05,101,436
3,0.05,101,112
1,0.05,101,173
2,0.05,101,610
3,0.05,101,96
1,0.05,101,30
2,0.05,101,347
3,0.05,101,11
1,0.05,101,32
2,0.05,101,109
3,0.05,101,17
1,0.05,101,212
2,0.05,101,661
3,0.05,101,120
1,0.05,101,63
2,0.05,101,255
3,0.05,101,34
1,0.05,101,246
2,0.05,101,443
3,0.05,101,174
1,0.05,101,17
2,0.05,101,64
3,0.05,101,10
1,0.05,101,171
2,0.05,101,841
3,0.05,101,53
1,0.05,101,34
2,0.05,101,56
3,0.05,101,24
1,0.05,101,2
2,0.05,101,7
3,0.05,101,1
1,0.05,101,127
2,0.05,101,496
3,0.05,101,58
1,0.05,101,51
2,0.05,101,242
3,0.05,101,26
1,0.05,101,135
2,0.05,101,584
3,0.05,101,65
1,0.05,201,55
2,0.05,201,465
3,0.05,201,19
1,0.05,201,2
2,0.05,201,43
3,0.05,201,2
1,0.05,201,10
2,0.05,201,43
3,0.05,201,2
1,0.05,201,18
2,0.05,201,186
3,0.05,201,4
1,0.05,201,29
2,0.05,201,149
3,0.05,201,15
1,0.05,201,22
2,0.05,201,60
3,0.05,201,14
1,0.05,201,27
2,0.05,201,130
3,0.05,201,16
1,0.05,201,14
2,0.05,201,85
3,0.05,201,6
1,0.05,201,102
2,0.05,201,274
3,0.05,201,73
1,0.05,201,27
2,0.05,201,192
3,0.05,201,12
1,0.05,201,20
2,0.05,201,107
3,0.05,201,12
1,0.05,201,6
2,0.05,201,63
3,0.05,201,4
1,0.05,201,12
2,0.05,201,41
3,0.05,201,8
1,0.05,201,232
2,0.05,201,955
3,0.05,201,110
1,0.05,201,103
2,0.05,201,429
3,0.05,201,64
1,0.05,201,258
2,0.05,201,495
3,0.05,201,194
1,0.05,201,253
2,0.05,201,673
3,0.05,201,169
1,0.05,201,30
2,0.05,201,44
3,0.05,201,20
1,0.05,201,0
2,0.05,201,3
3,0.05,201,0
1,0.05,201,8
2,0.05,201,114
3,0.05,201,1
1,0.05,201,84
2,0.05,201,268
3,0.05,201,49
1,0.05,201,11
2,0.05,201,77
3,0.05,201,7
1,0.05,201,29
2,0.05,201,142
3,0.05,201,7
1,0.05,201,6
2,0.05,201,57
3,0.05,201,3
1,0.05,201,193
2,0.05,201,453
3,0.05,201,150
1,0.05,201,0
2,0.05,201,21
3,0.05,201,0
1,0.05,201,56
2,0.05,201,308
3,0.05,201,28
1,0.05,201,378
2,0.05,201,695
3,0.05,201,248
1,0.05,201,378
2,0.05,201,721
3,0.05,201,277
1,0.05,201,9
2,0.05,201,99
3,0.05,201,2
1,0.05,201,1
2,0.05,201,36
3,0.05,201,0
1,0.05,201,53
2,0.05,201,224
3,0.05,201,31
1,0.05,201,2
2,0.05,201,13
3,0.05,201,1
1,0.05,201,4
2,0.05,201,57
3,0.05,201,1
1,0.05,201,40
2,0.05,201,84
3,0.05,201,20
1,0.05,201,485
2,0.05,201,616
3,0.05,201,403
1,0.05,201,53
2,0.05,201,194
3,0.05,201,37
1,0.05,201,39
2,0.05,201,97
3,0.05,201,32
1,0.05,201,8
2,0.05,201,96
3,0.05,201,4
1,0.05,201,43
2,0.05,201,109
3,0.05,201,25
1,0.05,201,0
2,0.05,201,25
3,0.05,201,0
1,0.05,201,215
2,0.05,201,493
3,0.05,201,134
1,0.05,201,108
2,0.05,201,214
3,0.05,201,73
1,0.05,201,3
2,0.05,201,33
3,0.05,201,1
1,0.05,201,191
2,0.05,201,372
3,0.05,201,140
1,0.05,201,187
2,0.05,201,552
3,0.05,201,110
1,0.05,201,51
2,0.05,201,242
3,0.05,201,27
1,0.05,201,36
2,0.05,201,156
3,0.05,201,17
1,0.05,201,45
2,0.05,201,168
3,0.05,201,31
1,0.05,201,13
2,0.05,201,82
3,0.05,201,10
1,0.05,201,32
2,0.05,201,177
3,0.05,201,18
1,0.05,201,2
2,0.05,201,14
3,0.05,201,2
1,0.05,201,1
2,0.05,201,17
3,0.05,201,0
1,0.05,201,32
2,0.05,201,86
3,0.05,201,16
1,0.05,201,45
2,0.05,201,107
3,0.05,201,25
1,0.05,201,0
2,0.05,201,2
3,0.05,201,0
1,0.05,201,31
2,0.05,201,140
3,0.05,201,15
1,0.05,201,56
2,0.05,201,216
3,0.05,201,31
1,0.05,201,8
2,0.05,201,41
3,0.05,201,7
1,0.05,201,14
2,0.05,201,155
3,0.05,201,4
1,0.05,201,35
2,0.05,201,105
3,0.05,201,20
1,0.05,201,101
2,0.05,201,251
3,0.05,201,67
1,0.05,201,86
2,0.05,201,281
3,0.05,201,48
1,0.05,201,174
2,0.05,201,411
3,0.05,201,133
1,0.05,201,20
2,0.05,201,92
3,0.05,201,11
1,0.05,201,13
2,0.05,201,38
3,0.05,201,7
1,0.05,201,15
2,0.05,201,82
3,0.05,201,11
1,0.05,201,31
2,0.05,201,105
3,0.05,201,20
1,0.05,201,19
2,0.05,201,139
3,0.05,201,9
1,0.05,201,175
2,0.05,201,247
3,0.05,201,135
1,0.05,201,35
2,0.05,201,94
3,0.05,201,28
1,0.05,201,79
2,0.05,201,161
3,0.05,201,56
1,0.05,201,1
2,0.05,201,1
3,0.05,201,0
1,0.05,201,23
2,0.05,201,80
3,0.05,201,7
1,0.05,201,26
2,0.05,201,148
3,0.05,201,14
1,0.05,201,201
2,0.05,201,364
3,0.05,201,143
1,0.05,201,0
2,0.05,201,29
3,0.05,201,0
1,0.05,201,0
2,0.05,201,60
3,0.05,201,0
1,0.05,201,113
2,0.05,201,274
3,0.05,201,82
1,0.05,201,124
2,0.05,201,323
3,0.05,201,85
1,0.05,201,14
2,0.05,201,45
3,0.05,201,2
1,0.05,201,24
2,0.05,201,139
3,0.05,201,17
1,0.05,201,4
2,0.05,201,52
3,0.05,201,0
1,0.05,201,7
2,0.05,201,51
3,0.05,201,2
1,0.05,201,241
2,0.05,201,493
3,0.05,201,165
1,0.05,201,346
2,0.05,201,517
3,0.05,201,266
1,0.05,201,31
2,0.05,201,91
3,0.05,201,25
1,0.05,201,41
2,0.05,201,220
3,0.05,201,25
1,0.05,201,151
2,0.05,201,612
3,0.05,201,72
1,0.05,201,35
2,0.05,201,358
3,0.05,201,14
1,0.05,201,304
2,0.05,201,491
3,0.05,201,230
1,0.05,201,85
2,0.05,201,219
3,0.05,201,66
1,0.05,201,92
2,0.05,201,256
3,0.05,201,66
1,0.05,201,38
2,0.05,201,161
3,0.05,201,28
1,0.05,201,32
2,0.05,201,212
3,0.05,201,17
1,0.05,201,65
2,0.05,201,120
3,0.05,201,52
1,0.05,201,0
2,0.05,201,19
3,0.05,201,0
1,0.05,201,116
2,0.05,201,457
3,0.05,201,51
1,0.05,201,5
2,0.05,201,62
3,0.05,201,2
1,0.05,201,278
2,0.05,201,631
3,0.05,201,138
1,0.1,11,68
2,0.1,11,304
3,0.1,11,26
1,0.1,11,21
2,0.1,11,199
3,0.1,11,4
1,0.1,11,99
2,0.1,11,334
3,0.1,11,55
1,0.1,11,74
2,0.1,11,279
3,0.1,11,31
1,0.1,11,238
2,0.1,11,589
3,0.1,11,101
1,0.1,11,180
2,0.1,11,469
3,0.1,11,106
1,0.1,11,114
2,0.1,11,344
3,0.1,11,63
1,0.1,11,20
2,0.1,11,225
3,0.1,11,6
1,0.1,11,184
2,0.1,11,439
3,0.1,11,113
1,0.1,11,235
2,0.1,11,538
3,0.1,11,150
1,0.1,11,141
2,0.1,11,396
3,0.1,11,94
1,0.1,11,48
2,0.1,11,222
3,0.1,11,21
1,0.1,11,134
2,0.1,11,420
3,0.1,11,72
1,0.1,11,105
2,0.1,11,260
3,0.1,11,68
1,0.1,11,86
2,0.1,11,267
3,0.1,11,48
1,0.1,11,448
2,0.1,11,695
3,0.1,11,376
1,0.1,11,65
2,0.1,11,244
3,0.1,11,26
1,0.1,11,73
2,0.1,11,266
3,0.1,11,38
1,0.1,11,71
2,0.1,11,272
3,0.1,11,29
1,0.1,11,75
2,0.1,11,299
3,0.1,11,29
1,0.1,11,407
2,0.1,11,624
3,0.1,11,290
1,0.1,11,110
2,0.1,11,316
3,0.1,11,55
1,0.1,11,99
2,0.1,11,355
3,0.1,11,43
1,0.1,11,19
2,0.1,11,153
3,0.1,11,9
1,0.1,11,274
2,0.1,11,470
3,0.1,11,204
1,0.1,11,93
2,0.1,11,344
3,0.1,11,43
1,0.1,11,65
2,0.1,11,303
3,0.1,11,35
1,0.1,11,111
2,0.1,11,318
3,0.1,11,65
1,0.1,11,147
2,0.1,11,499
3,0.1,11,77
1,0.1,11,57
2,0.1,11,279
3,0.1,11,24
1,0.1,11,187
2,0.1,11,448
3,0.1,11,118
1,0.1,11,22
2,0.1,11,144
3,0.1,11,9
1,0.1,11,14
2,0.1,11,106
3,0.1,11,6
1,0.1,11,72
2,0.1,11,209
3,0.1,11,37
1,0.1,11,81
2,0.1,11,272
3,0.1,11,39
1,0.1,11,480
2,0.1,11,742
3,0.1,11,337
1,0.1,11,90
2,0.1,11,281
3,0.1,11,41
1,0.1,11,58
2,0.1,11,212
3,0.1,11,27
1,0.1,11,55
2,0.1,11,256
3,0.1,11,25
1,0.1,11,25
2,0.1,11,151
3,0.1,11,12
1,0.1,11,205
2,0.1,11,568
3,0.1,11,118
1,0.1,11,61
2,0.1,11,246
3,0.1,11,36
1,0.1,11,165
2,0.1,11,345
3,0.1,11,84
1,0.1,11,122
2,0.1,11,333
3,0.1,11,65
1,0.1,11,126
2,0.1,11,406
3,0.1,11,84
1,0.1,11,117
2,0.1,11,387
3,0.1,11,64
1,0.1,11,75
2,0.1,11,312
3,0.1,11,30
1,0.1,11,133
2,0.1,11,365
3,0.1,11,82
1,0.1,11,20
2,0.1,11,177
3,0.1,11,5
1,0.1,11,40
2,0.1,11,186
3,0.1,11,18
1,0.1,11,25
2,0.1,11,123
3,0.1,11,10
1,0.1,11,87
2,0.1,11,404
3,0.1,11,40
1,0.1,11,113
2,0.1,11,385
3,0.1,11,47
1,0.1,11,203
2,0.1,11,469
3,0.1,11,129
1,0.1,11,230
2,0.1,11,500
3,0.1,11,118
1,0.1,11,111
2,0.1,11,288
3,0.1,11,59
1,0.1,11,53
2,0.1,11,251
3,0.1,11,24
1,0.1,11,107
2,0.1,11,384
3,0.1,11,48
1,0.1,11,40
2,0.1,11,168
3,0.1,11,14
1,0.1,11,85
2,0.1,11,399
3,0.1,11,47
1,0.1,11,37
2,0.1,11,240
3,0.1,11,17
1,0.1,11,77
2,0.1,11,255
3,0.1,11,48
1,0.1,11,129
2,0.1,11,366
3,0.1,11,76
1,0.1,11,171
2,0.1,11,573
3,0.1,11,84
1,0.1,11,12
2,0.1,11,112
3,0.1,11,2
1,0.1,11,18
2,0.1,11,89
3,0.1,11,10
1,0.1,11,49
2,0.1,11,252
3,0.1,11,22
1,0.1,11,210
2,0.1,11,599
3,0.1,11,114
1,0.1,11,24
2,0.1,11,165
3,0.1,11,10
1,0.1,11,269
2,0.1,11,513
3,0.1,11,197
1,0.1,11,365
2,0.1,11,708
3,0.1,11,236
1,0.1,11,53
2,0.1,11,220
3,0.1,11,26
1,0.1,11,135
2,0.1,11,383
3,0.1,11,82
1,0.1,11,89
2,0.1,11,315
3,0.1,11,48
1,0.1,11,42
2,0.1,11,123
3,0.1,11,21
1,0.1,11,127
2,0.1,11,423
3,0.1,11,66
1,0.1,11,58
2,0.1,11,276
3,0.1,11,25
1,0.1,11,118
2,0.1,11,427
3,0.1,11,52
1,0.1,11,196
2,0.1,11,451
3,0.1,11,127
1,0.1,11,95
2,0.1,11,318
3,0.1,11,54
1,0.1,11,60
2,0.1,11,233
3,0.1,11,30
1,0.1,11,46
2,0.1,11,249
3,0.1,11,13
1,0.1,11,42
2,0.1,11,234
3,0.1,11,18
1,0.1,11,54
2,0.1,11,232
3,0.1,11,18
1,0.1,11,119
2,0.1,11,369
3,0.1,11,58
1,0.1,11,183
2,0.1,11,490
3,0.1,11,94
1,0.1,11,26
2,0.1,11,190
3,0.1,11,9
1,0.1,11,40
2,0.1,11,224
3,0.1,11,18
1,0.1,11,56
2,0.1,11,245
3,0.1,11,16
1,0.1,11,34
2,0.1,11,140
3,0.1,11,11
1,0.1,11,199
2,0.1,11,420
3,0.1,11,135
1,0.1,11,72
2,0.1,11,267
3,0.1,11,37
1,0.1,11,105
2,0.1,11,383
3,0.1,11,58
1,0.1,11,99
2,0.1,11,305
3,0.1,11,52
1,0.1,11,85
2,0.1,11,350
3,0.1,11,35
1,0.1,11,285
2,0.1,11,652
3,0.1,11,168
1,0.1,11,31
2,0.1,11,178
3,0.1,11,12
1,0.1,11,167
2,0.1,11,419
3,0.1,11,89
1,0.1,11,53
2,0.1,11,191
3,0.1,11,22
1,0.1,11,126
2,0.1,11,421
3,0.1,11,60
1,0.1,21,30
2,0.1,21,167
3,0.1,21,11
1,0.1,21,18
2,0.1,21,132
3,0.1,21,7
1,0.1,21,133
2,0.1,21,457
3,0.1,21,53
1,0.1,21,107
2,0.1,21,368
3,0.1,21,52
1,0.1,21,133
2,0.1,21,316
3,0.1,21,66
1,0.1,21,95
2,0.1,21,276
3,0.1,21,57
1,0.1,21,82
2,0.1,21,292
3,0.1,21,50
1,0.1,21,38
2,0.1,21,157
3,0.1,21,20
1,0.1,21,124
2,0.1,21,305
3,0.1,21,69
1,0.1,21,237
2,0.1,21,403
3,0.1,21,150
1,0.1,21,277
2,0.1,21,503
3,0.1,21,196
1,0.1,21,67
2,0.1,21,236
3,0.1,21,32
1,0.1,21,110
2,0.1,21,372
3,0.1,21,59
1,0.1,21,171
2,0.1,21,426
3,0.1,21,99
1,0.1,21,169
2,0.1,21,472
3,0.1,21,89
1,0.1,21,677
2,0.1,21,797
3,0.1,21,581
1,0.1,21,173
2,0.1,21,368
3,0.1,21,130
1,0.1,21,128
2,0.1,21,416
3,0.1,21,60
1,0.1,21,17
2,0.1,21,128
3,0.1,21,6
1,0.1,21,77
2,0.1,21,327
3,0.1,21,25
1,0.1,21,253
2,0.1,21,440
3,0.1,21,180
1,0.1,21,74
2,0.1,21,210
3,0.1,21,41
1,0.1,21,44
2,0.1,21,233
3,0.1,21,17
1,0.1,21,58
2,0.1,21,255
3,0.1,21,31
1,0.1,21,153
2,0.1,21,432
3,0.1,21,101
1,0.1,21,198
2,0.1,21,676
3,0.1,21,79
1,0.1,21,16
2,0.1,21,174
3,0.1,21,5
1,0.1,21,69
2,0.1,21,210
3,0.1,21,43
1,0.1,21,72
2,0.1,21,243
3,0.1,21,43
1,0.1,21,105
2,0.1,21,347
3,0.1,21,59
1,0.1,21,92
2,0.1,21,227
3,0.1,21,54
1,0.1,21,7
2,0.1,21,102
3,0.1,21,2
1,0.1,21,54
2,0.1,21,225
3,0.1,21,25
1,0.1,21,73
2,0.1,21,218
3,0.1,21,44
1,0.1,21,38
2,0.1,21,245
3,0.1,21,21
1,0.1,21,273
2,0.1,21,518
3,0.1,21,194
1,0.1,21,74
2,0.1,21,262
3,0.1,21,37
1,0.1,21,96
2,0.1,21,339
3,0.1,21,38
1,0.1,21,25
2,0.1,21,170
3,0.1,21,13
1,0.1,21,100
2,0.1,21,303
3,0.1,21,46
1,0.1,21,82
2,0.1,21,281
3,0.1,21,43
1,0.1,21,46
2,0.1,21,219
3,0.1,21,28
1,0.1,21,55
2,0.1,21,215
3,0.1,21,31
1,0.1,21,93
2,0.1,21,309
3,0.1,21,46
1,0.1,21,143
2,0.1,21,365
3,0.1,21,113
1,0.1,21,75
2,0.1,21,305
3,0.1,21,40
1,0.1,21,79
2,0.1,21,324
3,0.1,21,28
1,0.1,21,97
2,0.1,21,284
3,0.1,21,57
1,0.1,21,22
2,0.1,21,167
3,0.1,21,8
1,0.1,21,37
2,0.1,21,181
3,0.1,21,18
1,0.1,21,92
2,0.1,21,345
3,0.1,21,41
1,0.1,21,59
2,0.1,21,306
3,0.1,21,31
1,0.1,21,48
2,0.1,21,164
3,0.1,21,23
1,0.1,21,141
2,0.1,21,381
3,0.1,21,91
1,0.1,21,46
2,0.1,21,194
3,0.1,21,24
1,0.1,21,158
2,0.1,21,331
3,0.1,21,109
1,0.1,21,46
2,0.1,21,294
3,0.1,21,28
1,0.1,21,57
2,0.1,21,310
3,0.1,21,36
1,0.1,21,22
2,0.1,21,168
3,0.1,21,13
1,0.1,21,96
2,0.1,21,331
3,0.1,21,50
1,0.1,21,62
2,0.1,21,269
3,0.1,21,35
1,0.1,21,117
2,0.1,21,232
3,0.1,21,87
1,0.1,21,244
2,0.1,21,574
3,0.1,21,143
1,0.1,21,309
2,0.1,21,516
3,0.1,21,241
1,0.1,21,16
2,0.1,21,83
3,0.1,21,5
1,0.1,21,14
2,0.1,21,134
3,0.1,21,7
1,0.1,21,51
2,0.1,21,282
3,0.1,21,21
1,0.1,21,210
2,0.1,21,643
3,0.1,21,127
1,0.1,21,32
2,0.1,21,162
3,0.1,21,10
1,0.1,21,403
2,0.1,21,685
3,0.1,21,322
1,0.1,21,246
2,0.1,21,446
3,0.1,21,170
1,0.1,21,54
2,0.1,21,206
3,0.1,21,28
1,0.1,21,71
2,0.1,21,296
3,0.1,21,42
1,0.1,21,108
2,0.1,21,352
3,0.1,21,58
1,0.1,21,196
2,0.1,21,457
3,0.1,21,112
1,0.1,21,197
2,0.1,21,515
3,0.1,21,120
1,0.1,21,164
2,0.1,21,565
3,0.1,21,81
1,0.1,21,39
2,0.1,21,240
3,0.1,21,16
1,0.1,21,274
2,0.1,21,454
3,0.1,21,225
1,0.1,21,96
2,0.1,21,257
3,0.1,21,59
1,0.1,21,138
2,0.1,21,360
3,0.1,21,76
1,0.1,21,24
2,0.1,21,212
3,0.1,21,6
1,0.1,21,13
2,0.1,21,181
3,0.1,21,3
1,0.1,21,23
2,0.1,21,152
3,0.1,21,4
1,0.1,21,334
2,0.1,21,568
3,0.1,21,194
1,0.1,21,257
2,0.1,21,492
3,0.1,21,164
1,0.1,21,154
2,0.1,21,406
3,0.1,21,84
1,0.1,21,21
2,0.1,21,170
3,0.1,21,9
1,0.1,21,57
2,0.1,21,220
3,0.1,21,24
1,0.1,21,32
2,0.1,21,161
3,0.1,21,17
1,0.1,21,197
2,0.1,21,436
3,0.1,21,125
1,0.1,21,40
2,0.1,21,192
3,0.1,21,19
1,0.1,21,69
2,0.1,21,195
3,0.1,21,43
1,0.1,21,37
2,0.1,21,140
3,0.1,21,22
1,0.1,21,101
2,0.1,21,301
3,0.1,21,45
1,0.1,21,178
2,0.1,21,369
3,0.1,21,119
1,0.1,21,33
2,0.1,21,169
3,0.1,21,20
1,0.1,21,461
2,0.1,21,755
3,0.1,21,326
1,0.1,21,36
2,0.1,21,207
3,0.1,21,12
1,0.1,21,176
2,0.1,21,491
3,0.1,21,93
1,0.1,41,41
2,0.1,41,204
3,0.1,41,20
1,0.1,41,44
2,0.1,41,191
3,0.1,41,24
1,0.1,41,18
2,0.1,41,134
3,0.1,41,11
1,0.1,41,67
2,0.1,41,204
3,0.1,41,39
1,0.1,41,168
2,0.1,41,576
3,0.1,41,76
1,0.1,41,259
2,0.1,41,477
3,0.1,41,189
1,0.1,41,200
2,0.1,41,423
3,0.1,41,140
1,0.1,41,35
2,0.1,41,157
3,0.1,41,19
1,0.1,41,222
2,0.1,41,409
3,0.1,41,171
1,0.1,41,371
2,0.1,41,677
3,0.1,41,264
1,0.1,41,548
2,0.1,41,773
3,0.1,41,420
1,0.1,41,55
2,0.1,41,209
3,0.1,41,29
1,0.1,41,115
2,0.1,41,249
3,0.1,41,81
1,0.1,41,98
2,0.1,41,235
3,0.1,41,70
1,0.1,41,348
2,0.1,41,544
3,0.1,41,264
1,0.1,41,490
2,0.1,41,586
3,0.1,41,436
1,0.1,41,345
2,0.1,41,704
3,0.1,41,220
1,0.1,41,80
2,0.1,41,273
3,0.1,41,49
1,0.1,41,48
2,0.1,41,293
3,0.1,41,18
1,0.1,41,40
2,0.1,41,371
3,0.1,41,17
1,0.1,41,500
2,0.1,41,605
3,0.1,41,446
1,0.1,41,113
2,0.1,41,319
3,0.1,41,83
1,0.1,41,14
2,0.1,41,145
3,0.1,41,7
1,0.1,41,82
2,0.1,41,237
3,0.1,41,41
1,0.1,41,224
2,0.1,41,374
3,0.1,41,156
1,0.1,41,130
2,0.1,41,429
3,0.1,41,75
1,0.1,41,60
2,0.1,41,205
3,0.1,41,27
1,0.1,41,51
2,0.1,41,197
3,0.1,41,31
1,0.1,41,147
2,0.1,41,389
3,0.1,41,97
1,0.1,41,148
2,0.1,41,538
3,0.1,41,90
1,0.1,41,129
2,0.1,41,311
3,0.1,41,76
1,0.1,41,26
2,0.1,41,229
3,0.1,41,10
1,0.1,41,125
2,0.1,41,456
3,0.1,41,73
1,0.1,41,51
2,0.1,41,250
3,0.1,41,22
1,0.1,41,54
2,0.1,41,206
3,0.1,41,28
1,0.1,41,313
2,0.1,41,397
3,0.1,41,286
1,0.1,41,147
2,0.1,41,455
3,0.1,41,74
1,0.1,41,79
2,0.1,41,362
3,0.1,41,46
1,0.1,41,3
2,0.1,41,42
3,0.1,41,0
1,0.1,41,118
2,0.1,41,505
3,0.1,41,58
1,0.1,41,28
2,0.1,41,139
3,0.1,41,17
1,0.1,41,253
2,0.1,41,501
3,0.1,41,171
1,0.1,41,192
2,0.1,41,571
3,0.1,41,97
1,0.1,41,76
2,0.1,41,240
3,0.1,41,48
1,0.1,41,445
2,0.1,41,611
3,0.1,41,339
1,0.1,41,69
2,0.1,41,239
3,0.1,41,36
1,0.1,41,7
2,0.1,41,74
3,0.1,41,5
1,0.1,41,179
2,0.1,41,409
3,0.1,41,104
1,0.1,41,46
2,0.1,41,220
3,0.1,41,24
1,0.1,41,69
2,0.1,41,219
3,0.1,41,37
1,0.1,41,40
2,0.1,41,122
3,0.1,41,24
1,0.1,41,21
2,0.1,41,124
3,0.1,41,31
1,0.1,41,41
2,0.1,41,172
3,0.1,41,24
1,0.1,41,83
2,0.1,41,266
3,0.1,41,51
1,0.1,41,102
2,0.1,41,346
3,0.1,41,64
1,0.1,41,55
2,0.1,41,182
3,0.1,41,26
1,0.1,41,20
2,0.1,41,60
3,0.1,41,8
1,0.1,41,99
2,0.1,41,327
3,0.1,41,66
1,0.1,41,12
2,0.1,41,84
3,0.1,41,4
1,0.1,41,247
2,0.1,41,523
3,0.1,41,159
1,0.1,41,111
2,0.1,41,321
3,0.1,41,75
1,0.1,41,180
2,0.1,41,379
3,0.1,41,130
1,0.1,41,119
2,0.1,41,289
3,0.1,41,80
1,0.1,41,441
2,0.1,41,688
3,0.1,41,359
1,0.1,41,4
2,0.1,41,63
3,0.1,41,0
1,0.1,41,106
2,0.1,41,242
3,0.1,41,77
1,0.1,41,35
2,0.1,41,223
3,0.1,41,14
1,0.1,41,137
2,0.1,41,280
3,0.1,41,97
1,0.1,41,58
2,0.1,41,227
3,0.1,41,33
1,0.1,41,427
2,0.1,41,588
3,0.1,41,374
1,0.1,41,224
2,0.1,41,554
3,0.1,41,152
1,0.1,41,83
2,0.1,41,317
3,0.1,41,43
1,0.1,41,66
2,0.1,41,238
3,0.1,41,37
1,0.1,41,166
2,0.1,41,408
3,0.1,41,112
1,0.1,41,45
2,0.1,41,202
3,0.1,41,26
1,0.1,41,245
2,0.1,41,468
3,0.1,41,180
1,0.1,41,60
2,0.1,41,231
3,0.1,41,34
1,0.1,41,100
2,0.1,41,500
3,0.1,41,47
1,0.1,41,268
2,0.1,41,453
3,0.1,41,193
1,0.1,41,96
2,0.1,41,261
3,0.1,41,63
1,0.1,41,230
2,0.1,41,616
3,0.1,41,129
1,0.1,41,12
2,0.1,41,152
3,0.1,41,1
1,0.1,41,8
2,0.1,41,116
3,0.1,41,3
1,0.1,41,13
2,0.1,41,202
3,0.1,41,6
1,0.1,41,311
2,0.1,41,545
3,0.1,41,248
1,0.1,41,112
2,0.1,41,355
3,0.1,41,70
1,0.1,41,281
2,0.1,41,651
3,0.1,41,170
1,0.1,41,28
2,0.1,41,202
3,0.1,41,7
1,0.1,41,37
2,0.1,41,201
3,0.1,41,20
1,0.1,41,31
2,0.1,41,137
3,0.1,41,13
1,0.1,41,142
2,0.1,41,251
3,0.1,41,118
1,0.1,41,15
2,0.1,41,161
3,0.1,41,4
1,0.1,41,170
2,0.1,41,331
3,0.1,41,123
1,0.1,41,106
2,0.1,41,323
3,0.1,41,64
1,0.1,41,43
2,0.1,41,203
3,0.1,41,24
1,0.1,41,48
2,0.1,41,131
3,0.1,41,34
1,0.1,41,82
2,0.1,41,282
3,0.1,41,30
1,0.1,41,251
2,0.1,41,577
3,0.1,41,171
1,0.1,41,25
2,0.1,41,190
3,0.1,41,8
1,0.1,41,78
2,0.1,41,263
3,0.1,41,40
1,0.1,81,27
2,0.1,81,122
3,0.1,81,12
1,0.1,81,49
2,0.1,81,157
3,0.1,81,25
1,0.1,81,25
2,0.1,81,178
3,0.1,81,15
1,0.1,81,93
2,0.1,81,240
3,0.1,81,59
1,0.1,81,26
2,0.1,81,164
3,0.1,81,14
1,0.1,81,504
2,0.1,81,747
3,0.1,81,393
1,0.1,81,96
2,0.1,81,300
3,0.1,81,59
1,0.1,81,69
2,0.1,81,181
3,0.1,81,53
1,0.1,81,123
2,0.1,81,213
3,0.1,81,94
1,0.1,81,70
2,0.1,81,232
3,0.1,81,44
1,0.1,81,159
2,0.1,81,472
3,0.1,81,106
1,0.1,81,19
2,0.1,81,228
3,0.1,81,7
1,0.1,81,37
2,0.1,81,61
3,0.1,81,29
1,0.1,81,74
2,0.1,81,251
3,0.1,81,51
1,0.1,81,100
2,0.1,81,297
3,0.1,81,59
1,0.1,81,300
2,0.1,81,399
3,0.1,81,253
1,0.1,81,256
2,0.1,81,478
3,0.1,81,187
1,0.1,81,174
2,0.1,81,347
3,0.1,81,113
1,0.1,81,20
2,0.1,81,84
3,0.1,81,6
1,0.1,81,118
2,0.1,81,289
3,0.1,81,76
1,0.1,81,88
2,0.1,81,302
3,0.1,81,49
1,0.1,81,22
2,0.1,81,50
3,0.1,81,11
1,0.1,81,13
2,0.1,81,84
3,0.1,81,5
1,0.1,81,22
2,0.1,81,97
3,0.1,81,16
1,0.1,81,172
2,0.1,81,372
3,0.1,81,117
1,0.1,81,49
2,0.1,81,203
3,0.1,81,25
1,0.1,81,168
2,0.1,81,447
3,0.1,81,109
1,0.1,81,40
2,0.1,81,196
3,0.1,81,21
1,0.1,81,143
2,0.1,81,383
3,0.1,81,79
1,0.1,81,242
2,0.1,81,733
3,0.1,81,122
1,0.1,81,165
2,0.1,81,427
3,0.1,81,117
1,0.1,81,17
2,0.1,81,141
3,0.1,81,7
1,0.1,81,93
2,0.1,81,397
3,0.1,81,45
1,0.1,81,30
2,0.1,81,124
3,0.1,81,17
1,0.1,81,52
2,0.1,81,298
3,0.1,81,30
1,0.1,81,137
2,0.1,81,326
3,0.1,81,94
1,0.1,81,111
2,0.1,81,326
3,0.1,81,72
1,0.1,81,134
2,0.1,81,252
3,0.1,81,106
1,0.1,81,2
2,0.1,81,75
3,0.1,81,0
1,0.1,81,143
2,0.1,81,310
3,0.1,81,105
1,0.1,81,97
2,0.1,81,236
3,0.1,81,71
1,0.1,81,52
2,0.1,81,128
3,0.1,81,33
1,0.1,81,115
2,0.1,81,240
3,0.1,81,82
1,0.1,81,53
2,0.1,81,322
3,0.1,81,29
1,0.1,81,64
2,0.1,81,214
3,0.1,81,47
1,0.1,81,112
2,0.1,81,235
3,0.1,81,91
1,0.1,81,4
2,0.1,81,51
3,0.1,81,1
1,0.1,81,75
2,0.1,81,186
3,0.1,81,49
1,0.1,81,52
2,0.1,81,287
3,0.1,81,23
1,0.1,81,29
2,0.1,81,174
3,0.1,81,19
1,0.1,81,13
2,0.1,81,62
3,0.1,81,5
1,0.1,81,142
2,0.1,81,525
3,0.1,81,62
1,0.1,81,51
2,0.1,81,185
3,0.1,81,29
1,0.1,81,67
2,0.1,81,132
3,0.1,81,47
1,0.1,81,364
2,0.1,81,567
3,0.1,81,285
1,0.1,81,65
2,0.1,81,274
3,0.1,81,43
1,0.1,81,75
2,0.1,81,244
3,0.1,81,41
1,0.1,81,44
2,0.1,81,279
3,0.1,81,21
1,0.1,81,6
2,0.1,81,71
3,0.1,81,3
1,0.1,81,235
2,0.1,81,387
3,0.1,81,164
1,0.1,81,63
2,0.1,81,160
3,0.1,81,42
1,0.1,81,90
2,0.1,81,230
3,0.1,81,55
1,0.1,81,99
2,0.1,81,219
3,0.1,81,69
1,0.1,81,188
2,0.1,81,504
3,0.1,81,114
1,0.1,81,120
2,0.1,81,388
3,0.1,81,72
1,0.1,81,23
2,0.1,81,58
3,0.1,81,17
1,0.1,81,37
2,0.1,81,171
3,0.1,81,17
1,0.1,81,166
2,0.1,81,328
3,0.1,81,114
1,0.1,81,21
2,0.1,81,152
3,0.1,81,15
1,0.1,81,267
2,0.1,81,406
3,0.1,81,215
1,0.1,81,185
2,0.1,81,506
3,0.1,81,117
1,0.1,81,165
2,0.1,81,398
3,0.1,81,116
1,0.1,81,70
2,0.1,81,197
3,0.1,81,46
1,0.1,81,42
2,0.1,81,391
3,0.1,81,18
1,0.1,81,134
2,0.1,81,489
3,0.1,81,75
1,0.1,81,165
2,0.1,81,345
3,0.1,81,117
1,0.1,81,25
2,0.1,81,123
3,0.1,81,8
1,0.1,81,30
2,0.1,81,142
3,0.1,81,12
1,0.1,81,109
2,0.1,81,259
3,0.1,81,64
1,0.1,81,119
2,0.1,81,714
3,0.1,81,45
1,0.1,81,13
2,0.1,81,21
3,0.1,81,11
1,0.1,81,24
2,0.1,81,101
3,0.1,81,12
1,0.1,81,7
2,0.1,81,44
3,0.1,81,4
1,0.1,81,36
2,0.1,81,288
3,0.1,81,17
1,0.1,81,115
2,0.1,81,303
3,0.1,81,77
1,0.1,81,147
2,0.1,81,383
3,0.1,81,96
1,0.1,81,40
2,0.1,81,120
3,0.1,81,28
1,0.1,81,70
2,0.1,81,222
3,0.1,81,41
1,0.1,81,72
2,0.1,81,253
3,0.1,81,48
1,0.1,81,62
2,0.1,81,169
3,0.1,81,33
1,0.1,81,66
2,0.1,81,148
3,0.1,81,55
1,0.1,81,47
2,0.1,81,224
3,0.1,81,29
1,0.1,81,97
2,0.1,81,236
3,0.1,81,68
1,0.1,81,18
2,0.1,81,141
3,0.1,81,11
1,0.1,81,45
2,0.1,81,184
3,0.1,81,26
1,0.1,81,439
2,0.1,81,688
3,0.1,81,339
1,0.1,81,45
2,0.1,81,134
3,0.1,81,34
1,0.1,81,116
2,0.1,81,256
3,0.1,81,90
1,0.1,81,17
2,0.1,81,121
3,0.1,81,9
1,0.1,81,71
2,0.1,81,288
3,0.1,81,43
1,0.1,101,22
2,0.1,101,210
3,0.1,101,10
1,0.1,101,20
2,0.1,101,122
3,0.1,101,5
1,0.1,101,15
2,0.1,101,63
3,0.1,101,9
1,0.1,101,11
2,0.1,101,128
3,0.1,101,4
1,0.1,101,90
2,0.1,101,215
3,0.1,101,64
1,0.1,101,67
2,0.1,101,160
3,0.1,101,48
1,0.1,101,33
2,0.1,101,116
3,0.1,101,22
1,0.1,101,7
2,0.1,101,70
3,0.1,101,3
1,0.1,101,129
2,0.1,101,363
3,0.1,101,83
1,0.1,101,180
2,0.1,101,402
3,0.1,101,121
1,0.1,101,9
2,0.1,101,92
3,0.1,101,3
1,0.1,101,18
2,0.1,101,180
3,0.1,101,7
1,0.1,101,19
2,0.1,101,82
3,0.1,101,12
1,0.1,101,93
2,0.1,101,243
3,0.1,101,60
1,0.1,101,91
2,0.1,101,311
3,0.1,101,57
1,0.1,101,529
2,0.1,101,740
3,0.1,101,418
1,0.1,101,373
2,0.1,101,507
3,0.1,101,315
1,0.1,101,112
2,0.1,101,276
3,0.1,101,85
1,0.1,101,0
2,0.1,101,6
3,0.1,101,0
1,0.1,101,28
2,0.1,101,117
3,0.1,101,18
1,0.1,101,33
2,0.1,101,197
3,0.1,101,20
1,0.1,101,594
2,0.1,101,1000
3,0.1,101,218
1,0.1,101,100
2,0.1,101,352
3,0.1,101,49
1,0.1,101,1
2,0.1,101,32
3,0.1,101,1
1,0.1,101,67
2,0.1,101,294
3,0.1,101,33
1,0.1,101,53
2,0.1,101,175
3,0.1,101,30
1,0.1,101,49
2,0.1,101,221
3,0.1,101,27
1,0.1,101,108
2,0.1,101,232
3,0.1,101,75
1,0.1,101,312
2,0.1,101,932
3,0.1,101,143
1,0.1,101,25
2,0.1,101,70
3,0.1,101,10
1,0.1,101,18
2,0.1,101,104
3,0.1,101,8
1,0.1,101,79
2,0.1,101,513
3,0.1,101,36
1,0.1,101,6
2,0.1,101,33
3,0.1,101,2
1,0.1,101,27
2,0.1,101,104
3,0.1,101,11
1,0.1,101,110
2,0.1,101,310
3,0.1,101,67
1,0.1,101,30
2,0.1,101,184
3,0.1,101,13
1,0.1,101,158
2,0.1,101,446
3,0.1,101,89
1,0.1,101,92
2,0.1,101,284
3,0.1,101,59
1,0.1,101,49
2,0.1,101,157
3,0.1,101,25
1,0.1,101,114
2,0.1,101,263
3,0.1,101,79
1,0.1,101,90
2,0.1,101,261
3,0.1,101,57
1,0.1,101,317
2,0.1,101,511
3,0.1,101,245
1,0.1,101,107
2,0.1,101,296
3,0.1,101,77
1,0.1,101,26
2,0.1,101,96
3,0.1,101,17
1,0.1,101,261
2,0.1,101,411
3,0.1,101,232
1,0.1,101,92
2,0.1,101,313
3,0.1,101,55
1,0.1,101,124
2,0.1,101,274
3,0.1,101,91
1,0.1,101,135
2,0.1,101,427
3,0.1,101,86
1,0.1,101,48
2,0.1,101,357
3,0.1,101,22
1,0.1,101,35
2,0.1,101,155
3,0.1,101,21
1,0.1,101,11
2,0.1,101,138
3,0.1,101,4
1,0.1,101,49
2,0.1,101,285
3,0.1,101,19
1,0.1,101,108
2,0.1,101,310
3,0.1,101,75
1,0.1,101,179
2,0.1,101,334
3,0.1,101,133
1,0.1,101,236
2,0.1,101,468
3,0.1,101,158
1,0.1,101,89
2,0.1,101,393
3,0.1,101,45
1,0.1,101,80
2,0.1,101,290
3,0.1,101,41
1,0.1,101,81
2,0.1,101,270
3,0.1,101,58
1,0.1,101,42
2,0.1,101,184
3,0.1,101,24
1,0.1,101,51
2,0.1,101,194
3,0.1,101,33
1,0.1,101,139
2,0.1,101,451
3,0.1,101,65
1,0.1,101,257
2,0.1,101,451
3,0.1,101,214
1,0.1,101,566
2,0.1,101,1000
3,0.1,101,281
1,0.1,101,115
2,0.1,101,529
3,0.1,101,43
1,0.1,101,10
2,0.1,101,92
3,0.1,101,6
1,0.1,101,25
2,0.1,101,69
3,0.1,101,17
1,0.1,101,15
2,0.1,101,72
3,0.1,101,8
1,0.1,101,129
2,0.1,101,284
3,0.1,101,89
1,0.1,101,99
2,0.1,101,440
3,0.1,101,47
1,0.1,101,791
2,0.1,101,949
3,0.1,101,653
1,0.1,101,145
2,0.1,101,270
3,0.1,101,101
1,0.1,101,277
2,0.1,101,550
3,0.1,101,197
1,0.1,101,72
2,0.1,101,169
3,0.1,101,39
1,0.1,101,47
2,0.1,101,177
3,0.1,101,31
1,0.1,101,60
2,0.1,101,256
3,0.1,101,28
1,0.1,101,99
2,0.1,101,266
3,0.1,101,67
1,0.1,101,14
2,0.1,101,69
3,0.1,101,9
1,0.1,101,27
2,0.1,101,165
3,0.1,101,15
1,0.1,101,184
2,0.1,101,338
3,0.1,101,138
1,0.1,101,217
2,0.1,101,390
3,0.1,101,146
1,0.1,101,197
2,0.1,101,399
3,0.1,101,147
1,0.1,101,69
2,0.1,101,270
3,0.1,101,30
1,0.1,101,44
2,0.1,101,266
3,0.1,101,27
1,0.1,101,88
2,0.1,101,313
3,0.1,101,41
1,0.1,101,8
2,0.1,101,33
3,0.1,101,3
1,0.1,101,48
2,0.1,101,66
3,0.1,101,47
1,0.1,101,190
2,0.1,101,403
3,0.1,101,142
1,0.1,101,93
2,0.1,101,220
3,0.1,101,60
1,0.1,101,28
2,0.1,101,415
3,0.1,101,9
1,0.1,101,67
2,0.1,101,189
3,0.1,101,41
1,0.1,101,320
2,0.1,101,500
3,0.1,101,267
1,0.1,101,12
2,0.1,101,131
3,0.1,101,3
1,0.1,101,347
2,0.1,101,670
3,0.1,101,218
1,0.1,101,109
2,0.1,101,393
3,0.1,101,55
1,0.1,101,125
2,0.1,101,407
3,0.1,101,70
1,0.1,101,72
2,0.1,101,192
3,0.1,101,56
1,0.1,101,56
2,0.1,101,129
3,0.1,101,36
1,0.1,101,70
2,0.1,101,187
3,0.1,101,40
1,0.1,101,48
2,0.1,101,236
3,0.1,101,22
1,0.1,101,85
2,0.1,101,315
3,0.1,101,54
1,0.1,201,16
2,0.1,201,91
3,0.1,201,7
1,0.1,201,47
2,0.1,201,499
3,0.1,201,13
1,0.1,201,2
2,0.1,201,24
3,0.1,201,1
1,0.1,201,27
2,0.1,201,228
3,0.1,201,10
1,0.1,201,0
2,0.1,201,12
3,0.1,201,0
1,0.1,201,137
2,0.1,201,222
3,0.1,201,120
1,0.1,201,28
2,0.1,201,188
3,0.1,201,16
1,0.1,201,27
2,0.1,201,131
3,0.1,201,16
1,0.1,201,224
2,0.1,201,513
3,0.1,201,148
1,0.1,201,29
2,0.1,201,68
3,0.1,201,16
1,0.1,201,44
2,0.1,201,139
3,0.1,201,28
1,0.1,201,18
2,0.1,201,91
3,0.1,201,14
1,0.1,201,33
2,0.1,201,174
3,0.1,201,14
1,0.1,201,323
2,0.1,201,518
3,0.1,201,258
1,0.1,201,122
2,0.1,201,317
3,0.1,201,85
1,0.1,201,57
2,0.1,201,138
3,0.1,201,36
1,0.1,201,207
2,0.1,201,416
3,0.1,201,159
1,0.1,201,197
2,0.1,201,410
3,0.1,201,147
1,0.1,201,13
2,0.1,201,86
3,0.1,201,7
1,0.1,201,7
2,0.1,201,72
3,0.1,201,4
1,0.1,201,1
2,0.1,201,51
3,0.1,201,1
1,0.1,201,1
2,0.1,201,7
3,0.1,201,0
1,0.1,201,54
2,0.1,201,202
3,0.1,201,33
1,0.1,201,34
2,0.1,201,195
3,0.1,201,19
1,0.1,201,222
2,0.1,201,358
3,0.1,201,185
1,0.1,201,40
2,0.1,201,126
3,0.1,201,28
1,0.1,201,17
2,0.1,201,63
3,0.1,201,10
1,0.1,201,24
2,0.1,201,89
3,0.1,201,14
1,0.1,201,516
2,0.1,201,669
3,0.1,201,420
1,0.1,201,15
2,0.1,201,132
3,0.1,201,9
1,0.1,201,4
2,0.1,201,14
3,0.1,201,2
1,0.1,201,19
2,0.1,201,61
3,0.1,201,6
1,0.1,201,27
2,0.1,201,264
3,0.1,201,6
1,0.1,201,4
2,0.1,201,43
3,0.1,201,1
1,0.1,201,34
2,0.1,201,223
3,0.1,201,11
1,0.1,201,505
2,0.1,201,628
3,0.1,201,448
1,0.1,201,113
2,0.1,201,191
3,0.1,201,86
1,0.1,201,19
2,0.1,201,65
3,0.1,201,10
1,0.1,201,4
2,0.1,201,72
3,0.1,201,3
1,0.1,201,23
2,0.1,201,80
3,0.1,201,15
1,0.1,201,32
2,0.1,201,80
3,0.1,201,25
1,0.1,201,45
2,0.1,201,106
3,0.1,201,29
1,0.1,201,112
2,0.1,201,475
3,0.1,201,57
1,0.1,201,49
2,0.1,201,172
3,0.1,201,30
1,0.1,201,79
2,0.1,201,162
3,0.1,201,58
1,0.1,201,126
2,0.1,201,387
3,0.1,201,83
1,0.1,201,9
2,0.1,201,103
3,0.1,201,4
1,0.1,201,96
2,0.1,201,264
3,0.1,201,68
1,0.1,201,25
2,0.1,201,93
3,0.1,201,16
1,0.1,201,16
2,0.1,201,56
3,0.1,201,9
1,0.1,201,26
2,0.1,201,69
3,0.1,201,17
1,0.1,201,0
2,0.1,201,9
3,0.1,201,0
1,0.1,201,48
2,0.1,201,229
3,0.1,201,29
1,0.1,201,21
2,0.1,201,93
3,0.1,201,16
1,0.1,201,149
2,0.1,201,227
3,0.1,201,118
1,0.1,201,64
2,0.1,201,191
3,0.1,201,42
1,0.1,201,200
2,0.1,201,832
3,0.1,201,64
1,0.1,201,155
2,0.1,201,434
3,0.1,201,98
1,0.1,201,53
2,0.1,201,192
3,0.1,201,41
1,0.1,201,66
2,0.1,201,204
3,0.1,201,44
1,0.1,201,40
2,0.1,201,135
3,0.1,201,19
1,0.1,201,149
2,0.1,201,308
3,0.1,201,115
1,0.1,201,32
2,0.1,201,108
3,0.1,201,21
1,0.1,201,53
2,0.1,201,168
3,0.1,201,34
1,0.1,201,39
2,0.1,201,152
3,0.1,201,26
1,0.1,201,8
2,0.1,201,22
3,0.1,201,8
1,0.1,201,39
2,0.1,201,95
3,0.1,201,27
1,0.1,201,81
2,0.1,201,149
3,0.1,201,64
1,0.1,201,43
2,0.1,201,275
3,0.1,201,17
1,0.1,201,188
2,0.1,201,227
3,0.1,201,176
1,0.1,201,14
2,0.1,201,49
3,0.1,201,5
1,0.1,201,277
2,0.1,201,455
3,0.1,201,231
1,0.1,201,5
2,0.1,201,84
3,0.1,201,3
1,0.1,201,17
2,0.1,201,41
3,0.1,201,12
1,0.1,201,13
2,0.1,201,30
3,0.1,201,11
1,0.1,201,88
2,0.1,201,181
3,0.1,201,72
1,0.1,201,6
2,0.1,201,48
3,0.1,201,4
1,0.1,201,0
2,0.1,201,26
3,0.1,201,0
1,0.1,201,226
2,0.1,201,405
3,0.1,201,182
1,0.1,201,140
2,0.1,201,411
3,0.1,201,100
1,0.1,201,75
2,0.1,201,210
3,0.1,201,53
1,0.1,201,61
2,0.1,201,253
3,0.1,201,26
1,0.1,201,49
2,0.1,201,330
3,0.1,201,20
1,0.1,201,1
2,0.1,201,12
3,0.1,201,1
1,0.1,201,175
2,0.1,201,309
3,0.1,201,141
1,0.1,201,166
2,0.1,201,220
3,0.1,201,151
1,0.1,201,103
2,0.1,201,280
3,0.1,201,73
1,0.1,201,58
2,0.1,201,152
3,0.1,201,35
1,0.1,201,33
2,0.1,201,124
3,0.1,201,21
1,0.1,201,28
2,0.1,201,186
3,0.1,201,16
1,0.1,201,8
2,0.1,201,27
3,0.1,201,4
1,0.1,201,72
2,0.1,201,181
3,0.1,201,49
1,0.1,201,145
2,0.1,201,279
3,0.1,201,100
1,0.1,201,79
2,0.1,201,181
3,0.1,201,55
1,0.1,201,61
2,0.1,201,334
3,0.1,201,27
1,0.1,201,101
2,0.1,201,204
3,0.1,201,86
1,0.1,201,8
2,0.1,201,46
3,0.1,201,5
1,0.1,201,30
2,0.1,201,108
3,0.1,201,24
1,0.1,201,18
2,0.1,201,71
3,0.1,201,9
1,0.1,201,204
2,0.1,201,368
3,0.1,201,125
1,0.2,11,118
2,0.2,11,386
3,0.2,11,67
1,0.2,11,12
2,0.2,11,97
3,0.2,11,3
1,0.2,11,151
2,0.2,11,528
3,0.2,11,80
1,0.2,11,84
2,0.2,11,340
3,0.2,11,37
1,0.2,11,156
2,0.2,11,392
3,0.2,11,92
1,0.2,11,172
2,0.2,11,543
3,0.2,11,108
1,0.2,11,62
2,0.2,11,224
3,0.2,11,35
1,0.2,11,15
2,0.2,11,65
3,0.2,11,8
1,0.2,11,75
2,0.2,11,248
3,0.2,11,51
1,0.2,11,54
2,0.2,11,177
3,0.2,11,34
1,0.2,11,77
2,0.2,11,238
3,0.2,11,42
1,0.2,11,34
2,0.2,11,132
3,0.2,11,8
1,0.2,11,82
2,0.2,11,262
3,0.2,11,45
1,0.2,11,26
2,0.2,11,91
3,0.2,11,15
1,0.2,11,59
2,0.2,11,185
3,0.2,11,31
1,0.2,11,602
2,0.2,11,764
3,0.2,11,561
1,0.2,11,12
2,0.2,11,69
3,0.2,11,1
1,0.2,11,31
2,0.2,11,121
3,0.2,11,16
1,0.2,11,68
2,0.2,11,250
3,0.2,11,33
1,0.2,11,46
2,0.2,11,178
3,0.2,11,21
1,0.2,11,112
2,0.2,11,199
3,0.2,11,86
1,0.2,11,108
2,0.2,11,287
3,0.2,11,56
1,0.2,11,46
2,0.2,11,208
3,0.2,11,23
1,0.2,11,38
2,0.2,11,149
3,0.2,11,20
1,0.2,11,292
2,0.2,11,489
3,0.2,11,230
1,0.2,11,57
2,0.2,11,202
3,0.2,11,24
1,0.2,11,99
2,0.2,11,323
3,0.2,11,56
1,0.2,11,88
2,0.2,11,227
3,0.2,11,59
1,0.2,11,52
2,0.2,11,195
3,0.2,11,29
1,0.2,11,32
2,0.2,11,195
3,0.2,11,19
1,0.2,11,75
2,0.2,11,210
3,0.2,11,41
1,0.2,11,7
2,0.2,11,75
3,0.2,11,2
1,0.2,11,9
2,0.2,11,66
3,0.2,11,4
1,0.2,11,51
2,0.2,11,187
3,0.2,11,29
1,0.2,11,29
2,0.2,11,143
3,0.2,11,15
1,0.2,11,358
2,0.2,11,582
3,0.2,11,302
1,0.2,11,78
2,0.2,11,288
3,0.2,11,37
1,0.2,11,54
2,0.2,11,214
3,0.2,11,31
1,0.2,11,42
2,0.2,11,229
3,0.2,11,14
1,0.2,11,14
2,0.2,11,98
3,0.2,11,8
1,0.2,11,273
2,0.2,11,586
3,0.2,11,188
1,0.2,11,24
2,0.2,11,95
3,0.2,11,16
1,0.2,11,9
2,0.2,11,61
3,0.2,11,6
1,0.2,11,84
2,0.2,11,333
3,0.2,11,41
1,0.2,11,99
2,0.2,11,277
3,0.2,11,59
1,0.2,11,61
2,0.2,11,237
3,0.2,11,18
1,0.2,11,19
2,0.2,11,99
3,0.2,11,6
1,0.2,11,31
2,0.2,11,97
3,0.2,11,20
1,0.2,11,22
2,0.2,11,113
3,0.2,11,13
1,0.2,11,20
2,0.2,11,130
3,0.2,11,10
1,0.2,11,19
2,0.2,11,72
3,0.2,11,13
1,0.2,11,66
2,0.2,11,263
3,0.2,11,29
1,0.2,11,79
2,0.2,11,279
3,0.2,11,49
1,0.2,11,243
2,0.2,11,533
3,0.2,11,155
1,0.2,11,153
2,0.2,11,350
3,0.2,11,93
1,0.2,11,89
2,0.2,11,251
3,0.2,11,53
1,0.2,11,31
2,0.2,11,124
3,0.2,11,18
1,0.2,11,73
2,0.2,11,242
3,0.2,11,35
1,0.2,11,9
2,0.2,11,74
3,0.2,11,3
1,0.2,11,77
2,0.2,11,242
3,0.2,11,41
1,0.2,11,52
2,0.2,11,151
3,0.2,11,29
1,0.2,11,55
2,0.2,11,182
3,0.2,11,35
1,0.2,11,40
2,0.2,11,147
3,0.2,11,18
1,0.2,11,104
2,0.2,11,287
3,0.2,11,59
1,0.2,11,5
2,0.2,11,76
3,0.2,11,3
1,0.2,11,16
2,0.2,11,69
3,0.2,11,7
1,0.2,11,51
2,0.2,11,203
3,0.2,11,29
1,0.2,11,93
2,0.2,11,282
3,0.2,11,66
1,0.2,11,10
2,0.2,11,69
3,0.2,11,5
1,0.2,11,450
2,0.2,11,670
3,0.2,11,373
1,0.2,11,53
2,0.2,11,138
3,0.2,11,30
1,0.2,11,45
2,0.2,11,187
3,0.2,11,27
1,0.2,11,84
2,0.2,11,233
3,0.2,11,50
1,0.2,11,30
2,0.2,11,138
3,0.2,11,15
1,0.2,11,14
2,0.2,11,81
3,0.2,11,3
1,0.2,11,214
2,0.2,11,510
3,0.2,11,149
1,0.2,11,78
2,0.2,11,353
3,0.2,11,48
1,0.2,11,123
2,0.2,11,353
3,0.2,11,64
1,0.2,11,74
2,0.2,11,242
3,0.2,11,54
1,0.2,11,99
2,0.2,11,278
3,0.2,11,66
1,0.2,11,98
2,0.2,11,276
3,0.2,11,63
1,0.2,11,59
2,0.2,11,293
3,0.2,11,24
1,0.2,11,22
2,0.2,11,119
3,0.2,11,10
1,0.2,11,44
2,0.2,11,212
3,0.2,11,19
1,0.2,11,55
2,0.2,11,163
3,0.2,11,30
1,0.2,11,102
2,0.2,11,249
3,0.2,11,60
1,0.2,11,19
2,0.2,11,81
3,0.2,11,8
1,0.2,11,22
2,0.2,11,99
3,0.2,11,10
1,0.2,11,37
2,0.2,11,173
3,0.2,11,20
1,0.2,11,8
2,0.2,11,66
3,0.2,11,1
1,0.2,11,96
2,0.2,11,240
3,0.2,11,50
1,0.2,11,54
2,0.2,11,226
3,0.2,11,27
1,0.2,11,97
2,0.2,11,344
3,0.2,11,65
1,0.2,11,36
2,0.2,11,104
3,0.2,11,28
1,0.2,11,62
2,0.2,11,261
3,0.2,11,27
1,0.2,11,143
2,0.2,11,371
3,0.2,11,104
1,0.2,11,6
2,0.2,11,45
3,0.2,11,2
1,0.2,11,32
2,0.2,11,163
3,0.2,11,14
1,0.2,11,22
2,0.2,11,92
3,0.2,11,13
1,0.2,11,75
2,0.2,11,233
3,0.2,11,42
1,0.2,21,36
2,0.2,21,228
3,0.2,21,24
1,0.2,21,17
2,0.2,21,141
3,0.2,21,7
1,0.2,21,40
2,0.2,21,231
3,0.2,21,20
1,0.2,21,63
2,0.2,21,196
3,0.2,21,39
1,0.2,21,140
2,0.2,21,308
3,0.2,21,75
1,0.2,21,130
2,0.2,21,368
3,0.2,21,83
1,0.2,21,73
2,0.2,21,199
3,0.2,21,48
1,0.2,21,24
2,0.2,21,61
3,0.2,21,5
1,0.2,21,91
2,0.2,21,280
3,0.2,21,52
1,0.2,21,39
2,0.2,21,111
3,0.2,21,30
1,0.2,21,46
2,0.2,21,130
3,0.2,21,34
1,0.2,21,44
2,0.2,21,172
3,0.2,21,25
1,0.2,21,71
2,0.2,21,238
3,0.2,21,46
1,0.2,21,107
2,0.2,21,369
3,0.2,21,64
1,0.2,21,99
2,0.2,21,245
3,0.2,21,69
1,0.2,21,454
2,0.2,21,577
3,0.2,21,406
1,0.2,21,44
2,0.2,21,112
3,0.2,21,24
1,0.2,21,49
2,0.2,21,221
3,0.2,21,27
1,0.2,21,37
2,0.2,21,202
3,0.2,21,14
1,0.2,21,39
2,0.2,21,192
3,0.2,21,20
1,0.2,21,116
2,0.2,21,299
3,0.2,21,84
1,0.2,21,115
2,0.2,21,324
3,0.2,21,61
1,0.2,21,43
2,0.2,21,213
3,0.2,21,22
1,0.2,21,55
2,0.2,21,227
3,0.2,21,27
1,0.2,21,192
2,0.2,21,455
3,0.2,21,160
1,0.2,21,88
2,0.2,21,351
3,0.2,21,45
1,0.2,21,44
2,0.2,21,219
3,0.2,21,19
1,0.2,21,23
2,0.2,21,97
3,0.2,21,14
1,0.2,21,53
2,0.2,21,161
3,0.2,21,27
1,0.2,21,49
2,0.2,21,248
3,0.2,21,18
1,0.2,21,57
2,0.2,21,162
3,0.2,21,34
1,0.2,21,6
2,0.2,21,52
3,0.2,21,1
1,0.2,21,29
2,0.2,21,155
3,0.2,21,16
1,0.2,21,45
2,0.2,21,187
3,0.2,21,25
1,0.2,21,19
2,0.2,21,72
3,0.2,21,10
1,0.2,21,188
2,0.2,21,327
3,0.2,21,160
1,0.2,21,60
2,0.2,21,233
3,0.2,21,35
1,0.2,21,26
2,0.2,21,182
3,0.2,21,11
1,0.2,21,8
2,0.2,21,160
3,0.2,21,0
1,0.2,21,61
2,0.2,21,208
3,0.2,21,35
1,0.2,21,162
2,0.2,21,416
3,0.2,21,99
1,0.2,21,29
2,0.2,21,135
3,0.2,21,11
1,0.2,21,6
2,0.2,21,54
3,0.2,21,3
1,0.2,21,81
2,0.2,21,246
3,0.2,21,47
1,0.2,21,76
2,0.2,21,214
3,0.2,21,48
1,0.2,21,60
2,0.2,21,225
3,0.2,21,31
1,0.2,21,19
2,0.2,21,115
3,0.2,21,12
1,0.2,21,80
2,0.2,21,195
3,0.2,21,55
1,0.2,21,22
2,0.2,21,108
3,0.2,21,8
1,0.2,21,22
2,0.2,21,136
3,0.2,21,13
1,0.2,21,41
2,0.2,21,120
3,0.2,21,23
1,0.2,21,29
2,0.2,21,170
3,0.2,21,12
1,0.2,21,31
2,0.2,21,200
3,0.2,21,17
1,0.2,21,119
2,0.2,21,294
3,0.2,21,84
1,0.2,21,36
2,0.2,21,133
3,0.2,21,19
1,0.2,21,58
2,0.2,21,205
3,0.2,21,42
1,0.2,21,35
2,0.2,21,158
3,0.2,21,14
1,0.2,21,24
2,0.2,21,136
3,0.2,21,9
1,0.2,21,24
2,0.2,21,161
3,0.2,21,8
1,0.2,21,84
2,0.2,21,254
3,0.2,21,56
1,0.2,21,59
2,0.2,21,218
3,0.2,21,29
1,0.2,21,114
2,0.2,21,257
3,0.2,21,72
1,0.2,21,75
2,0.2,21,239
3,0.2,21,43
1,0.2,21,168
2,0.2,21,333
3,0.2,21,116
1,0.2,21,7
2,0.2,21,38
3,0.2,21,5
1,0.2,21,3
2,0.2,21,48
3,0.2,21,2
1,0.2,21,74
2,0.2,21,366
3,0.2,21,30
1,0.2,21,69
2,0.2,21,288
3,0.2,21,30
1,0.2,21,37
2,0.2,21,167
3,0.2,21,18
1,0.2,21,580
2,0.2,21,707
3,0.2,21,534
1,0.2,21,297
2,0.2,21,545
3,0.2,21,220
1,0.2,21,46
2,0.2,21,245
3,0.2,21,25
1,0.2,21,54
2,0.2,21,182
3,0.2,21,32
1,0.2,21,76
2,0.2,21,295
3,0.2,21,54
1,0.2,21,42
2,0.2,21,141
3,0.2,21,18
1,0.2,21,243
2,0.2,21,565
3,0.2,21,149
1,0.2,21,69
2,0.2,21,262
3,0.2,21,43
1,0.2,21,43
2,0.2,21,223
3,0.2,21,16
1,0.2,21,159
2,0.2,21,324
3,0.2,21,130
1,0.2,21,46
2,0.2,21,243
3,0.2,21,25
1,0.2,21,113
2,0.2,21,315
3,0.2,21,74
1,0.2,21,37
2,0.2,21,181
3,0.2,21,18
1,0.2,21,31
2,0.2,21,122
3,0.2,21,12
1,0.2,21,8
2,0.2,21,59
3,0.2,21,4
1,0.2,21,114
2,0.2,21,307
3,0.2,21,76
1,0.2,21,26
2,0.2,21,181
3,0.2,21,13
1,0.2,21,55
2,0.2,21,203
3,0.2,21,27
1,0.2,21,21
2,0.2,21,84
3,0.2,21,11
1,0.2,21,24
2,0.2,21,91
3,0.2,21,14
1,0.2,21,9
2,0.2,21,74
3,0.2,21,4
1,0.2,21,117
2,0.2,21,283
3,0.2,21,91
1,0.2,21,29
2,0.2,21,147
3,0.2,21,15
1,0.2,21,71
2,0.2,21,253
3,0.2,21,44
1,0.2,21,10
2,0.2,21,94
3,0.2,21,6
1,0.2,21,52
2,0.2,21,242
3,0.2,21,20
1,0.2,21,308
2,0.2,21,639
3,0.2,21,216
1,0.2,21,44
2,0.2,21,167
3,0.2,21,19
1,0.2,21,85
2,0.2,21,283
3,0.2,21,52
1,0.2,21,36
2,0.2,21,195
3,0.2,21,16
1,0.2,21,105
2,0.2,21,344
3,0.2,21,54
1,0.2,41,66
2,0.2,41,297
3,0.2,41,40
1,0.2,41,74
2,0.2,41,337
3,0.2,41,40
1,0.2,41,19
2,0.2,41,119
3,0.2,41,10
1,0.2,41,64
2,0.2,41,183
3,0.2,41,40
1,0.2,41,259
2,0.2,41,595
3,0.2,41,137
1,0.2,41,187
2,0.2,41,415
3,0.2,41,148
1,0.2,41,56
2,0.2,41,203
3,0.2,41,32
1,0.2,41,13
2,0.2,41,41
3,0.2,41,10
1,0.2,41,276
2,0.2,41,436
3,0.2,41,222
1,0.2,41,59
2,0.2,41,228
3,0.2,41,28
1,0.2,41,153
2,0.2,41,657
3,0.2,41,67
1,0.2,41,37
2,0.2,41,205
3,0.2,41,13
1,0.2,41,103
2,0.2,41,262
3,0.2,41,68
1,0.2,41,94
2,0.2,41,261
3,0.2,41,59
1,0.2,41,174
2,0.2,41,349
3,0.2,41,142
1,0.2,41,337
2,0.2,41,507
3,0.2,41,289
1,0.2,41,16
2,0.2,41,122
3,0.2,41,10
1,0.2,41,77
2,0.2,41,201
3,0.2,41,57
1,0.2,41,36
2,0.2,41,130
3,0.2,41,21
1,0.2,41,47
2,0.2,41,245
3,0.2,41,14
1,0.2,41,343
2,0.2,41,593
3,0.2,41,278
1,0.2,41,180
2,0.2,41,454
3,0.2,41,109
1,0.2,41,14
2,0.2,41,139
3,0.2,41,7
1,0.2,41,68
2,0.2,41,299
3,0.2,41,43
1,0.2,41,123
2,0.2,41,286
3,0.2,41,86
1,0.2,41,62
2,0.2,41,267
3,0.2,41,28
1,0.2,41,34
2,0.2,41,105
3,0.2,41,25
1,0.2,41,30
2,0.2,41,181
3,0.2,41,17
1,0.2,41,111
2,0.2,41,307
3,0.2,41,64
1,0.2,41,31
2,0.2,41,168
3,0.2,41,10
1,0.2,41,91
2,0.2,41,247
3,0.2,41,67
1,0.2,41,11
2,0.2,41,70
3,0.2,41,4
1,0.2,41,49
2,0.2,41,192
3,0.2,41,25
1,0.2,41,43
2,0.2,41,145
3,0.2,41,18
1,0.2,41,43
2,0.2,41,153
3,0.2,41,23
1,0.2,41,211
2,0.2,41,386
3,0.2,41,198
1,0.2,41,107
2,0.2,41,291
3,0.2,41,62
1,0.2,41,189
2,0.2,41,618
3,0.2,41,84
1,0.2,41,22
2,0.2,41,176
3,0.2,41,12
1,0.2,41,63
2,0.2,41,212
3,0.2,41,41
1,0.2,41,50
2,0.2,41,229
3,0.2,41,28
1,0.2,41,215
2,0.2,41,409
3,0.2,41,155
1,0.2,41,49
2,0.2,41,134
3,0.2,41,33
1,0.2,41,89
2,0.2,41,280
3,0.2,41,62
1,0.2,41,107
2,0.2,41,231
3,0.2,41,76
1,0.2,41,121
2,0.2,41,355
3,0.2,41,76
1,0.2,41,17
2,0.2,41,91
3,0.2,41,9
1,0.2,41,109
2,0.2,41,266
3,0.2,41,71
1,0.2,41,13
2,0.2,41,85
3,0.2,41,4
1,0.2,41,32
2,0.2,41,117
3,0.2,41,24
1,0.2,41,59
2,0.2,41,216
3,0.2,41,32
1,0.2,41,8
2,0.2,41,91
3,0.2,41,0
1,0.2,41,33
2,0.2,41,159
3,0.2,41,21
1,0.2,41,120
2,0.2,41,275
3,0.2,41,86
1,0.2,41,104
2,0.2,41,263
3,0.2,41,66
1,0.2,41,62
2,0.2,41,299
3,0.2,41,29
1,0.2,41,16
2,0.2,41,120
3,0.2,41,6
1,0.2,41,12
2,0.2,41,60
3,0.2,41,4
1,0.2,41,23
2,0.2,41,172
3,0.2,41,10
1,0.2,41,130
2,0.2,41,310
3,0.2,41,94
1,0.2,41,36
2,0.2,41,188
3,0.2,41,16
1,0.2,41,88
2,0.2,41,240
3,0.2,41,59
1,0.2,41,97
2,0.2,41,261
3,0.2,41,65
1,0.2,41,145
2,0.2,41,321
3,0.2,41,105
1,0.2,41,42
2,0.2,41,143
3,0.2,41,25
1,0.2,41,86
2,0.2,41,235
3,0.2,41,52
1,0.2,41,36
2,0.2,41,156
3,0.2,41,20
1,0.2,41,64
2,0.2,41,179
3,0.2,41,38
1,0.2,41,46
2,0.2,41,171
3,0.2,41,32
1,0.2,41,247
2,0.2,41,315
3,0.2,41,234
1,0.2,41,260
2,0.2,41,570
3,0.2,41,173
1,0.2,41,15
2,0.2,41,89
3,0.2,41,5
1,0.2,41,40
2,0.2,41,131
3,0.2,41,26
1,0.2,41,96
2,0.2,41,270
3,0.2,41,52
1,0.2,41,51
2,0.2,41,193
3,0.2,41,30
1,0.2,41,262
2,0.2,41,521
3,0.2,41,194
1,0.2,41,39
2,0.2,41,215
3,0.2,41,27
1,0.2,41,39
2,0.2,41,151
3,0.2,41,21
1,0.2,41,115
2,0.2,41,267
3,0.2,41,98
1,0.2,41,74
2,0.2,41,217
3,0.2,41,44
1,0.2,41,112
2,0.2,41,329
3,0.2,41,68
1,0.2,41,16
2,0.2,41,127
3,0.2,41,6
1,0.2,41,6
2,0.2,41,37
3,0.2,41,2
1,0.2,41,22
2,0.2,41,165
3,0.2,41,16
1,0.2,41,190
2,0.2,41,399
3,0.2,41,145
1,0.2,41,45
2,0.2,41,174
3,0.2,41,31
1,0.2,41,65
2,0.2,41,271
3,0.2,41,35
1,0.2,41,43
2,0.2,41,179
3,0.2,41,24
1,0.2,41,29
2,0.2,41,157
3,0.2,41,19
1,0.2,41,22
2,0.2,41,74
3,0.2,41,10
1,0.2,41,79
2,0.2,41,199
3,0.2,41,58
1,0.2,41,27
2,0.2,41,187
3,0.2,41,25
1,0.2,41,66
2,0.2,41,197
3,0.2,41,47
1,0.2,41,7
2,0.2,41,47
3,0.2,41,6
1,0.2,41,34
2,0.2,41,211
3,0.2,41,18
1,0.2,41,172
2,0.2,41,487
3,0.2,41,100
1,0.2,41,5
2,0.2,41,40
3,0.2,41,1
1,0.2,41,134
2,0.2,41,393
3,0.2,41,89
1,0.2,41,29
2,0.2,41,184
3,0.2,41,15
1,0.2,41,70
2,0.2,41,207
3,0.2,41,42
1,0.2,81,69
2,0.2,81,238
3,0.2,81,41
1,0.2,81,48
2,0.2,81,206
3,0.2,81,23
1,0.2,81,28
2,0.2,81,114
3,0.2,81,15
1,0.2,81,118
2,0.2,81,300
3,0.2,81,77
1,0.2,81,20
2,0.2,81,99
3,0.2,81,8
1,0.2,81,167
2,0.2,81,271
3,0.2,81,140
1,0.2,81,100
2,0.2,81,257
3,0.2,81,66
1,0.2,81,52
2,0.2,81,112
3,0.2,81,42
1,0.2,81,265
2,0.2,81,548
3,0.2,81,221
1,0.2,81,15
2,0.2,81,77
3,0.2,81,8
1,0.2,81,477
2,0.2,81,887
3,0.2,81,318
1,0.2,81,42
2,0.2,81,144
3,0.2,81,21
1,0.2,81,161
2,0.2,81,267
3,0.2,81,133
1,0.2,81,64
2,0.2,81,174
3,0.2,81,42
1,0.2,81,227
2,0.2,81,446
3,0.2,81,173
1,0.2,81,194
2,0.2,81,230
3,0.2,81,187
1,0.2,81,112
2,0.2,81,230
3,0.2,81,90
1,0.2,81,116
2,0.2,81,250
3,0.2,81,81
1,0.2,81,29
2,0.2,81,121
3,0.2,81,36
1,0.2,81,303
2,0.2,81,679
3,0.2,81,219
1,0.2,81,167
2,0.2,81,488
3,0.2,81,93
1,0.2,81,90
2,0.2,81,288
3,0.2,81,51
1,0.2,81,8
2,0.2,81,46
3,0.2,81,5
1,0.2,81,80
2,0.2,81,230
3,0.2,81,51
1,0.2,81,164
2,0.2,81,344
3,0.2,81,108
1,0.2,81,34
2,0.2,81,125
3,0.2,81,17
1,0.2,81,38
2,0.2,81,137
3,0.2,81,26
1,0.2,81,36
2,0.2,81,118
3,0.2,81,23
1,0.2,81,88
2,0.2,81,398
3,0.2,81,42
1,0.2,81,67
2,0.2,81,219
3,0.2,81,36
1,0.2,81,137
2,0.2,81,273
3,0.2,81,96
1,0.2,81,43
2,0.2,81,270
3,0.2,81,17
1,0.2,81,65
2,0.2,81,228
3,0.2,81,36
1,0.2,81,42
2,0.2,81,162
3,0.2,81,25
1,0.2,81,37
2,0.2,81,171
3,0.2,81,21
1,0.2,81,49
2,0.2,81,123
3,0.2,81,37
1,0.2,81,136
2,0.2,81,343
3,0.2,81,97
1,0.2,81,157
2,0.2,81,336
3,0.2,81,124
1,0.2,81,20
2,0.2,81,211
3,0.2,81,6
1,0.2,81,292
2,0.2,81,788
3,0.2,81,166
1,0.2,81,92
2,0.2,81,220
3,0.2,81,65
1,0.2,81,129
2,0.2,81,373
3,0.2,81,90
1,0.2,81,31
2,0.2,81,72
3,0.2,81,17
1,0.2,81,15
2,0.2,81,72
3,0.2,81,7
1,0.2,81,76
2,0.2,81,207
3,0.2,81,61
1,0.2,81,136
2,0.2,81,321
3,0.2,81,111
1,0.2,81,17
2,0.2,81,85
3,0.2,81,15
1,0.2,81,141
2,0.2,81,337
3,0.2,81,101
1,0.2,81,68
2,0.2,81,362
3,0.2,81,41
1,0.2,81,46
2,0.2,81,257
3,0.2,81,13
1,0.2,81,10
2,0.2,81,69
3,0.2,81,6
1,0.2,81,18
2,0.2,81,78
3,0.2,81,9
1,0.2,81,29
2,0.2,81,176
3,0.2,81,11
1,0.2,81,84
2,0.2,81,194
3,0.2,81,53
1,0.2,81,17
2,0.2,81,77
3,0.2,81,11
1,0.2,81,69
2,0.2,81,223
3,0.2,81,41
1,0.2,81,82
2,0.2,81,198
3,0.2,81,60
1,0.2,81,45
2,0.2,81,210
3,0.2,81,28
1,0.2,81,19
2,0.2,81,96
3,0.2,81,5
1,0.2,81,186
2,0.2,81,403
3,0.2,81,132
1,0.2,81,115
2,0.2,81,292
3,0.2,81,81
1,0.2,81,64
2,0.2,81,132
3,0.2,81,55
1,0.2,81,86
2,0.2,81,180
3,0.2,81,68
1,0.2,81,270
2,0.2,81,586
3,0.2,81,210
1,0.2,81,117
2,0.2,81,291
3,0.2,81,88
1,0.2,81,83
2,0.2,81,229
3,0.2,81,63
1,0.2,81,70
2,0.2,81,192
3,0.2,81,47
1,0.2,81,61
2,0.2,81,221
3,0.2,81,44
1,0.2,81,28
2,0.2,81,111
3,0.2,81,17
1,0.2,81,265
2,0.2,81,532
3,0.2,81,205
1,0.2,81,119
2,0.2,81,284
3,0.2,81,86
1,0.2,81,43
2,0.2,81,124
3,0.2,81,24
1,0.2,81,56
2,0.2,81,172
3,0.2,81,41
1,0.2,81,57
2,0.2,81,205
3,0.2,81,23
1,0.2,81,41
2,0.2,81,125
3,0.2,81,32
1,0.2,81,136
2,0.2,81,251
3,0.2,81,103
1,0.2,81,21
2,0.2,81,103
3,0.2,81,10
1,0.2,81,73
2,0.2,81,240
3,0.2,81,50
1,0.2,81,246
2,0.2,81,448
3,0.2,81,186
1,0.2,81,89
2,0.2,81,231
3,0.2,81,41
1,0.2,81,103
2,0.2,81,310
3,0.2,81,60
1,0.2,81,47
2,0.2,81,288
3,0.2,81,18
1,0.2,81,14
2,0.2,81,71
3,0.2,81,6
1,0.2,81,15
2,0.2,81,107
3,0.2,81,10
1,0.2,81,162
2,0.2,81,314
3,0.2,81,126
1,0.2,81,81
2,0.2,81,299
3,0.2,81,49
1,0.2,81,37
2,0.2,81,121
3,0.2,81,12
1,0.2,81,54
2,0.2,81,224
3,0.2,81,29
1,0.2,81,52
2,0.2,81,231
3,0.2,81,35
1,0.2,81,25
2,0.2,81,98
3,0.2,81,8
1,0.2,81,206
2,0.2,81,499
3,0.2,81,142
1,0.2,81,28
2,0.2,81,117
3,0.2,81,11
1,0.2,81,61
2,0.2,81,154
3,0.2,81,41
1,0.2,81,19
2,0.2,81,117
3,0.2,81,8
1,0.2,81,30
2,0.2,81,127
3,0.2,81,20
1,0.2,81,328
2,0.2,81,514
3,0.2,81,268
1,0.2,81,55
2,0.2,81,154
3,0.2,81,37
1,0.2,81,90
2,0.2,81,216
3,0.2,81,77
1,0.2,81,55
2,0.2,81,251
3,0.2,81,24
1,0.2,81,104
2,0.2,81,288
3,0.2,81,71
1,0.2,101,8
2,0.2,101,57
3,0.2,101,5
1,0.2,101,21
2,0.2,101,194
3,0.2,101,13
1,0.2,101,11
2,0.2,101,33
3,0.2,101,7
1,0.2,101,30
2,0.2,101,128
3,0.2,101,11
1,0.2,101,5
2,0.2,101,27
3,0.2,101,1
1,0.2,101,54
2,0.2,101,154
3,0.2,101,35
1,0.2,101,34
2,0.2,101,164
3,0.2,101,18
1,0.2,101,109
2,0.2,101,282
3,0.2,101,73
1,0.2,101,92
2,0.2,101,207
3,0.2,101,66
1,0.2,101,36
2,0.2,101,75
3,0.2,101,30
1,0.2,101,41
2,0.2,101,125
3,0.2,101,25
1,0.2,101,24
2,0.2,101,142
3,0.2,101,15
1,0.2,101,39
2,0.2,101,101
3,0.2,101,32
1,0.2,101,14
2,0.2,101,69
3,0.2,101,10
1,0.2,101,70
2,0.2,101,203
3,0.2,101,43
1,0.2,101,266
2,0.2,101,376
3,0.2,101,223
1,0.2,101,174
2,0.2,101,263
3,0.2,101,151
1,0.2,101,44
2,0.2,101,79
3,0.2,101,41
1,0.2,101,8
2,0.2,101,40
3,0.2,101,5
1,0.2,101,269
2,0.2,101,658
3,0.2,101,154
1,0.2,101,104
2,0.2,101,292
3,0.2,101,65
1,0.2,101,23
2,0.2,101,92
3,0.2,101,15
1,0.2,101,10
2,0.2,101,38
3,0.2,101,4
1,0.2,101,39
2,0.2,101,224
3,0.2,101,15
1,0.2,101,22
2,0.2,101,176
3,0.2,101,8
1,0.2,101,60
2,0.2,101,228
3,0.2,101,62
1,0.2,101,72
2,0.2,101,163
3,0.2,101,46
1,0.2,101,73
2,0.2,101,255
3,0.2,101,46
1,0.2,101,169
2,0.2,101,308
3,0.2,101,133
1,0.2,101,32
2,0.2,101,140
3,0.2,101,12
1,0.2,101,14
2,0.2,101,160
3,0.2,101,6
1,0.2,101,44
2,0.2,101,180
3,0.2,101,24
1,0.2,101,115
2,0.2,101,381
3,0.2,101,68
1,0.2,101,78
2,0.2,101,210
3,0.2,101,51
1,0.2,101,77
2,0.2,101,778
3,0.2,101,18
1,0.2,101,109
2,0.2,101,223
3,0.2,101,93
1,0.2,101,118
2,0.2,101,269
3,0.2,101,86
1,0.2,101,27
2,0.2,101,97
3,0.2,101,19
1,0.2,101,59
2,0.2,101,273
3,0.2,101,37
1,0.2,101,94
2,0.2,101,292
3,0.2,101,66
1,0.2,101,48
2,0.2,101,150
3,0.2,101,39
1,0.2,101,51
2,0.2,101,164
3,0.2,101,33
1,0.2,101,55
2,0.2,101,149
3,0.2,101,36
1,0.2,101,10
2,0.2,101,31
3,0.2,101,4
1,0.2,101,148
2,0.2,101,274
3,0.2,101,112
1,0.2,101,146
2,0.2,101,371
3,0.2,101,89
1,0.2,101,81
2,0.2,101,356
3,0.2,101,51
1,0.2,101,99
2,0.2,101,232
3,0.2,101,75
1,0.2,101,29
2,0.2,101,230
3,0.2,101,16
1,0.2,101,24
2,0.2,101,70
3,0.2,101,18
1,0.2,101,5
2,0.2,101,49
3,0.2,101,3
1,0.2,101,17
2,0.2,101,62
3,0.2,101,10
1,0.2,101,41
2,0.2,101,107
3,0.2,101,33
1,0.2,101,177
2,0.2,101,337
3,0.2,101,140
1,0.2,101,63
2,0.2,101,167
3,0.2,101,51
1,0.2,101,50
2,0.2,101,182
3,0.2,101,33
1,0.2,101,71
2,0.2,101,200
3,0.2,101,49
1,0.2,101,36
2,0.2,101,141
3,0.2,101,24
1,0.2,101,104
2,0.2,101,315
3,0.2,101,63
1,0.2,101,22
2,0.2,101,84
3,0.2,101,15
1,0.2,101,27
2,0.2,101,137
3,0.2,101,13
1,0.2,101,258
2,0.2,101,533
3,0.2,101,202
1,0.2,101,0
2,0.2,101,0
3,0.2,101,0
1,0.2,101,22
2,0.2,101,97
3,0.2,101,13
1,0.2,101,28
2,0.2,101,115
3,0.2,101,20
1,0.2,101,34
2,0.2,101,130
3,0.2,101,20
1,0.2,101,41
2,0.2,101,129
3,0.2,101,25
1,0.2,101,155
2,0.2,101,299
3,0.2,101,117
1,0.2,101,36
2,0.2,101,169
3,0.2,101,122
1,0.2,101,199
2,0.2,101,240
3,0.2,101,202
1,0.2,101,239
2,0.2,101,529
3,0.2,101,182
1,0.2,101,87
2,0.2,101,181
3,0.2,101,67
1,0.2,101,82
2,0.2,101,248
3,0.2,101,53
1,0.2,101,35
2,0.2,101,231
3,0.2,101,16
1,0.2,101,44
2,0.2,101,168
3,0.2,101,29
1,0.2,101,116
2,0.2,101,269
3,0.2,101,89
1,0.2,101,42
2,0.2,101,191
3,0.2,101,27
1,0.2,101,173
2,0.2,101,290
3,0.2,101,135
1,0.2,101,111
2,0.2,101,321
3,0.2,101,76
1,0.2,101,79
2,0.2,101,190
3,0.2,101,62
1,0.2,101,196
2,0.2,101,370
3,0.2,101,167
1,0.2,101,3
2,0.2,101,30
3,0.2,101,3
1,0.2,101,67
2,0.2,101,254
3,0.2,101,64
1,0.2,101,62
2,0.2,101,204
3,0.2,101,40
1,0.2,101,121
2,0.2,101,310
3,0.2,101,73
1,0.2,101,38
2,0.2,101,60
3,0.2,101,32
1,0.2,101,69
2,0.2,101,200
3,0.2,101,52
1,0.2,101,115
2,0.2,101,305
3,0.2,101,88
1,0.2,101,24
2,0.2,101,141
3,0.2,101,10
1,0.2,101,118
2,0.2,101,352
3,0.2,101,89
1,0.2,101,171
2,0.2,101,368
3,0.2,101,146
1,0.2,101,51
2,0.2,101,162
3,0.2,101,32
1,0.2,101,104
2,0.2,101,174
3,0.2,101,74
1,0.2,101,5
2,0.2,101,37
3,0.2,101,4
1,0.2,101,205
2,0.2,101,475
3,0.2,101,144
1,0.2,101,198
2,0.2,101,336
3,0.2,101,157
1,0.2,101,69
2,0.2,101,157
3,0.2,101,50
1,0.2,101,60
2,0.2,101,163
3,0.2,101,42
1,0.2,101,78
2,0.2,101,238
3,0.2,101,51
1,0.2,101,145
2,0.2,101,335
3,0.2,101,107
1,0.2,201,35
2,0.2,201,80
3,0.2,201,30
1,0.2,201,15
2,0.2,201,42
3,0.2,201,12
1,0.2,201,8
2,0.2,201,32
3,0.2,201,4
1,0.2,201,15
2,0.2,201,69
3,0.2,201,10
1,0.2,201,15
2,0.2,201,63
3,0.2,201,11
1,0.2,201,379
2,0.2,201,585
3,0.2,201,301
1,0.2,201,124
2,0.2,201,259
3,0.2,201,92
1,0.2,201,8
2,0.2,201,50
3,0.2,201,5
1,0.2,201,277
2,0.2,201,476
3,0.2,201,229
1,0.2,201,24
2,0.2,201,211
3,0.2,201,14
1,0.2,201,4
2,0.2,201,27
3,0.2,201,1
1,0.2,201,19
2,0.2,201,111
3,0.2,201,9
1,0.2,201,46
2,0.2,201,162
3,0.2,201,35
1,0.2,201,259
2,0.2,201,406
3,0.2,201,216
1,0.2,201,15
2,0.2,201,33
3,0.2,201,14
1,0.2,201,110
2,0.2,201,258
3,0.2,201,91
1,0.2,201,140
2,0.2,201,283
3,0.2,201,120
1,0.2,201,232
2,0.2,201,342
3,0.2,201,198
1,0.2,201,7
2,0.2,201,51
3,0.2,201,4
1,0.2,201,38
2,0.2,201,139
3,0.2,201,26
1,0.2,201,77
2,0.2,201,254
3,0.2,201,51
1,0.2,201,5
2,0.2,201,21
3,0.2,201,3
1,0.2,201,23
2,0.2,201,72
3,0.2,201,15
1,0.2,201,63
2,0.2,201,337
3,0.2,201,34
1,0.2,201,163
2,0.2,201,329
3,0.2,201,138
1,0.2,201,11
2,0.2,201,32
3,0.2,201,5
1,0.2,201,94
2,0.2,201,184
3,0.2,201,70
1,0.2,201,205
2,0.2,201,409
3,0.2,201,160
1,0.2,201,304
2,0.2,201,488
3,0.2,201,269
1,0.2,201,3
2,0.2,201,68
3,0.2,201,3
1,0.2,201,21
2,0.2,201,70
3,0.2,201,14
1,0.2,201,81
2,0.2,201,258
3,0.2,201,51
1,0.2,201,13
2,0.2,201,61
3,0.2,201,12
1,0.2,201,24
2,0.2,201,52
3,0.2,201,20
1,0.2,201,118
2,0.2,201,346
3,0.2,201,70
1,0.2,201,352
2,0.2,201,472
3,0.2,201,320
1,0.2,201,132
2,0.2,201,186
3,0.2,201,117
1,0.2,201,13
2,0.2,201,135
3,0.2,201,3
1,0.2,201,89
2,0.2,201,367
3,0.2,201,45
1,0.2,201,125
2,0.2,201,216
3,0.2,201,113
1,0.2,201,5
2,0.2,201,11
3,0.2,201,3
1,0.2,201,101
2,0.2,201,189
3,0.2,201,90
1,0.2,201,126
2,0.2,201,248
3,0.2,201,96
1,0.2,201,20
2,0.2,201,48
3,0.2,201,18
1,0.2,201,38
2,0.2,201,76
3,0.2,201,34
1,0.2,201,40
2,0.2,201,109
3,0.2,201,28
1,0.2,201,33
2,0.2,201,114
3,0.2,201,23
1,0.2,201,121
2,0.2,201,217
3,0.2,201,101
1,0.2,201,116
2,0.2,201,307
3,0.2,201,90
1,0.2,201,26
2,0.2,201,70
3,0.2,201,21
1,0.2,201,19
2,0.2,201,44
3,0.2,201,12
1,0.2,201,6
2,0.2,201,48
3,0.2,201,3
1,0.2,201,83
2,0.2,201,387
3,0.2,201,44
1,0.2,201,75
2,0.2,201,162
3,0.2,201,57
1,0.2,201,17
2,0.2,201,50
3,0.2,201,14
1,0.2,201,80
2,0.2,201,201
3,0.2,201,55
1,0.2,201,52
2,0.2,201,148
3,0.2,201,41
1,0.2,201,72
2,0.2,201,166
3,0.2,201,54
1,0.2,201,38
2,0.2,201,179
3,0.2,201,22
1,0.2,201,20
2,0.2,201,42
3,0.2,201,18
1,0.2,201,99
2,0.2,201,263
3,0.2,201,67
1,0.2,201,66
2,0.2,201,230
3,0.2,201,46
1,0.2,201,1
2,0.2,201,4
3,0.2,201,1
1,0.2,201,80
2,0.2,201,221
3,0.2,201,53
1,0.2,201,48
2,0.2,201,112
3,0.2,201,34
1,0.2,201,93
2,0.2,201,194
3,0.2,201,73
1,0.2,201,41
2,0.2,201,96
3,0.2,201,28
1,0.2,201,57
2,0.2,201,201
3,0.2,201,38
1,0.2,201,50
2,0.2,201,121
3,0.2,201,40
1,0.2,201,118
2,0.2,201,145
3,0.2,201,121
1,0.2,201,0
2,0.2,201,10
3,0.2,201,0
1,0.2,201,139
2,0.2,201,255
3,0.2,201,113
1,0.2,201,13
2,0.2,201,71
3,0.2,201,9
1,0.2,201,41
2,0.2,201,217
3,0.2,201,10
1,0.2,201,59
2,0.2,201,191
3,0.2,201,35
1,0.2,201,57
2,0.2,201,208
3,0.2,201,40
1,0.2,201,28
2,0.2,201,121
3,0.2,201,18
1,0.2,201,1
2,0.2,201,25
3,0.2,201,1
1,0.2,201,61
2,0.2,201,184
3,0.2,201,38
1,0.2,201,121
2,0.2,201,257
3,0.2,201,99
1,0.2,201,111
2,0.2,201,239
3,0.2,201,90
1,0.2,201,96
2,0.2,201,260
3,0.2,201,65
1,0.2,201,36
2,0.2,201,148
3,0.2,201,22
1,0.2,201,48
2,0.2,201,261
3,0.2,201,29
1,0.2,201,109
2,0.2,201,264
3,0.2,201,76
1,0.2,201,568
2,0.2,201,721
3,0.2,201,522
1,0.2,201,44
2,0.2,201,90
3,0.2,201,28
1,0.2,201,57
2,0.2,201,109
3,0.2,201,43
1,0.2,201,4
2,0.2,201,12
3,0.2,201,4
1,0.2,201,53
2,0.2,201,144
3,0.2,201,44
1,0.2,201,0
2,0.2,201,114
3,0.2,201,0
1,0.2,201,45
2,0.2,201,144
3,0.2,201,31
1,0.2,201,201
2,0.2,201,336
3,0.2,201,181
1,0.2,201,9
2,0.2,201,89
3,0.2,201,5
1,0.2,201,8
2,0.2,201,44
3,0.2,201,4
1,0.2,201,81
2,0.2,201,175
3,0.2,201,64
1,0.2,201,7
2,0.2,201,36
3,0.2,201,5
1,0.2,201,127
2,0.2,201,277
3,0.2,201,83
1,0.2,201,24
2,0.2,201,86
3,0.2,201,15
1,0.2,201,242
2,0.2,201,505
3,0.2,201,176
